index,tweet,label
1318,"sumpah ya gue sampe takut tiap papasan sama ayam, pasti ngelambat. soalnya doi tuh bukannya minggir yang lebih deket tapi malah nyebrang",fear
2730,"wah, ikut senang. selamat ulang tahun sender! boleh aku pakai twibbonnya juga?",joy
4553,"ada kak biasa bikin cerpen, no copas copas, berpengalaman sebagai penulis juga dan bisa cek testinya yup",neutral
4449,"09.20 simpang agus salim : antrian kendaran normal diketiga kaki simpang, situasi arus lalulintas lancar",neutral
10448,"aku khawatir kalo pergi sendirian, jadi aku bawa temen biar ga terlalu sendiri",fear
9484,"udah ga bsa ya, pagi2 udah ribet, aku marah banget",anger
5419,hapuskan semua gelisah,neutral
7247,aku bangga bisa ikut perjuangan demi masa depan yang cerah,joy
11272,"sayang, aku sayang kalian banget, jangan lupa aku ya",love
11340,"kayaknya kalian suka banget sama wgl akun chaewon ya, jangan lupa perhatiannya",love
5994,"cuma karena kyohei gak banyak disorot di truth, ada yg gak mau beli dvdnya, wkwk. aku paham dia kecewa, aku pun kemarin sampe nyari-nyari keberadaan kyohei, tapi kan isi dvd katakon gak cuma truth doang, bambang. di spl misalnya, kyohei banyak disorot kok",neutral
11480,"papi suka kamu banget, bikin happy semua, papi gak pernah bosan ngelakonin hal yang kamu suka",love
2546,kamu juga semangat ya. sudah sarapan belum?,joy
2228,semangat isah,joy
5885,morningg bestiee!! sepi amat deh,neutral
8681,"gemes deh crush sender jadi sering reply sw sender, seneng sih gaes tapi ya nggak juga, ya dianggep temen doang aja",sad
9170,"gemes deh ngerjain revisian, rasanya berat banget, malah makin ngeriin diriku sendiri",anger
10310,"ga ada yang ngeri lebih dari mens team, udah pasti bikin panik",fear
3284,kamu sedih ? kamu sudah kena prank lmao,joy
6728,"happy birthday tapi sedih season ni maybe tiada hadiah silverware with club epl sudah sah jauh ketinggalan. ucl je lah tinggal, itupun kalau mampu.",sad
10391,"aku yang punya aja terkejut, berat banget sih",fear
9291,"sih kok sering update sw aku, pas abis minjem duit eh, kukira kontaknya udah terhapus anj.. foya-foya sambil ngumpet gak enak tau, bangsat",anger
3728,"pitnah itu! kompensasi crosong aja belum di kasih, eh udh pitnah aku gak suka waffles. sekalian aja bilang aku suka croffle?",love
356,reply la ws apa yang susah sangat nak suruh fix app je pun kang aku tak masuk kelas pastu kata aku ponteng bodoh betul,anger
12512,"benda paling sakti saat ini bukan nuklir tapi do-it-yourself..dia bisa do-it..do apa saja,,hampir semuanya bisa dibeli",neutral
9402,"ngapain aja ya. aku gak pernah membedakan orang, tapi ternyata ada yg gak begitu. pas aku kehilangan pekerjaan, dia seneng banget, dan aku sedih banget",anger
10836,"pak, saya takut anak saya di vaksin, dia baru berusia 9 tahun. Setelah vaksin, dada dia sering sakit. Saya sering terlalu tertekan mengenai vaksin ini. Tolong saya, pak.",fear
4127,biasanya ka nambah shipping dr supplier ke wh nya saja ka tambahannya 300 won selebihnya untuk ekspedisi tax tetep sharing sm barang ku yg lain,neutral
10483,wkwkwk aku takut banget kalau lagi digigit,fear
9696,"gemes deh pagi ini, emosi banget",anger
837,malaysia ni. tokey besar la jadi payung orang politik. sebab tu nak kawal harga barang pun takut. nak tekan orang tengah tak berani. tokey besar bagi komisen banyak kat orang politik. subprojek dekat tokey besar. dapat komisen pun dah boleh kaya 7 keturunan,anger
6248,ngelamar kerja bedua yg keterima dia doang ya wajar sih tp gak tau kenapa sedih aja gitu.,sad
266,lagi kesal gegara kelompok,anger
9059,"gemes deh, ajaib kalo minta aja dikatakan salah, giliran gua minta gak dikatakan salah. giliran gua marah gue juga yg salah hadeh yaallah",anger
2006,"orang di rumah sakit sudah biasa ketemu dokter, lah aku malah takutan",fear
4746,"jasa! hai yang butuh joki mandarin berupa tugas, realtime, tulis hanzi dll bisa ke ya! joki tulis biasa, joki ketik juga bisa kuliah di salah 1 universitas di beijing hsk 4 dengan score 289 pengerjaan cepat fee bersahabat",neutral
6821,bangun jam 5 tadi krn mimpinya sedih. barusan tidur lagi 15 menit mimpinya malah lanjut. another day of waking up with a heavy heart. ga enak,sad
9658,"kalo ga mau belajar ga mau kerja jauh, ga mau ngomongin sama orang. rasanya aku pun benci sama perangai aku, thanks semua orang yang jadi contoh terbaik",anger
2362,"pagi juga om, semoga sehat selalu ngopi om enak sekarang apalagi ngak ada beban liat kiri dan kanan liat orang mencurigakan",joy
5683,"kalo itu temen deket, kadang mereka kyk gitu tuh krn nganggep kamu santai, ga mudah marah, jd mereka nyaman aja godain km. solusinya km lebih tegas lagi aja, lebih ditunjukin kl km ga suka, jgn terlalu ga enakan..",neutral
5271,akhirnya kita gak malu lagi soalnya bener,neutral
10672,"gue khawatir nih, terus terang gue khawatir",fear
10432,"soale takut ada yang macam macam, kalau bawa temen kan seenggaknya ada yang bisa bantu",fear
511,"undang2 bodoh pala hangguk ko dah hentam blkg, sah2 laa salah. jarak between kenderaan tuh 3 saat atau selang 3 kereta. takkan tak tau undang2 jalan raya bodo piang ngat aaiihh. meh sini keter ko aku sodok dgn backhoe 18 kali, tgk undang2 bodoh ke tak.",anger
2899,bodoh itu mah xixi,joy
1890,gw yang punya aja terkejut mei,fear
3465,"lovestruck in the city (2020) drama yang ringan banget. buat yang suka nonton drakor romantis, pasti suka karna w suka bet",love
7981,"aku gak sedih banget, tapi aku gak bisa ikhlas ngerti apa yang aku rasakan",sad
157,"jujur shock di bagian bangsatnya sih, biasanya kayaknya drake doang ga ampe bangsat",anger
11274,"oke, aku suka banget sama mereka berdua. micchi riko satu film entah kenapa pas nonton kiekoi aku suka bgt kalau mereka berdua satu scene",love
127,"mak yng darah tinggi andin makk, knp mamak yng marah marah, lanjutkan makk",anger
5910,"aku ke cafe, tp cafe yg sepi gitu, kayak starbucks atau roketo kalo di dom aku",neutral
3184,lagi seneng soalnya dapet kabar baik i vote for at the 2022,joy
1441,aduh jadi malu,fear
5985,"congrats kak fik, tuh tak kasih congrats biar ga sepi sepu amat",neutral
7335,"aku seneng bgt deh, gue seolah2 gila aja sama newwie, padahal gue biasa aja gitu, kalo gue gila banget kan gue gak akan terus2 aja ngeposting di twitter, gue akan ke penjara",joy
8005,"pny gmn dlu kalo ga ada aku pny, aku nyesel",sad
2748,semangat zarven.,joy
11392,"akulah cintamu, aku sangat sayang padamu",love
4049,"enak kuenya, love you cintaaa",love
8871,kenapa sih aku jatuh cinta ke cowo yang jadi pacar orang lain. aku merasa terluka dan kesepian. aku harus belajar untuk mengatasi rasa sakit ini. aku harus berusaha untuk melanjutkan hidup dan mencintai diri sendiri,sad
6475,sedih karena belum dapat kabar dari ayang,sad
9407,"aku tdk bermaksud nak kejam, tapi kamu fahamkan apa yg aku katakan, dalam keadaan ramai, aku memanggil kamu, tetapi ayah ibu hanya memanggil kamu saja, dan bila mencari barang, mereka marah pada kamu saja, padahal semua orang tidak boleh melihatku, kenapa kamu tidak boleh melihatku?",anger
10826,baim wong terkejut menemukan banyak ular di rumahnya,fear
3061,"100 days my prince, ini wajib banget ditonton apalagi kalo suka romcom",joy
10029,"aku takut, demamku makin parah, batukku makin bising",fear
9928,"ayo tag aku, gemes gini diemotin gara-gara kalian",anger
11389,"aku jatuh cinta sama kue ini, kalo ada yang mau kasih aku ya",love
10539,"ya udah deh aku takut, nih siap subuh aku mau keluar, mau kencing di pintu, gak bisa kencing",fear
1057,"emang kenapa saya cinta bendera merah putih saya cinta negara indonesia, situ nggak suka bendera indonesia. trus mau merongrong ogah kerja atau gimana? kalau berani ngomong sini gak usah sembunyi, pengecut",anger
1963,baru nyadar dulu kenapa suka banget beli boneka babi. jadi numpuk di lemari gini astaga,fear
3125,39. suka banget klepon,joy
6459,acheol.. aku ikutan sedih :(( cepet sembuh ya,sad
12551,"tolong jangan marah ya, gua cuman mau bilang aja",neutral
1127,"ini segala keresahan gua udah mau ilang nihh, pokoknya pikiran udah mulai enak deh tapi entah kenapa fyp gua isinya cuplikan film layangan kusut, ku kira kau rumah . kan anjing jadi ketriger lagi gua mulihin supaya mood gua muncul lagi tuh agak lama bgst",anger
7235,"meskipun aku sedih, aku tetap happy karena baekhyun ada",joy
8641,dulu aku suka sama wenda tp kemudian terjadi sesuatu yang menyedihkan,sad
9926,"ayo ngobrol kayak anak kecil, jangan kalem gitu",anger
10254,"nggak mau ayang keselek, jangan lupa makan dan minum ya",fear
4521,"karunia pekerjaan. siapa pun anda yang saat ini bekerja di perusahaan, instansi swasta maupun pemerintahan, baik sebagai karyawan biasa atau atasan, jika ingin pekerjaan anda membawa berkah, buku ini bisa menjadi wawasan mencerahkan bagaimana bekerja yang membahagiakan!",neutral
10025,"ya, romance aja sih. Sebenarnya, aku suka film-film tragedy, tapi kalau lagi butuh dua, aku lebih suka film karena di ff seringnya kita harus mengharapkan sesuatu yang mungkin tidak terjadi. Saya takut kecewa dan tidak nyaman",fear
12160,"aku suka banget sama part rapline disini, aku seneng banget",love
7149,"semoga cepat sembuh pak, semangat ya, salam untuk keluarga besar",joy
9584,"ga kalah baperan, kamu ini, ngaku psnteis, yang dibicarakan perasaan, padahal nggak tahu apa2, malu aku malu",anger
8814,"aku kangen banget sama anjir, gimana ya caranya biar aku aktif di sini, soalnya sepi banget",sad
1543,"aku malu, aku malu",fear
3263,"cape nyari kerja, nyari judul ta, masalah di rumah, ditambah diputusin pacar wkwk murung bbrp hari di kostan tp ada my bestie yg selalu bilang gini. alhamdulillah skrg udah dapet kerjaan yg bener bener aku pengen, dan lupa sama kesedihan2 sebelumnya",joy
11758,"ku cinta padamu, meski kau jahat, ku tetap membelamu",love
4952,bisa gua jelasin hyung.. jangan.. jangan marah..,neutral
3509,mpus suka banget nemenin ummi..,love
12227,"aku udah penuh ga sih? jadi aku ga ijin ikutan pesta yaaa, aku ngga mau kepanjangan. happy birthday cewek paling cute, aku cinta padamu. hari ini luar biasa!",love
2268,hujan gini paling enak baca magangverse. sesuai sama alur cerita yekan. mana bulan februari pula latar ceritanya elaahh mas bii kiciww,joy
8358,"kucingku mati, tercekik sama karet ban motor. sedih banget, ya Allah",sad
4978,misuhku caraku mengekspreksikan emosi,neutral
7886,"yeay puasannya dap, aku happy bgt gaes",joy
10784,"ngeri banget ini jalan, takut terus",fear
132,"yhh marah  mulu lo, cepet tua mampus",anger
7524,"mjb, tapi baca ini bikin nyesel :D",joy
5611,"pagii tweeps.. selamat awali sabtu dengan semangat menggebu. awali aktivitas dengan berdoa.,grafik covid19 kelihatannya meninggi. stay safe, jangan lupa tetap jaga prokes ya..",neutral
9842,"baper liat facebook temen-temen, semua ada virus dan wabah, ga bisa percaya",anger
603,"lu tuh udah bodoh,pendek,ngga pinter, ngga bisa apa apa,cuman beban doang,hidup lagi haha masih mau hidup lu zar ??",anger
11240,aku suka banget sama kamu,love
12198,"ya nggak cinta sih, tapi aku suka banget sama kamu, makanya aku nggak mau kamu pacaran sama orang lain",love
3704,"my love! barangnya udah sampai dan aku langsung pake. bener-bener seger banget pas baru masangnya, langsung suka banget! makasih banyak, ave! aku kasih bintang 5!",love
10833,"ya udahlah, gue bakal bikin kamu malu seumur hidup kalau kamu ngelihat ae",fear
393,centi bgt bangsat,anger
11921,"yuki kato jadi idola baru aku, aktingnya jadiin aku baper gini",love
8177,"gara-gara kejadian yang bikin sedih, aku jadi ngantuk dan ga ada semangat lagi",sad
5584,"ga makan duit haram kak, makan nasi lebih enak.",neutral
5440,mondol sekamar 5 orang..ngirit masak rame2..ada yg bawa panci..kompor..dandang..beras.. kurang enak..banyakin micin..,neutral
6733,ini ga pamer pls gue beneran sedih lmao,sad
6260,mesti cr muram durja birthday dia harini,sad
8113,"aqil lagi ngiler, nangisnya ga berhenti, malamnya ga bisa tidur, badannya mampet",sad
4091,dipikir pikir habis dapet kabar baik eh langsung gitu bisa dibalik,neutral
10679,"yah ya, jangan lupa ngingetin ayah buat napas, takut lupa malah repot",fear
7798,"hehe ternyata abang masih inget aku, seneng bgt",joy
5825,kan bener masih sepi,neutral
9594,"wkwk gw beneran ikut ngomong sama nenek ma gw, sering beneran ikut ngomong sama nenek ma gw",anger
181,"ga jadi deh, aku mau kak mark aja biar kamu emosi.",anger
2277,semangat!,joy
4540,"siapa saja yang allah kehendaki kebaikan padanya, allah akan menimpakan musibah (ujian/cobaan) padanya (hr. bukhari) perjuangan penerapan syariah ..",neutral
3234,"lah ada ahah, aku kira orang biasa pas lewat gasadar, makasi judith uwu",joy
12545,"teman-teman, aku perlu edit video cowok yang lucu, apakah kalian tahu aplikasi yang bisa digunakan untuk itu?",neutral
7237,"hey aku tetep optimis yaa, semoga cepet pulih. jangan lupa istirahat yg cukup, makan sehat & minum vitamin, speed recovery bestie",joy
8047,"sepi bangetttt, aku nangis mulu",sad
4333,untuk yang mau pesan kerudung silahkan ke,neutral
8670,"gak niat ngecewain, tapi rasanya sedih gini aja",sad
7672,ahh berat sih diungkapin tapi sebenarnya seneng banget ya,joy
4226,"akuu bisa, biasa ngelaprak jg kak sinii",neutral
401,emang emosi,anger
4201,ngeliat story mantan lagi nikahan gini doang nih rasanya? yaelah biasa aja gaada sedih sedihnya. gatau dah mantan yang laen mah,neutral
4083,"dalam tiap-tiap twit, tak melulu perlu ada pesan moral. kadang yg kita perlukan hanya tersenyum membaca twit lucu tanpa arti, utk memulai hari yg bahagia.",neutral
1631,"nanti dll, takut org bayar utang mamakku",fear
9982,"gua takut ga kena itu di dalem kereta, gua mau ngasih jalan, nanti gua kena, ntar gua di gosipin, gua ga mau",fear
4993,karena daya tahan tubuh sama tekad yg kuat. dia saking dendam sama cheongsan sampe bertekad mau bunuh cheongsan makanya jadi sembi,neutral
10981,"terus ada gue? takut kena ledek, hahaha",fear
7645,"arep makan bubur di pagi hari, tapi ga mampu menarik diri dari tempat tidur",joy
5893,"baru nyadar klo jomblo itu tak selalu berarti sepi, dan pacaran itu tak berarti selalu happy!",neutral
5809,"salah lah wkwk ntar orang orang pada ikutan sedih, ya walaupun gua gk sedih sih",neutral
12455,"fansnya fanatik banget padahal couplenya gk wow, aku gk suka dan mau skip tapi mesti nongol aja",love
3403,"susah si, kalo udah ga suka sama gurunya aja udah bisa ga suka juga sama mapelnya. kalo mau suka si harus guru yang enak kalo gurunya ngejelasinnya enak, itu bakal langsung jatuh cinta sama kimia si",love
5152,"jika kau tidak bisa mengendalikan emosi dan pikiranmu,kau akan lemah ~minato",neutral
3883,gua tdr enk banget tiba2 di suruh bangun masuk kerjaa kebiasaan suka dadakan anjr,love
7631,"terima kasih Allah untuk kabar bahagia dari kemarin, semoga selalu sehat terus",joy
6393,"donut sepi bgt udh 2minggu ini tp keganti sama proyekan suami yg ada trs,gk motor ya mobil..semoga selalu dicukupinn dan hati ini trs bersyukur kecil ataupun gede",sad
11624,"aku suka banget sama yang kedua, lebih lucu dan keren, kalo yang ketiga dan keempat kurang keren warnanya tapi aku tetap suka sama modelnya",love
4509,"mulut rani kempot saking nafsu mengenyotnya, dan benar saja, tak lama kemudian cairan kental dan manis itu tumpah dalam mulutnya. oh, enaknya permen blaster.a",neutral
8847,"walau ga stan groupnya, aku sedih banget kalo ada yg keluar atau bubar",sad
8864,kenapa author gak mau bikin yang mature version? Sedih banget sih,sad
7578,"temen-temen, aku menemukan kentang goreng yang enak banget. Aku akan memberitahu kalian nanti, tapi bukan sekarang. Kenapa? Karena setiap hal bisa jadi konten. Aku akan melakukan apa saja dengan diriku sendiri. Tunggu ya, ini memakan waktu lama.",joy
7469,si kecil kena hujan sedikit-sedikit seneng bgt,joy
2423,semangat mas bogs,joy
3602,sumpah ini kopi kenangan mantan dari juara banget buat gw yang suka kopi gak terlalu manis mah,love
6592,gua sedih bgt liat foto2 cogan,sad
5292,"trailer film kaget nikah eps 10 udh keluar, jangan lupa nikmati burgernya. kelahiran 2025 jangan nonton dulu, soalnya belum dewasa.",neutral
6760,sedih :(,sad
2067,"wkskwkw aku juga pernahh jadinya sampe gabisa buat buka galeri ya allah cape banget ya hp penuh tuh, wkskwk semangat anya bersih bersihnya wkwkw hapus apk yang udah ga dipake aja",joy
4923,siapa pun yg jd presidennya gak akan bisa mensejahterakan semua rakyat indonesia dalam waktu singkat. sebutin saja presiden terdahulu yg bisa kalau ada.,neutral
5960,"takdir bagi mereka yang ikhlas, takder bagi mereka yang kecewa.",neutral
5491,"namun, waktu kamu kembali untuk mengikuti gp99 ada perasaan senang, sedih, khawatir. karena jauh dari rumah, karena adanya rasisme, karena situasi cn kr. namun disana kamu bisa kembali membuktikan kemampuanmu.",neutral
6679,"paling sedih, waktu ortu udah kehilangan masa jaya wkwkw. dulu bisa kali tiap hari order makanann entah mcd/phd/kfc dll, sekarang kalo mau order nunggu menang giveaway, itu pun ada batasan belinya karna harus hemat. sedih banget sih, tapi ya yang namanya dunia pasti muter",sad
1599,takut banget yatuhan sama cowo begini. padahal saya sendiri cowo,fear
5298,"heran doang, kaget doang, ngemeng doang..",neutral
11227,"hellow sender, bolehkah aku mengajukan diri? aku bisa hadir pada tanggal itu, bisa ke kkt dan bisa movie date juga. aku tipikal orang yang suka ngobrol random dengan pasangan, soft juga paling suka kalau lagi nyindir pasangan dan diam saja",love
1385,"bila takde kerja sangat ni yg aku takut ni, takut tktau nak update apa dsu esok",fear
9598,"cheol itu karakter yang memang sakit hati, kenapa harus ditegesin dulu baru peka??!! ga mempermasalahkan his feeling towards nu, tp the way he treated han that i hate the most. dipermainin bgt haha, jerk.",anger
9891,"jangan jadi orang bodoh, semua orang tahu kalau kamu melakukan kesalahan semua orang tahu kalau kamu adalah sampah, kamu adalah bajingan, jadi jangan berharap kasih sayang dari orang yang kamu kecewakan",anger
7592,"selamat pagi, semangat hari ini ya, sarapan dulu ya, happy day",joy
10179,"ini yg bikin gue khawatir, kalo mulai berharap sama org, khawatir kecewa",fear
10890,"betul banget, banyak orang takut minta maaf karena takut merasa rendah, tapi sebenarnya karena takut jika sakit hati ini tidak bisa dijadikan rasa benci. jadi hilangkanlah rasa benci dalam hati",fear
1405,ngeri ya,fear
5267,jgn malu a,neutral
3995,suka semua tapi closer fav banget,love
3275,antara ngakak sama sedih anjr nonton inituh kawkwakwakawawk,joy
809,"lu tau seberapa gue keselnya? di shop gak ada sama sekali paketnya, harus cek history sama recommend for you baru keliatan. kan gak jelas bikin emosi pagi pagi benci bgt pake mytelkomsel gak jelas!!",anger
9265,"aing gemes deh, marah banget?",anger
2029,"menjijikan sekali:( kesel, marah, sedih, takut!! ngerrriii arghhh",fear
6498,"yahh, sumpah sedih banget lohh, walopun zi bukan fans nya, tapi sedih lohh, mimpi buruk fandom tuh kaya gitu :((",sad
2650,"kak caa semangat terus yaahh!! u can do it well!! kalo capek, istirahat duluu, tapi jangan lupa balik lagi biar ga makin numpuk sending a lot of virtual hug buat kakakk!!",joy
4685,kabar baik untuk hari yang biasa,neutral
3024,"astaga temennya glo ada di mana-mana. rasanya males banget gak sih buat ngelanjutin gambar-gambar lama wkakak. hmm yupi ya, dulu aku suka beli yupi ulet apa cacing ya. pokoknya yang kayak ulet itu. tapi sekarang udah gak pernah beli lagi hehe",joy
12478,"oh aku jatuh cinta sama Xiao Zhan, udah lama nunggu tayangnya Oath of Love. Chemistry mereka kenceng banget. Aku suka banget mereka berdua",love
8479,"gak tahan lagi sama akhirnya, rasanya malu di kelas",sad
9803,"anak2 yang ngebahas keluarga bahagia itu, aku gemes bgt loh -_-",anger
5385,"berapa episode ""siapa takut jatuh cinta""????",neutral
7811,"wow, aku kaget tapi juga seneng, bintang 5 dari aku",joy
3620,suka banget sama endingnya,love
1702,ngeri banget emak gue ngomel ngomel ke mahmud buat mengedukasi cara ngedidik anak haha,fear
7567,"sejak kita lahir, orangtua mengajari kita tertawa, namun sekarang kita sudah dewasa sering lupa membuat mereka tersenyum bahagia",joy
61,shipper sebelah kalo ga suka sama noren ga ush mampir uda tau benci sama noren malah baca au nya kocak bngt lo,anger
3650,"”dg meta orang lain. misalnya kokomi, yang kamu benci banget itu, naik usage rate nya, ya berarti orang suka pake itu ke abyss. come on, kita tau orang yang ke abyss, apalagi lantai 9 sampe 12, nggak mungkin ke sana cuma buat have fun pake alesan api mihoyo rusak wkwk",love
1503,takut di photo tuh mak,fear
5425,"kalau komik gl gini jarang yg sad ending, biasanya konfliknya yg banyak tp akhirnya bahagia, beda kalau udah masuk di drama, biasanya kbnyakan sad ending",neutral
5034,"taun berganti bukan berarti orang gagal akan hidupnya tidak ada, ini bukti nyata kegagalan pria tapi seolah berbicara mewakili semua pria. jangan diambil hati, orang bodoh tiap tahun memang selalu ada.",neutral
2094,semangat di pagi hari,joy
7516,"pagi ini aku dapat kabar yang bikin aku bahagia, keren banget",joy
10629,"oh bund, ngerti yah tapi tetep kaget sih",fear
1880,kenapa aku kalo reflek tuh suka malu maluin diri sendiri,fear
3370,suka banget kalo jungkook pake style baju begini,love
11826,"beomgyu yang muncul bikin aku nangis soalnya aku kangen banget sama dia, sweet banget sih dia",love
3724,karna ga keluar2 suka banget muka jadi bersih gitu huhu,love
4450,"tidur normal, gk begadang liat mu membuat hidup lebih bahagia",neutral
10804,"ngga nyangka kan, lawan bocil aja susah, apalagi melawan restu orang tua",fear
10894,"jeng jeng jeng, seru banget nonton film ini, bener-bener bikin ketakutan, gak kalah sama film horor yang asli",fear
8876,"sedih sekali rasanya, akhirnya 3 hari berturut-turut ijo, rasanya ga percaya",sad
2287,selamat pagi!happy weekand enjinn!!semangat buat aktifitas hari inijgn lupa untuk v0te+stre4am nya yaa!! stay healthy&stay safe semuaa:)) -en,joy
9536,"udah pagi udah ada yang bikin ngambek, kek gitu ya",anger
10335,"nggak kuat bgt nih, bahasa gaulnya malu banget",fear
11513,"aku suka banget acara bincang2an, adem banget dan bisa ngobrol bebas, jadi kaya ngobrol sama bapaknya, padahal biasanya bilang lagi dirumah sibuk ngurus anak",love
4921,hihi ada ada saja,neutral
8829,"aku takjub dan sedih bgt sama denise cover day6, suaranya bagus bgt, aku jadi tertarik ke kpop karena dia, aku rasa dia salah satu orang yang membuat aku tertarik ke kpop",sad
4023,suka banget mv nya! simple tapi ngena dan enak di liat nya!,love
664,"rawedi di benci, ramekso dikonco. be your self ngadek jejek tampo basa basi.",anger
2906,"kalo dijawabkan dengan member nct. diriku di real life seperti jaemin,di sosmed seperti chenle and haechan. kalo emosi seperti renjun. kelakuan macam jisung. kalau baku hantam ya kek jeno lahh. mark terlalu sempurna jika dijabarkan dengan diri ku wkwkek",joy
12368,"aku suka banget caranya jalan, aku suka dia",love
8698,"akhirnya bangtan albumnya keluar juga, aku nangis nangisnya, sedih banget, aku gak sempet beli, gak punya merchnya, gak punya army bomb",sad
11579,aku suka banget sama orang yang selalu memberikan saya kepercayaan. terima kasih banyak ya,love
1046,"buset! parah banget ya logika ibu ini, ini keluarga ibu yang jadi karyawan ga ada yang merasa keberatan ya, dengan kebijakan timpang ini. u cek deh lapangan, banyak penganggur, pesangon dari perusahaan suka ga jelas, ngomongi jkp, ga semua orang juga mau di jkp ampe kesel w",anger
6083,kok saya tetap sedih ya,sad
2404,wah selamat,joy
6489,saya kecewa dengan keputusan tsb,sad
1705,gw takut bgt kaoru ngentott,fear
3347,"suka banget, tapi lebih suka crush aku.",love
1568,"di kost bosen bgt, tapi mau main keluar takut deh kasus covid lagi naik. mana mau ada event, jadi mesti jaga kesehatan.",fear
462,"eitss jangan marah marah mom, nanti asi enggak keluar",anger
743,aku akan sentiasa akan bapak ang tu selagi aku tak dpt tumbuk muka dia tu bodoh ingt aku ni takdak muka ka selamani babi betui la kurang ajaq.,anger
222,oh pantes orang mengakui bodoh og. panjang umur dualisme ckck,anger
12158,"ga pernah pede bgt gaes kalo jadi target pasangan seseorang, ya tae harus tetep baik-baik aja, aku dan banyak army lainnya sayang banget sama tae, kita selalu ada untukmu, ilysm ;3",love
3994,cinta mati banget sama yang namanya pizza,love
6500,masih sedih soalnya akun sebelah udah dfb convomf convomfs moviemenfess beame,sad
7744,"boleh nih aku dapat kata semangat dari kamu, aku seneng",joy
625,jangan marah,anger
4950,"berpura"" lah bodoh meskipun itu mnyakitkan,,jgan mndeskripsikn dirimu itu sbagai org yg pandai tpi ahlak mu tk pandai",neutral
8948,"kalo kau mau bahagia, jangan ikut komentar di twitku, kalo mau ikut komentar, jangan ikut komentar di twitku",sad
2188,"semangat buat hari ini ya!! u deserve to be happy. anw, jgn lupa sarapan",joy
2177,semangat semangatt,joy
12487,"gemes banget sama orangnya, dia perhatian banget dan suka nyariin aku, dia selalu spam aku, dia membuat aku penasaran, dan aku sayang banget",love
3499,9. waduh entar lagi selesai nih alesannya. tapi alesan terbesar kenapa aku cinta jane adalahh.. jeng jeng! kamu suka muji muji ak sampe banyak nih kupu kupu yang aku tampung. kamu kuat.. tapi manusia juga rapuh! aku berusaha buat jadi akar kamu buat tumbuh ya bibit jane. love,love
10082,"nggak bisa diatasi, kalo diomongin malu banget",fear
8675,"gak enak nih. makin susah bikin vaksin booster, sampe tni-polri turun ke rumah-rumah. Tracing kasus baru dibilang covidkan. Jawaban mereka sama, covid ga ada! Kita kehilangan sosok contoh rakyat ini.",sad
9231,"kenapa sih, yang baik yang baik, yang buruk yang buruk, kenapa harus gitu",anger
10475,"rasa takutnya mak aku tu, dah ambil booster apa semua, aku tanya mak aku. ada sakit tak? ada nak demam tak? pasti mak aku ckp. tak. hahqhah pastu aku jawab balik kat dia, abis hari tu takut sangat kenapa?",fear
438,mau marah ayank update gua udah tidur,anger
4767,"monster hunter mungkin menang telak, ketika berbicara tentang sensasi berburu dan kepuasan meramu (equipment). tapi keberadaan cerita dan tentu saja emotional build-up, membuat god eater punya nilai lebih. simpelnya, bertarung dengan alasan. sembari memahami alasan itu sendiri.",neutral
5938,sidang polri cukup sepi hari ini,neutral
353,ini boleh ga si aku kecewa or marah sama dia haha.. cuma krn aku beli acrylic frame trs majang pc bareng sama polaroid ortuku dia blg gini apa aku doang yg sensi nih ya dikira nge kpop bikin lupa semua hal? bahkan ortu sendiri? lo bikin gw makin ga mau kenal spesies cowok,anger
9447,"kenapa keterangannya gini aja, sih, kzl. ((hasil mengaci))",anger
456,lo berdua bego gausah rebutan,anger
10105,"ngeri deh kalo keseleo di korea, gada urut ya",fear
7286,"yeay akhirnya dapetnya, Alhamdulillah gaes",joy
239,bisa-bisanya mark gak calling gue /marah,anger
2621,"ajak depa bertiga jalan-jalan santai petang di lcct. saja nak tengok kapal terbang landing. hakak kau suruh ambilkan gambar. habang apa lagi. keluarkan segala skill yang ada. guna smartphone cokia made in china jer. alhamdulillah, hakak kau puas hati dengan air tangan habang.",joy
5610,tapi jus oreo g bakalan enak kalo g pake filling,neutral
230,bodoh,anger
9394,"jadi bingung sih, kenapa harus marah sama hal yang salah? Padahal ada kebaikan yang juga ada di video engkau. Ga kelas komisaris ya ndul",anger
4040,cewek cemburu itu sebenarnya positif. semakin sering cewek cemburu tandanya semakin sayang dia sama lo semakin takut kehilangan lo.,love
8455,"ahh kangen banget sama semua orang yang udah pernah ada di hidupku, semoga semuanya bisa bahagia",sad
7824,"halo mas jnt, makasih udah antar paket kesayanganku, tapi nama saya double r, jgn salahkan orang lain",joy
9648,"mu kaya jomblo, jangan ngomong gitu",anger
11850,"oh my god, aku suka banget lagu little things, keren banget liriknya",love
1018,"rumit banget jadi orang ya ,kalo ga suka ya simpel keep aja sih.ribet banget hidupnya",anger
7670,"happy weekend ya trisya, semangat!",joy
8960,"sedih bgt bang, aku kecewa bgt sama hal ini",sad
8559,"kenapa ya hati ini terasa hampa, tak ada yang bisa aku harapkan lagi",sad
1760,pengen tidurr tapi takut kebablasan soalnya bentar lagi mo bimbel,fear
10989,"gue panik aja pas nonton drama sama mama, ada kiss scene gue kepo",fear
842,"palu kau kira kuli, pea",anger
11060,"gua kaget banget dengerin kabar ini, ngeri jelas",fear
10684,"aku takut nih, mau main bermainan tapi takut minta izin",fear
5853,"but if u get easily attached pasti sedih pisah sama dedek2 kucing, jadi ya siapin aja mental ya",neutral
1103,"gue pagi ini kecewa bgt sama gojek, pertama kode voucher sama sekali ga bisa di claim. kedua alamat yg biasa gue gunain buat balik masa dititikin jauh bgt ke jakarta barat wkwkw gila gosend yg harusnya ga sampe 50rb jd diatas 60rb",anger
3891,"suka banget sama konsep yang dipake, taeyeon cantik banget udah kaya dewi artemis (/ )",love
10675,"eeee, bangun pagi kaget banget, bingung mau ke mana",fear
2902,awokwok mw nge babu dulu sebelum kena marah emak,joy
8395,"terlihat menyenangkan namun menyakitkan, kau akan mengingatku sebagai orang bodoh yang berhasil kau tipu atau orang baik yang kau sia2kan",sad
9475,"gemes deh, profesor ini ngelonte, ngelonte jadi ibadah, kan bikin seger",anger
8897,"aku bingung, jadi nangis-nangis, dan sedih. Jangan bilang ke mamaku, ya",sad
3251,gud mowningg pagi ini diawali dgn kabar baikk bgt uvvuu alhamdulillah jimin udh sembuh akuu bahagiiaa stayy healthy ya jiminie love you,joy
7028,"dulu suka bgt, ke pasar apalagi, dijajanin dawet, cenil, pecel, jamu dan banyak lagi jajanan pasar.. kangenn banget.. kangeeeenn.. sekarang udh gapunya mbah putri .. swargi langgeng mbah",sad
11441,"suka banget sama sekolah tari itu, sering nonton acaranya, suka banget sama anak-anaknya",love
3063,"gue paling suka romansa sama jolly, wanginya manis tapi pas. kalo yg manis banget itu charming, soft tapi manis banget. kalo pengen gak terlalu manis bisa coba yg fantasia. kalo freshy aroma manisnya beda, gak soft gitu manisnya lebih ke nyegerin. this is my opinion.",joy
5802,i know that some ppl disappointed with his official appearance. kalo gw sih enggak kecewa sama sekali because pretty ayato is justice,neutral
9024,"jengkel banget sama orang yang kek gitu, terus mutajir mutajir, ga enak deh.",anger
6157,bgstt rambut berlawanan tp iya sedih soalnya nari kek ga tertarik sm chanyang huhu.,sad
2947,luci : aww jd malu wkwkwk,joy
11538,"aku suka yang berisi nangka, ya udah, kangen banget nangka",love
11626,"dalam hubungan pasti ada wanita yang suka bertanya sama pasangannya. Entah itu kamu cinta aku gak? atau aku cantik gak? atau yang lebih ekstrim lagi aku gendutan ya?. Aku lebih suka dibilang cantik, langsung happy.",love
7601,"jadi orang yang bisa melakukan segala sesuatu, hehe",joy
3431,"kak:( sumpah deh kenapa diksinya bagus banget gue suka banget anjir implisit yg kaya gini, astaga asli bagus banget",love
11863,"aku suka banget sama musik tradisional, keren banget perform kotonya, aku suka banget sama chara develop kotnya",love
8166,"kadang kala ngobrol sama ayah suka nangis, apalagi soal pendidikan. ayah gua pengen banget gua kuliah, soalnya kakak gua gak kuliah. bukan karena biaya kakak gua gak kuliah, tapi udah nyaman kerja jadi dia males kuliah.",sad
10576,"bangeeetttt, aku udah pake, rasa2nya gak bakal keluar, ga usah ragu2, beli aja deh, gak bakal nyesel",fear
10968,"ada amplop dibalik hanggar, aku cemas bgt sih gaes",fear
4193,"aku adalah manusia biasa yang patut untuk dibenci untuk selamanya. tapi aku mau tau dan ingin bertanya, apakah salahku kepadamu?",neutral
5050,selamatkan bangsa dari kumpulan bangsat berantas tuntas tppu - pt selamat pagi bang..,neutral
10138,"wkwkwkw malu banget, bilang kangen kangen tapi nggak ada yang peduli",fear
11555,"baju-baju yang terus numpuk di lemari bikin aku jadi takut kalau aku bakal nggak bisa nyari yang cocok lagi nanti, dan aku gak mau gitu. ya, aku sayang baju-bajuku, mereka adalah teman terbaikku, aku gak mau mereka lepas dari pandangan mataku",love
7731,"ayo semangat, kita bisa melakukannya meski badan kita sedang tidak fit",joy
1034,"suka kesel nggak sih, ketika udah dibantuin tuh nggak bilang makasih. bukannya gua mo ngemis ucapan terima kasih, tapi kek sifat lo kesannya jadi jelek di gua. apa susahnya ngetik makasih gituu, apalagi lo minta bantuan ama orang random ketemu di internet",anger
2264,yok semangat yok,joy
7054,"ya allah baru bangun denger kabar denise :"")",sad
7837,"hari ini ceria banget, aku seneng deh",joy
10943,"emang sih kalo dandanin jubah mungkin agak malu nonton sendirian, tapi kalo duduk bareng temen, mungkin agak terlihat ketolong",fear
7890,"yeay semangat yaa, tim arkeolog juga nihh",joy
4246,"iya hehe tapi jatuhnya kadang malah ngeganggu waktu tidurku sendiri krn dikit"" bangun trs tidur lagi oh iyaya ada itu bener sih- kalo ga bangun bakal dibangunin aampe bangun ohh oke untung saja",neutral
906,"dokter ngmongin pola pikir sama treatmentnya disebelah mana? mati semua? ini gue masih idup. gue ngmong ortu gue bahagia setelah mati,karna gue ikhlas? kagak!! gue ngajak debat biar pro pemerintah? kagak najis. reply gue baca lg, yg gagal nanganin pandemic ga indo cma indo ko",anger
8469,"jangan dibuat sedih ya, sayang",sad
9000,"gue ga sedih sama foto itu, gue percaya kapal mereka bakal tetap bersama selamanya, gue cuma sedih karena ada komen yg ngedrag w, dan ngebandingin momen bw sama kapal sebelah. Bedahnya jauh banget dan ga sama",sad
368,"terpantau balas dendam goro"" sumpek ndek dosen sing sak penake dewe",anger
11569,"dijamin, air terjun di geiranger sangat indah, meskipun penduduknya jarang, tapi cocok buat kamu yang suka tempat sepi, sayangnya kemarin aku tidak sempat kesana",love
3593,aku habis itu wkwk suka banget,love
1415,"alhamdulillah-nya udah divaksin sih. itu juga setelah drama. ibu mertua gwa tinggal sendirian. beberapa bulan lalu bapak mertua baru wafat. jadi yaa, khawatir. lalu ya gituu, agak meremehkan covid. makin khawatir lagi~",fear
6307,"semalem mimpi orang yang udah lama ga kontakan tiba tiba ngirim pesan, tapi pas bangun nge cek ternyata gada notif apa apa, itu sedih banget :((",sad
2286,bahagia melihat tanda2 kehidupan,joy
11539,"mantap banget deh, tetapi sayangnya pas pacar kamu melihat masa lalu, hati tetap berat",love
5712,"gapyear! kalian yang bangun jam 3-4 pagi terus belajar dan ga ngantuk lagi di jam sekarang gimana tipsnya? sender suka ngantuk sekarang meskipun udh tidur cepet, dan banyak minum air putih banyak, terima kasih",neutral
12488,"aku suka banget sama yang oreoo, hshsh",love
9381,"aja aja gue marah, ga perlu capek-capek",anger
5641,"mbl mbl murah banget loochh kuy! guys join go miracle, suka dr0p jajan murce rd sering open sh4ring merch juga dan sekarang lagi open tabungan buat cb bangtan tabungan mulai 25k aja guys yuk gass join link di rep yaa",neutral
11944,"anakku suka nyanyi, apal banget ya? tapi sayangnya ga ada yang peduli",love
1721,gw sih malu..klo digituin,fear
9741,kalau diomongin di belakang marahnya,anger
4060,nona peramu cinta mengapa dicipta kembali sebuah rasa tumbuh bebas sepertinya tak biasa menulis kumpulan aksara dan berbagai frasa sebagai tanda jika dia meramu cinta,love
12138,"agatha chelsea kute deh, suka banget liatnya",love
1824,mau ketawa tapi takut,fear
7454,"akhirnya baca komentar anjir juga, abis baca bingung, apa yang mereka bicaraini?",joy
4999,"dah dibales lwt dm ""aku repost di cf ya, ayang jangan marah"" jiakkhh",neutral
10132,"gak bisa komen sih, takut salah kata, gimana gitu deh",fear
7585,"bangtan lagunya enak banget, di streaming semua platform musik termasuk yt, gue vote for for at the 2022",joy
3232,"alhamdulilah, luar biasa, allahuakbar",joy
1918,mampus pelatih dance gue pasti marah bnyk yg izin,fear
11864,"kangen banget sama kalian, cinta2an aja",love
1569,"yakan demen muji tapi dipuji balik malah malu, demen natap mata member giliran ditatap balik juga malu sendiri, cekidaw",fear
10526,"aku panik sih nih, gak tahu apa yang bakal terjadi",fear
347,"terus lawan siapa? tambah suwe tambah koyok wkwk lanjutkan lawakannya nawak nawak, gak emosi blass kok malah lucu lak nyawang",anger
1242,aduhh butuh roll film yg ready stock fdi sini:( takut gak sampe ntar sebelum hari sabtu huee,fear
5168,"di liat2 aparat seakan2 memancing emosi rakyat ya,,yg jadi pertanyaan supaya apa ?? apakah sbnernya aparat ingin bentrok dengan warganya sendri ?? hukum di tindak secara tdk adil, ulama di peresekusi, umat muslim di tuduh radikal, pedagang2 kecil di denda tidak wajar ,",neutral
9514,"aku biasanya jadi tempat titipan orang, kenapa ke ibu? udah tau ibu lupa, jadi aku ngasih tau biar kalo lagi lupa bisa tanya ke aku dulu",anger
8842,"sedih sih waktu itu pengen nonton yg sedih-sedih, jadi cuss nonton film ini dan berakhir mewek nangis",sad
5773,"temen ku banyak ternyata . suka bingung sama orang yang kalo chatingan tuh ada aja yang dibahas, kalo aku tuh males, semales itu apa lagi setelah nikah, suami dirumah terus, mau chatingan ama siapa lagi coba, kalo ngga penting penting banget palingan cuma jadi penonton story",neutral
10982,"ujaaaaan gini aku panik banget, ga bisa berhenti mikir bocor",fear
8744,"yaah masih sepi di sini, sayang banget ga ada yg lewat",sad
11894,"i love you bestfriend, kakk bagus banget muka-mukanya, bikin aku senyum-senyum mulu",love
11210,"happy birthday ya, taehyunie, terima kasih sudah jadi kekasihku, aku akan selalu mendukungmu dan berada disampingmu saat sedih dan bahagia. Semoga selalu sehat dan bahagia ya, jangan lupa istirahat dan makan yang banyak. Aku cinta kamu",love
8069,"aku nyesal banget, kenapa aku harus terluka melihatmu bahagia bersama orang lain. Aku tetap setia padamu, meski harus menerima keadaan ini.",sad
5090,mau dendam biarkan saja emang mereka suka dendam politik akibat kalah pilpres,neutral
10450,"hahahaha, iya sih, tapi dulu pas di Curug Hejo itu sepi. Sekarang ngeri di cuaca, hujan masih sering banget",fear
4601,"ahaha~ kau ini bisa saja. karena tak ada kegiatan, akhirnya aku berkebun saja. jujur, katarina malu.",neutral
11194,"aku suka banget sama bau badan gue sendiri, bau badan pria yang sejati, tanpa parfum, bikin gairah",love
4132,5f orang yg suka mengganggu biarkan saja. mbak. yu nanti jika dia capek lak yo berhenti sendiri atau diam karena kelelahan..,neutral
8929,"ya gini aja deh, kadang bikin bahagia kadang juga kecewa, ya namanya juga emosional",sad
1222,sengaja dibiarkan soalnya takut melanggar ham,fear
8109,"gemes deh sih, banyak banget orang yang suka, tp sayangnya ga ada yg sayang aku",sad
2134,"pagii~ btw cuaca enak gini mendingan tidur yok, have a nice weekend~~",joy
10586,"wkwkwkw, kalo udh rapi bgt tapi kebelet berak, gua ngeri bgt deh",fear
4768,ada dan pernah mengalami. lebih baik memang diakhiri saja wkwq,neutral
509,"disgusting. sejak kapan poligami diijinkan oleh agama buat mencegah zina? rasul juga poligami bukan sama wanita muda, tapi sama janda dan untuk melindungi mereka, bukan buat ngewe halal. tolol",anger
8802,"gue cuman sedih, tapi gue ngga bisa ngubah nasib sendiri. gue butuh kekuatan buat ngubah nasib, tapi gue gak punya apa-apa",sad
8039,"aku jadi sedih banget waktu kamu nyari aku buat bincang, aku jadi nyesel banget ga ada yang kamu bicarain, aku jadi bingung banget kenapa kamu merasa begitu, aku jadi kecewa banget ga ada yang kamu lakukan, aku jadi kehilangan harapan banget, aku jadi benci banget kepadamu, aku jadi marah banget kamu tidak mengerti, aku jadi sedih banget kamu tidak menyadari apa yang aku rasakan, aku jadi kecewa banget kamu tidak ped",sad
748,demi allah benci banget sama gwinam,anger
1259,takut tuhan kalo gue,fear
1888,anjir takut diomelin,fear
711,ini rcpc ga ada kabar comeback? lim sudah waktunya tolol,anger
11491,"aku gak tau cara menenangkan orang yang sedih, tapi kamu kalo lagi sedih ya sedih aja gapapa keluarin kalo emang buat kamu tenang. kalo kamu butuh waktu buat sendiri silahkan, atau minta jangan diganggu dulu. tapi kalo kamu butuh ac, silahkan chat ke grup ya. we love you",love
7625,"udah lama gak makan yang enak yang banyak, jadi seneng",joy
7391,"aku anak yang suka nonton drakor dan tidur siang, aku punya hobby overthinking, aku selalu happy dan punya banyak waktu luang",joy
10832,"gmn ya kritik dan saran? aku mau jadi ready stock, tapi takut malah flop, gimana ya?",fear
3329,lucu banget editannya aku waktu sma suka banget sama series ini. liburan ke bandung cuma buat nyari gramedia buat beli series ke-4 karena dikota aku belum ada,love
3293,"hshshhs aku terharu aa makasi ka cinn, sayang banget deh sama ka cin pokoknya sure tata ga akan berubahhhhhh, be happy juga ka cinn ku tersayangg, jaga kesehatan selalu yaa, jangan terlalu sedih, get well soon yaa.. ka cin masi sakit tenggorokan?",joy
6194,sedih tapi masih pagi,sad
9932,"jengkel gue deh, ga tahan lagi",anger
11685,"dari semua teman-teman yang paling keren buatku pasti Khawla, dia super keren dan kalo ngobrol sama Mark aku jadi suka banget sama dia",love
10964,"ya udah, gw takut nggak bisa menerima tawaran ini, mending lebih baik tak berani mengambil risiko",fear
8441,"aku pikir aku makan salah jadi aku pikir mungkin maag tapi pas ke rumah sakit ternyata lambungku infeksi, aku gemes banget ya, obatnya banyak banget, tapi aku juga harap semua orang sehat2 terus",sad
104,ya kalo mau poligami ikuti sunah rosul tunggu istri pertama meninggal dulu dan lu nikah ma nene2 yang udh tua dan miskin buat diurus bukan mau enak nya doang tolol,anger
1794,pengen poca date sama moots tapi takut awkward,fear
2386,kayanya enak bgt deh,joy
12301,"pagi-pagi gua selalu buka tello, ada yang ngirim kekasih gua, makasih banyak ya",love
8281,"morning bang, aku sedih banget nih lihat anakku nangis terus karena kucing kesayangannya tabrak mobil..",sad
1658,"orang2 sudah pinter .. takut dosa, klo gak adil.. srkarang banyak yg pinter..tapu tidak ngerti, ilmu bukan diamalkan, tp disalah gunakan..",fear
212,konyol bego,anger
5858,"pemenang : dapat bersyukur saat kecewa. dapat tersenyum saat terluka. dapat bangkit, ketika terjatuh.",neutral
12114,"weekend adalah waktu yang paling aku tunggu, aku suka banget weekend sambil nonton indihome bareng temen-temen, kamu gimana bestie?",love
1359,soonyoung aku takut sama jihoon hiks.,fear
334,karena saya kesal di detik2 terakhir masih ada aja yg jd,anger
10771,"gak sabar nungguin penjelasan dari guru, emang kalo ditanyain bakal ngeri",fear
3110,"dulu gojek rame banget dan grab juga masih sepi, katanya sebagian saham uber di beli grab jadi macam kerja sama mereka. kwkwk ttp w lebih suka uber sendiri weh ga mau balik lagi apa ya",joy
792,oalah masi pagi sudah dibikin emosi.,anger
233,janji dapat dedak bodoh pun bodoh la..,anger
6234,"sender jangan sedih, bisa jd nnt sender langsung diketemuin sama jodoh sender.",sad
1064,ada yang mulai sebar bacot!! pesan prabowo ke seluruh kader gerindra: jangan jauh-jauh dari ulama!,anger
209,say! gimana cara mainin perasaan cowo dan nantinya si cowo kek nyesel udah ninggalin cewenya gitu? kata temenku si gitu biar berpikir si cowonya ninggalin si x adalah pilihan bodoh ,anger
9630,"kok bisa ya sih, dia juga pengikut pimpinan pesantren yg cabul, apa gitu?",anger
6011,"kata2 motivasi dari ibuku buat aku gak ada yang namanya hidup itu bahagia terus, jadi kalo ada masalah itu udah lumrah. jadi adek jangan sedih lama lama karena hari ini baru dapet musalah, gak papa yang penting kita sabar dan tetap bersyukur pasti bisa ngelewatinnyaa",neutral
6959,enak ya yang punya kapel hfft-_- chrissy kapan coba punya kapel :(,sad
7726,"eh, jangan kaget, aku masih imlekan deh",joy
2413,sabtu yg cerah,joy
8278,"hilang begitu saja, sedih banget",sad
5371,"dana receh buat 10 org gaiss, doain aku bigwin siang ini makasii",neutral
10284,"aku cuman mau turun dari motor aja, eh malah jatuh di parkiran, ngeri bgt",fear
8430,"ga punya ayah, sedih jadi fans man utd, sedih sedih²",sad
871,"07 februari 2022, hari ter shibal bgt kenapa gitu lo di bikin jatoh di depan jalanan mana di liatin byk orang sakit sm malu nya netral 7 februari prik",anger
1263,"gue dulu takut trus kata temen gue tinggal plek ntar dia cuman nempel ke pupil kok. kecuali tangan lo gatel pengen kucek2 mata ya jangaan. nyopotinnya ga perih samsek, kaya lg nyubit gitu caranya",fear
1618,hah takut bgt,fear
2414,"maksud ak tp itunya yg gua melaka ga enak bgt bestiee, gatau sih tp kalo yg suka manis2 dan ga suka kopi kayanya bakal suka",joy
9202,"ehm, pagi-pagi lagi dibikin emosi. ini weekend, ya silahkan pulang saja, gue juga gak pengen mikir",anger
1220,ngeri tp berusaha menenangkan diri,fear
1765,gua masih kaget ta):,fear
11740,"jika kamu suka merendahkan cintamu, kamu bakal dikenal LDR",love
6206,karna rasa kecewa itu lebih besar dari pada rasa cinta:),sad
11207,"anna suka banget sama sate, aku pengen aja beli buat dia",love
2001,"dua hari ini, ngerasa flu tapi gejala omicron gtu. semoga aja si emng flu biasa, bismillah gpp meski takut",fear
7908,"jangan sedih yaa, semoga berakhir baik",sad
4315,join direct bisa pakai nama sendiri bisa buat buka sharing wh group di line ready 5 slot free foto arrived di unbox promo = untuk wh direct cukup bayar 70k saja buat bulan feb-april murah + worth it banget guys beneran karena benefitnya,neutral
7809,"pagi2 dapet kabar dari ayang, aku happy bgt gaes",joy
3582,suka banget beb,love
2523,semangat akakk,joy
7903,"lagunya asyik banget, aku suka banget sama lagu itu",joy
6676,"foundation nya shiseido yg syncroskin, mau aku kasi buat hadiah ultahnya ibu itu katanya bagus, tapi harganya 550k~700k buat 50ml, aku sedih :"")",sad
3078,"ini loh kayak gini tiap baca ceritanya, aku suka ketawa karena kelakuannya aku banget",joy
7748,"yeay, aku mendapat kabar baik",joy
10950,"eh pala gue pusing banget anjir tadi udah tegang karena takut ditanya tanya bu Naning, padahal waktu sudah habis",fear
9624,"bokap aku ngelarang, bokap aku ngelarang, tapi bokap jengkel dan bokap banting pintu, bokap jengkel dan bokap narok barang kasar",anger
8011,"kenapa ya aku ngira aku bisa ngalahin Denise, tapi ternyata aku yang kalah, aku sedih",sad
7655,"angel_chibi aku jadi bahagia karena kamu, kamu adalah hal terindah yang pernah ada di hidupku, aku sangat terima kasih untuk semua hal yang kamu lakukan",joy
2165,"udah semangat lagi kan, chaeyi?",joy
617,pertanyaan tolol,anger
12218,"siapa yang udah nonton itu film, pasti tau, itu hidden gem banget, aku suka bgt kayaknya. Yang ada si Fujiwara, kocak gt, ngomong japlish. Yang mana si Denjel kamu suka?",love
5156,"saya aja suka sudu, kalau suka kamu, nanti garfu marah",neutral
4382,kalo kecil powernya se manusia biasa kalo gede powernya lebih gede (ngikutin ukuran badan) tapi geraknya juga jadi lambat gak tahan lama,neutral
8403,"aku emang gak suka lama-lama di acara, tp kok rasanya tetep kayak sedih. Aku bisa makeup sendiri, tapi rasanya kayak beda sendiri. Aku gak suka, tapi tetep aja kayak sedih hehe",sad
8610,"mbak, coba deh dengerin lagu sedih mellow gitu",sad
8061,"ya aku sedih, tapi aku baik-baik aja deh, kamu juga harus kuat aja.",sad
11371,"aku suka banget sama kedekatan mereka, aku pengen deh ts tiffany lagi ah, siapa yang mau jadi ts sooyoung nya?",love
12345,makna lagu Child jadi aku jatuh cinta sama pribadinya,love
2004,"* sepasang muda-mudi lagi nonton bioskop. ceweknya berbisik, mas ada orang onani di sebelahku. ""cuekin saja,"" kata cowoknya. ""ngak enak mas, dia paksa pakai tanganku! takut""",fear
12040,"kacang suka aku, mungkin itu menjelaskan kadang aku agak gila juga",love
3047,aku tau ini telat tapi welcome dear waa seneng banget dengernya kalau kamu suka maapin ini authornya lagi bingung ama cerita sendiri gegara chapter baru tokrev jadi nunggu lama doain semoga ada hidayah(?) ya anyway thank you for reading,joy
11153,"eh, aku nangis gara-gara apa ya? Malu banget deh, tapi seneng juga sih",fear
4483,"bukti jelas, orang muda tak semestinya lebih baik. boleh saja berpemikiran dan bertindak seperti dinasaur. kita sepatutnya bebas untuk mengkritik, dan dalam masa yang sama bersedia untuk dikritik. hujah mesti dibalas dengan hujah. ini terus ad hominem. memalukan.",neutral
11326,"anakku, aku cintaaaa banget sama muu, lu liat lagu child",love
7152,"yeay, aku kasih kalian minum nih",joy
3095,"sumpah no comment. brcnd. temen gue lumayan lama paling lama itungane udah mau tiga tahun apa?so far so good galak banget tapi sumpah keren banget anaknya kreatip dan suportip, suka minum kopi sehari abis dua liter abis itu bilang gabisa tidur :v",joy
5219,madzhab : 1.hanafi cadar sunnah dan wajib ktk khawatir nimbulin fitnah 2. maliki sunnah dan wjb jika khawatir fitnah 3. syafi'i cadar wajib 4. hambali cadar wajib lah yg pada benci ini kalian maksudnya apa kalau blm bisa diem aja. kalau sampeyan benci dipertanyakan kelean sapah,neutral
3285,"gue buka twitter tumben teume sepi yang nyapa2 pagi, tau2nya pas buka pesbuk pada nyapa pagi disana semua anjir ngakak beneran hijrah",joy
5816,"oke, pertama-tama. ulangi kalimat enih. ""cih, kudaranai watashi bangun di 2022 dan belum menjadi character anime serta belum tinggal di isekai. ck watashi sangat kecewa.""",neutral
10239,"aku takut ya kak, nggak tega liatnya",fear
11805,"aku cinta kamu, aku sayang kamu, aku berharap kamu sehat-sehat, aku berharap kamu bahagia",love
1313,"( kaget saat punggungnya dipukul. dia sendiri juga baru sadar langsung sebut nama. ) ..kayaknya berani deh, jun. nggak tahu, kayak .. bisa aja.",fear
8886,"ayang nih, aku juga merasa sedih, gimana bisa kita berdua sedih?",sad
5038,"jadi inget kata pak bj habibie, percuma kasih fakta apapun dia tetep bodoh",neutral
11814,ini judul kartunnya apa sih kak? aku suka banget nontonnya,love
2903,10/10 seru bnget. bkin emosi,joy
5636,"setuju banget, lama-lama juga agak gimana gitu liat yang suka bilang begitu.",neutral
3333,"haloo sender, izinkan kala mengajukan diri ya kebetulan bisa avail ditanggal segitu plus juga bisa ke kkt dan bisa movie date juga, aku tipikal yang suka banget nyeritain hal random ke pasangan, soft juga paling suka kalau lagi ngebucinin pasangan dan diem diem aku",love
3053,"wahh suka sama tanaman ya om? sama kaya ibu aku. kadang emang gitu om, kalau sama2 sibuk atau salah satunya sibuk jarang banget ketemu. kalau nanti jadi ketemu sama adiknya titip salam ya om, semangat menjalani harinya. anw, enjoy your day om",joy
11824,"aku suka banget sama senyumnya mutsuki, hangat, black prince banget. aku suka banget juga sama hubungan mutsuki sama hajime, rasanya nyaman banget. tapi yuki sama kyoko sering baku hantam, tapi mutsuki sama hajime justru berteman. aku suka banget",love
6455,ga gmn gmnsedikit sedih dan stres(,sad
2269,semangat pagi bang.. salam dari madiun.,joy
5684,"trus pas pulang, kn aku dianter sma kak yer, nah aku bilang deh ke kak yer.. trus kta kak yer, dikantornya tuh banyak banget yg suka sma kakak, sering ngajak lunch bareng or keluar pas weekend bareng.. tapi ya gitu gk ditanggepin aja malas soalnya",neutral
5071,dih bego kok bangga,neutral
8372,"jadi penasaran gak sih kapan paketku dikirim? udah lama sih dari kemarin, emang lama sih?",sad
12525,"maafin aku ya, aku cerita semua soal ibu lho, kamu kangen jadi teman lagi? kamu baik-baik? aku lihat kamu lily",neutral
8860,"ya, aku tau itu bukan benar, tapi jujur aku seneng bgt ketika aku merasa kamu sayang ke aku",sad
4502,"kasih contoh saja dengan benar, bagaimana menghormati ulama dan tdk mengkhianati pemberi amanat",neutral
8223,"kenapa sih dia jadiin aku model, kenapa dia jadian sama temennya, aku jadiin model buat dia, aku jadiin model buat temennya, aku sedih",sad
5632,buat bass ada kak raska . kak raska ini dari dulu suka banget sama bass. makanya pas ada rencana bikin band langsung deh dia gercep buat ikut sebagai bassist,neutral
2114,"sudah sampai disini, bahagia pun menanti",joy
5294,"gue jg tadi salah nder jawabnya, tpi bomat, who cares? biarin ajaa. lagian lu dah hebat mau dan berani jawab pertanyaan gurunya, jadi gausah malu ya nder",neutral
11731,"awalnya aku suka masak karena nonton masterchef australia, dari situ benih-benih cinta terhadap masakan mulai muncul. chef favoritku adalah gordon ramsey, sebastian fitarau dan marion grasby",love
4341,"vkf! biasa aja dong kak te, natap nya",neutral
2602,"makasii, lu juga semangat yaa",joy
7412,"alhamdulillah mimpi jimin kemarin, kini jimin mengetahui itu, aku seneng banget, jimin we love you",joy
8796,"ga jelas kenapa aku ngerasa sedih sekarang, mungkin karena apa ya?",sad
11643,"aku suka banget sama webinarnya, dia tentang hubungan yang toksik, aku mau share ke bestie2 aku yang lagi galau gara2 masalah cinta",love
6208,jangan sedih dong karina,sad
520,kamu aja yg tolol bin dungu..!!,anger
12011,"sayang, jangan sedih ya. Lagu cintaku yang kau tungguin akan datang. Aku sayang kamu, sayang sekali",love
5076,aku nak ni bodoh,neutral
7635,"semangat hari ini ya, semoga banyak request dm amin",joy
7210,"jangan kuatir, beli pc & merchku masih belum tiba, tapi tetap semangat ya",joy
1092,"anjing.. korupsi 2,1m cuma 1thn 4bln..apa kabar yg maling ayam karna lapar..karna hak nya di makan oleh pejabata"" macam manusia ini.. indonesia oh indonesia..miris bgt negara aing",anger
4663,10k saja kak. full garansi dan fast proses ya boleh dm atau wa :,neutral
6291,"semuanya sih, termasuk denise juga sedih juga harus ninggalin kakak-kakaknya",sad
6213,"ig temen gw story nyh denise semua emang sedih tapi mau gimana lg ini udah keputusan dia,tetap dukung secret number n denise lockey .",sad
3771,suka banget.,love
1109,"baru mau sedih kenapa close, endingnya bikin emosi. semoga hari lo senin terus",anger
1038,"dia nie ngeselin bngt ke guee suka bngt ngisenginn, tp dia tu kek andalan para guru, trs wibu (cm g banget), produktif tidak seperti sayaa, social butterfly bngt, gampang akrab sm orang",anger
11354,"aku suka banget sama konsepnya, Taeyeon cantik sekali, jadi kayak dewi Artemis ( )",love
20,hah? kaya dendam bnaget sama ibu,anger
6225,"bangun, ngumpulin nyawa, tiba-tiba ngerasa sedih.. ""anak jepangku kemana ya?!"" inilah gambaran pagiku selama dua minggu gada kabar dr tp harus ttp semangat! pasti bisa!",sad
4700,santai je orang kaya gitu mending rnb ana,neutral
934,"emang emang yang ngeliat gue dari luar tuh pasti kek asik banget yekan kerjaan enak, sesuai passion, gaji ya oke lah buat foya2 ama nabung masa depan, kaya happy terus, keluar sana sini, jalan2, banyak teman, apalagi ya .. ya tapikan kau tidak berjalan di atas sepatuku memek.",anger
4638,"dulu pas sakit tipes tiap malem aku kaya gitu kak. malem nya demam smp menggigil, pagi nya normal lg",neutral
11372,"aku suka banget sama anak orang yang suka genit, keren -3- beginj",love
11890,"aku suka banget sama kaki wonie, gemes deh kalo liatnya",love
1726,aku takut ketekuk ini ngepas bgt sizenya,fear
8653,"kenapa deh Denise keluar, aku jadi sedih",sad
6712,sedih betul jadi penyokong manu pagi ni,sad
1737,group b se ngeri itu ya allah…,fear
5609,bersabarlah wahai hati tatkala ada orang membencimu.sesunguhnya manusia tidak pernah puas mencari kelemahan diri masing-masing :'),neutral
561,"enemy to loversnya bukan yang ""omg dulu gue benci dia tapi gegara dia bantuin gue kok gue degdegan sih ternyata dia gak seburuk yang gue kira"" tapi yang ""gue benci sama lo tapi kalau lo mati gue bakal ngehidupin lo lagi dan ngebunuh lo dengan tangan gue sendiri""",anger
5058,ikr diorang smpai mcm tu sekali benci dekat lucas tnpa buat sebarang usul priksa dulu..knapa dia dh debut dkt 2 tahun lebih baru nk buka mulut pasal ni kan.. siap ada lumis upah private investigator utk siasat issue ni.. mmg kerje sasaeng ahh sbb dia haters lucas,neutral
11609,"aku mau punya rumah yg design terbuka gini, tapi kalo di bogor yg suka hujan angin puting beliung kudu di alter supaya tetep tertutup",love
9988,"oh, ga percaya kan suara rose kaget banget, aku ngeri-neri",fear
1162,"kucing kota, panik dia dikejer",fear
7148,"hehehehe, semangat semua yang sedang menikmati liburan",joy
8420,"waduh jadi bingung nih, kalo teroris ada ya terus dong aksinya, jangan libur kan pemerintah sibuk",sad
9628,udah tenang tapi gara-gara ini emosi lagi,anger
1527,asli takut di bagian reading sama speaking,fear
6110,"sedih membaca isi twitt anda,macam tak ada isinya..dan amehnya anda menikmati semua komen2 di lapak anda ini",sad
2930,kaget ajg tapi seru wkwkwkwkwkwk,joy
58,hah bodoh kali kau pantek,anger
6576,"ih sedih bayanginnya, gimanapun suatu hari semuanya pasti mencapai akhir kan ya :(",sad
5838,sepi dehh,neutral
10737,"”karena kebiasaan ga ngulang kaos kaki, pagi pagi kadang ga mikirin. pas sampe kelas baru sadar :d tapi trobos aja sih ampe panikan",fear
2291,masama mba.. semangat pagi,joy
10802,"gak enak deh, aku malu buat share ke orang lain, soalnya dia juga gak pernah share aku",fear
5829,kisah ini tidak bisa menjadi bahagia ataupun sedih,neutral
9844,"cowo gini ga bermakna, ga usah dihiraukan",anger
12258,"begitu saja, begitu saja aku jatuh cinta, sayang, dan tergantung padamu",love
1649,dia anaknya juga jago banget gombal 11 12 sama ayem. aku takut meleyot,fear
4339,tentu saja. nggak ada.,neutral
2724,"bahagia itu sederhana,yaitu saat kita lolos dari remed(^^)",joy
7603,"yeay semangat ya, seneng bgt ya",joy
10283,"eek banjir di toilet, ternyata aliran darah haid aku yang salah",fear
5861,mjb dipancing pake lagu2 yang sedih ajaa,neutral
11968,"kalo i gak suka buat lovebite, i rindu bgt deh",love
4622,"hi, pasti lagi nyari jasa un-sus un-lock ya? bisa ke yap | unlock all case 5k / acc | unlock umur 7k / acc | unsus biasa 10k / acc payment dilakukan di akhir a¼ close uns permanen semi perm",neutral
6517,ya ampunnnnnn aku ikutan sedih,sad
6611,versi selesai anjir sedih bgt,sad
3870,aku suka british accent pas masuk kuping itu keren banget tapi ya itu ngga paham jadi suka bingungan,love
4881,gue baru bangun tidur dan semalem tidur cepat krn g enak badan batuk pilek tau2 bangun denger denis bikin pengumuman kontrak sdh habis makin nambah sakit vine masih diem ampe skrng g keluarin pengumuman juga kah? agensi anehsemoga baik2 saja,neutral
11977,"happy birthday my mom, love you very much. sorry I always make you angry and sometimes I don't understand your condition. thank you for giving birth to me, I love you so much.",love
2907,pura-pura bego saat dibohongi itu menyenangkan,joy
11590,"mama suka denger cerita-cerita random gue, suka banget kalau udah curhat sama mamaa, aku suka banget sama mamaa",love
3538,"papi yiyan sukanya overwork sampe mampus, terus suka ngeyeel banget, papi suka yang manis manis gitu :d apalagi ya",love
8207,"eh aku ikutan sedih juga ya, Denise keluar dari akunnya",sad
8645,"mampus banget deh sama sariawan, ga suka jeruk tapi gak papa gaes",sad
11503,"aku suka film india, jadi aku suka banget mola tv",love
1817,"dibonceng, bcs smpe skrg suka bego klo lampu merah kadang kelabas untung aja msh hidup. trs cape jg bwa mtr sndri + rada takut nyebrang klo ga modal nekat.",fear
12300,"thank uu minn, gemes bgt pliss kalo ditanya, tp krn harus pilih aku pilih laohh, aku sayang aqiao jugaa",love
3949,inuyasha soalnya suka banget romantis ya,love
337,hahaha tuh kan udah bangkotan bodoh pula,anger
2072,"ga enak, apalagi kalo orang lain yang pake kamar mandi itu jorok. kemarin pas ngekos suka nemu piring kotor, padahal di sana ada tempat cuci piring.",joy
10905,canggung banget kalau di-beri komentar negatif dari orang yang tidak kita kenal,fear
9137,"rasanya geli banget kalo orang tua ngomongin jodoh, aku masih 19",anger
10137,"ngeri ga usah buka wa, nanti banyak bocor",fear
3513,"baik banget, baiknya juga ke semua orang. mana cakep lagi, wajar banyak yang suka",love
2815,semangat banget ya,joy
11950,"aku suka banget sama konsepnya, bagus nih",love
11483,"aku banget sih, anak-anak itu suka naik sinyal aja udah kebangetan",love
5431,enak menambah tingkat kemageran,neutral
6101,"ko aku sedih ya di godain k chita pakai twit, lom win",sad
766,marah ke,anger
3782,"dalam hubungan pasti ada tipe wanita yang selalu menanyakan pertanyaan yang sama kepada pasangannya. entah itu ""kamu cinta aku gak?"" atau ""aku cantik gak?"" terus yang lebih ekstrim lagi ""aku gendutan ya?"". aku pribadi lebih suka dibilang cantik, suasana hati langsung goodmood.",love
5513,cerah,neutral
1144,"nah kan, sudah pasti ada alasan kuat, mengapa direksi sebelumya mengundurkan diri. belum apa apa udah jadi bumper. ngeri ngeri sedap.",fear
10288,"bingung juga ya, apalagi kalau diem tiba-tiba kena panggilan, eh malu juga sih",fear
2510,semangat kak,joy
5226,aku kurg tau jg yg yedamtpi kok yedam pas dia buka masked nya pada kaget gtu yaa brarti klo jwoo ntr brarti udh pada tau dongg,neutral
2273,dulu gua g masalah ngekos kamar mandi luar tp stelah ngerasain kamar mandi dalem ternyata enak ya,joy
6529,gak sedih sm sekali tp kyk gak ikhlas ngerti gak seh,sad
6032,oh..sepi,neutral
6723,itu serius mba denise keluar?? sedih banget tolong walaupun w bukan fansnya ss tapi gue ikut sedih,sad
10187,"kalo ada yg main ratio sama fans, aku ngeri yah",fear
4730,ga tau gw ga ngetes asjckskdkgjahajdjfa (tapi tbh kalo beneran pun ga kaget soalnya emang lebih parah dari biasa ),neutral
9781,"omong banget sih, ternyata ada yg lebih bodoh dari aku, jauh malah",anger
1672,"nonton ulang video got step back dance practice di mv-nya, taeyon elegan bgt pindah dr pinggir ke tengah. pas liat seulgi, wah buset pindahnya lari dari pojok kanan ke tengah khawatir kesandung loh",fear
6532,sedih wkwkwwk,sad
6684,ih sedih beneran ini mah kok tega,sad
4055,pagi syang2 nya kalyna.. msh ready slott ya dear . ready include/exclude ya bebkuh cuss gercep yuk keep slott kalyn skrng dear sblm full ya! main santai sprti psangan sdri ya . rr by dm or wa y,love
5192,"engga keduanya sih, cuma aku paling ngga bisa nahan nafsu buat ngga marah-marah",neutral
1808,"di sini masih enak banget sih bosnya keluargnya, ga tau gmna kalo doi beneran kerja ke tempat yg bener2 profesional. kaget sih pasti wkwk tapi bagus",fear
2275,"kei, enak",joy
3761,"jatuh cinta ama au bxb wkwk. terus temen w baru2 ini suka bangt4n. yaudah gue ajak aja terjun ke dunia per-au-an yang tks wkwk. doi juga suka dong wkwk. setelah ke tks, w mulai ke y00nm1n terus ke n4mj1n, terus pernah jg baca yg h0s30k x j00n seru bgt wkwk.",love
4954,yang paling babi dalam pergolakan politik & pentadbiran di malaysia ni adalah geng mahiaddin & azmin. babi segala punca. marah betul bila ingat balik.,neutral
10995,"aku gini, mamahnya sering minta temenin pegi atau ga nyuruh main kerumah padahal mamahnya tau kita udah ga bareng. berasa takut, takut bikin risih pasangan doi nantinya. akhirnya aku suka cari alesan gitu, dan aga ngasih space",fear
8294,"sedih rasanya, teman-teman kelas yang lebih tua dariku ternyata lebih mahir dari aku di bidang komputer, padahal aku anak warnet",sad
2045,aw ikut seneng semangat ya kuliahnya!,joy
7433,"aku ngecek hasil Ujian Tulis Besar Kemarin dan ternyata aku lolos, aku gembrrrr",joy
8021,"hiks udah berasa ga lengkap, sedih deh",sad
1295,"jumlahnya yg takut banyak bener, udah kayak nanganin teror aja.",fear
10389,ga boleh ah aku malu,fear
3952,seneng banget bisa ketemu sama elf disini gpp kak mimin juga suka halu.,love
10657,"trs barusan dia ajak aku bantu projectnya, aku agak takut ga bisa bantu tp ok gapapa",fear
4317,di taman nasional wasur kanguru kecil (walabi) yang biasa disebut saham relatif mudah ditemui. perburuan tradisional yang sejalan dengan prinsip keberlanjutan diizinkan. perburuan yang merusak jadi tantangan.,neutral
8444,"tiba-tiba saja hatiku berat, aku ingin menangis",sad
444,kata bapak gua kl dapet mertua atau suami pola pikirnya begini di pikir pikir lg kena bukan cuman bikin sakit hati tp sakit batin dan sakit segala galanya . karena mertua atau suami yg baik gabakalan ngelakuin atau nyuruh hal bodoh,anger
858,jangan bikin orang khawatir napa sih julllll,anger
841,lebay bgt anjir nangis smpe tersedu sedu kaya diapain org malu anjir,anger
10088,"ngilu banget liat adegan horor itu, ngeri banget",fear
8203,"ga abis pikir sama keputusan itu, geli deh",sad
12413,"aku juga suka sama Lily, hahaha, jadi aku selalu berlomba-lomba sama kaka. Lily juga kangen sama kaka, yaampun juga kangen sama Lily",love
994,"pernah, pas ngomong sama twice, aku bilang temen ku suka sama exo ke nayeon, goblog banget anjing, exo mah ke grup exo ya bukan ke twice, mana nayeon mangut mangut kayak bangga",anger
10059,"eek, aku bingung mau coba skincare apa, biar kulitku cantik ala korea",fear
1554,kaget.. kok telat!,fear
7953,"aku ngerasa lebih nyaman kalau sedih, lagu2 sad itu jadi favorit aku",sad
9487,"anjir banget nontonnya, akhirnya emosi aja",anger
11862,"aku suka yang cintaku, tapi aku lebih suka yang cintaku balik",love
7749,"happy birthday valee ! semoga bahagia selalu, ya !!",joy
6824,gak tau tp dengernya sedih bgtt,sad
2513,"agan- agan udah pada nyobain belum nih pempek kapal selamnya joeragan?dibuat dari 100% ikan tenggiri segar,enak loh!",joy
2835,"aku, yaah standar sii sesuai harga ya 4 jam udah mulai luntur, tp enak ini teksturnya gampang diblendd coverage ajib",joy
7502,"akhirnya libur juga, seneng banget rasanyaaa",joy
2233,haloo tataa. yg semangat yaa ngejar deadline nyaa,joy
3050,"not sender tp aku jg udh selesai baca,ini genre romance+mental health bagus banget kalo suka cerita yg ga cuma ada romance-nya tp jg bahas banyak hal tentang mental health yg banyak bahasan psikologi-nya jg. dibawa jalan2 jg krn authornya ngedeskripsiin tempatnya bagus.",joy
8424,"gimana ya, ngomongin mimpi pake bahasa asing pas bangun, kepala pusingnya ga kaya mimpi biasanya",sad
400,bodoh punya orang ! aku doakan makanan yg kau beli jatuh terburai tanpa sempt kau masuk mulut pun. amin,anger
11889,"aku suka banget sama Oh My Ghost, rasa cinta berlebihan banget, gemes soalnya",love
6550,sedih dijual semua,sad
10042,"jangan lupa minum ya abis makan, nanti keselek",fear
1023,suka gatel banget mas kalo yg ginian ga disebarin yawloh,anger
3298,mula murung pastu tak murung dah hehe,joy
8296,"sayang banget rasanya, aku jadi sedih",sad
7087,"mantap bgt, rasanyaaa, enak bgt, mantap",joy
11699,wow ini bagus banget! Aku cinta baca buku ini. Rasa peduliku terhadap karya sastranya ini begitu besar. Pengen baca lagi,love
9410,"capek banget harus nungguin hasil dr hasil dr patah tulang. ga pernah bisa jalan sendiri, harus terus bergantung sm ibuprofen. capek banget!",anger
5484,terkadang diam itu lebih enak,neutral
4870,dimaklum saja.. mmg brutal,neutral
11641,"awalnya gua ngetik balas story junior berkedok senpai gua, gua tanya bilang bagus gak, dia bilang bagus banget, dan sekarang gua malah suka sama nih anime, huwaa ngakak terus",love
4080,saja ka dorg suro beli medium 2 set,neutral
803,yaallah kenapa sih pagi-pagi udah dibikin emosi aja please ini weekend tolonglah kalau mau pulang ya pulang aja kaga usah tanya-tanya gue kan gue juga jadi ikut mikir!,anger
1550,takut kemalingan,fear
1009,"lo aja kali yang terbebani aneh, kalau gamau nolongin yaudah gausah aneh banget si lu. gua aja gak terbebani malahan suka nawarin boncengan. kaaya baru bisa naik motor aj monyet.",anger
7792,waw ffvii! aku suka banget konsep sekolah magic soldier di game ini. dan battle antar sekolah. pertama kalinya cutscene battle squall vs seifer memikat jutaan player (aku benci rinoa!) jauh sebelum harry potter rilis,joy
2737,"selamat pagi mas,salam sehat penuh semangat dan selamat berakhir pekan",joy
648,"jd inget kmrn, niat masuk kamar mandi mau pake pembalut tp malah pipis. pas udh pipis pembalut nya kaga dipake. emosi sama diri sendiri",anger
12522,"nih kowe ga nggak baca kabarku, aku udah tau kalo kowe pengen aku",neutral
2862,semangat ay!,joy
12037,"aku dijadikan pacar Jaemin karena dia suka sama aku, beruntung banget gaes",love
6889,aku benci ketika nangis saat bersama temanku,sad
550,"gosa bebawa mu nad, banyak yg marah. urus liga italy aje",anger
9460,gemes banget deh kadrun emang bangsat,anger
6762,ya allah aku salfok tempatku pulang gini aja aku sedih. kayari kayanya sudah tau rumahnya ya,sad
211,"taik gua benci twitter, suka ke refresh sendiri bangsaat, padahal tadi ada tweet lucu jadi gak kebaca",anger
10523,"ga mau nge up nyaa, takut gagal",fear
6255,"aamiin selamat pagii juga kak sedih , hasil draw gk ada yg nyangkut",sad
6298,syok sedih bgt,sad
7034,"satu satu aku suka kamu, dua dua aku sayang kamu, tiga tiga aku cinta kamu, satu dua tiga kamu kena modus ._.",sad
3543,"album sih soalnya suka banget sama deg"" annya pas unboxing dan aku tipe anak yang koleksi album",love
10309,"ga percaya banget, akhirnya aku unfoll, ternyata jelas2 banget alasan orang2 ga suka sama dia",fear
1438,"gua naik angkot isinya cowo semua anjirr, malu bet",fear
2515,"pesan semangat mangkalnya, unnie!",joy
2868,"our time de best banget sih, gue rewatch berapa kali tetep aja nangis :'( mana ost nya juga enak lgi",joy
2434,"yukk, semangat nih",joy
10351,"gua nangis tadi dihampiri nyokap, malu banget",fear
10602,"gue ngeri bgt klo di dpt guru, malah takut ga bisa berani ngomong",fear
4459,"kalo posisinya kayak sender, gua biasa aja sih. soalnya dia juga udah jelasin kan baru liat linenya. kan gak semua orang udah tau line lu nder. dia juga bilang sorry, jadi buat gua ntuh biasa aja sih.",neutral
1314,malu nya masih terasa,fear
7467,"enak banget nih, ga nyesel beli",joy
6114,full sedih maszehh,sad
3979,haloo min kalo mau ngajuin diri buat temenan boleh gak min (aku fans editan kamu nomor 1) aku follow kamu lewat 3 akunku serius aku punya buktinya aku suka banget editan kamu yang pensi itu :d,love
12,"pagi-pagi dikerjain orang haha dikira gua bego, ya gua ladenin lahh liat sampe manaa",anger
818,"harusnya bisa lebih bijak, tapi efek booster dan kecapekan jadinya melu emosi deweeeeeeee. can't control my seellffff",anger
2784,serius enak mas jd nya empuk banget dan wktu di goreng minyak dia ga minyakan jd keset gtu,joy
10896,"hi kak, maaf atas kendalanya. mengenai kendala tersebut, kami tidak punya informasi. apabila ada kendala lain, jangan ragu untuk menghubungi kami ya kak. terima kasih ^wh",fear
453,"faisal basri udah kesal sangat. abisnya si bakhun bela jokowi pake gigi lima, gaspol. sebelum live ngomongnya lain, pas live lain lagi. ya udah, saatnya keluarkan aji pamungkas.",anger
9072,"cobaan banget, ngaku aja gak usah malu-malu, dasar munafik!",anger
12207,"awalnya sih gw suka banget karena sering dicengi di kokomz. Gua pasang bio leebit di rp jadi dicengin lee kn*w. Tapi ternyata itu nama skzoo-nya lino. -,- Gua baper sih.. maaf baperan gw. Ternyata cubit menerima confessan gw.",love
1656,"cape gasi anjrit tiap hari di teror proposal mulu, tertekannn",fear
3457,lagi suka banget sama foto bang jhope yg ini tysm for ga & wish me luck,love
4665,"bertahanku bisa saja pasti, tp kalo d siasiakan mending di evaluasi ayo jalan",neutral
11001,"sebelum situng di-UPD. sedih, tegang..",fear
9901,"nggak bisa mikirin aja, paling males ngerjain revisi, berat banget siihh, sumpah berasa gimana gitu",anger
10924,ngeri banget malah ga bisa ngalahin,fear
2908,"ini ko orang2 komennya dia pada softie yak galak woi dia galak amat apalagi kalo aku belom tidur beuh kena marah wkwk dia baek, selalu jadi penyemangat trus kalo aku ngerasa insecure. moga kita bisa ketemu ye, pengen fangirling bareng ann",joy
7998,"eh, aku nangis liat foto sopinya dihapus, sayang banget",sad
940,"asuh opung ini.. tolong hargain ya pung, tdk semua orang suka dengan postingan opung ini kara ini sumpah enak banget",anger
4747,ini bener..jam 9 malem..abis praktek.. bini wa di rs ada lem kertas ga? yang biasa gitu. besok ** ada tugas suruh bawa lem buat nempel2.a,neutral
6167,"pacarku baru aja diberhentikan dari kerjaanya, karena dari awal ga jujur tentang keinginannya. sedih banget, kasian mana cowo pula. udah ada niatan buat lamaran, tapi malah diberhentikan. semoga segera dapet pekerjaan baru",sad
12005,"aku tetap cinta sama dia, meskipun dia udah pindah ke kota lain",love
5399,ga takut tp gapernah,neutral
11979,"aku suka ini, ga keras bgt jadi masih empuk dan masih beremah, ampun udah lama banget",love
7881,"au taeyong aja, keren bgt gue suka banget",joy
7855,"semangat fiony, semoga sehat selalu, kita sayang kamu",joy
10134,"ngga tahan liatnya, jangan disini dong bang",fear
1400,"ada kelass lagi nanti jam 1.30, nanti klo tidur, takut kelupaan jamm",fear
30,emosi bung,anger
3677,"nyaman gitu aja, suka juga gitu aja suka",love
7200,"kalo bisa, semangat ikutin semua giveaway kak. ga perlu banyak2, seneng banget rasanya",joy
6117,yahh sedih bgt,sad
8145,"nasib ya? susah banget mendapatkan vaksin booster, mereka malah harus ditinggalkan. Sedih banget rasanya.",sad
5990,pagi.. kok sepi?,neutral
6875,"sumpah kalo inget kayak kok gua bego dah, cuma muah doang sekian detik. skrg gua menyesli itu karna mantan gua makin cakep anj",sad
1108,sepi conge!!!,anger
10631,"kepo bgt sama yg namanya pola sapaan, lebih suka kalo yg lebih muda sapaan pake /bw atau /bt, lebih tua sapaan pake /kak atau /pak",fear
11391,"suka ama kodingan yang jelas dan singkat, bikin lebih fokus",love
3229,puji tuhan ku bahagia banget rasanya dapet kabar jimin udah sembuh..,joy
5364,jenis takut penyapu tuu,neutral
11608,"almarhumah ibuku selalu nolong orang-orang yang kesulitan, sampai sekarang tiap aku ketemu salah satu dari mereka aku selalu mendoain yang baik-baik",love
5766,"ga berlaku sama aku yg ga suka minum dingin dan berasa rasa, jarang banget ke area ini malahan. aku biasanya langsung ke rak susu yg dibawahnya juga ada air mineral",neutral
3319,"selamat pagi sender! sana avail nih pas hari valentine, nanti disayang-sayang sama sana, dia orangnya manja dan suka manjain balik terus juga suka usel-usel sama pacarnya. aku drop carrd sana ya kalau kalau tertari langsung ketuk dm aku ya!",love
5306,"aku ga bisa rekomendasiin punya aku, soalnya ada cacat dikit trus bau karet nya nyengat banget banyak ko toko yang jual, kamu ketik aja sendal beruang",neutral
7316,"semangat ya hari ini, kamu pantas bahagia, jangan lupa sarapan",joy
6347,"sedih bgt pas di tempat fc lek2nya masi nulisin ""menerim isi lagu2"" ;( lek2nya udh tua gitu",sad
9566,"aku ga suka kalo ikutan campur, bikin makin bingung, ga bantu jadiin lebih baik, jadiin awut awutan. ayo jangan ikut campur, kalo ikut campur, aku ga bisa percaya sama kamu lagi, ga bisa percaya sama apa yang kamu katakan.",anger
5627,semangat.jangan cengeng.sini cerita sama kita,neutral
11888,"suka banget sama karya-karyamu kak, karna bisa bikin aku salting sendiri, ini ngena banget meskipun aku gapunya ayang kk",love
5228,akhir nya 1 fandom kgk jadi malu,neutral
9419,"canggung banget kau bangsat, jangan ngomong aja gitu",anger
1563,kalo di slack suka takut chatnya capslock semua,fear
5666,"suka ada kok yang jual set, baru semalem juga ada di go 375k dapet set, malah biasanya ada yang jual di bawah itu juga. kalo cuma melet doang 150k aja udah overprice apalagi 250k. mending sabar dulu kak walau ada uangnya tapi jangan kasih buat seller ga waras.",neutral
5727,moodswing banget ga beb? suka galau klo disuruh milih ga? cepet bgt berubah pikiran ga? pacar gue ampe pusing klo nyuruh gue milih barang,neutral
3071,"kalian yang belum nonton, mending nonton sii, awalnya nonton ini karna d.o. tapi malah suka ke jo in sung nya juga) plot twist nya bikin nangis banget, apalagi scene ini",joy
9802,"klo lagi emosi, jangan sampe diomongin ke orang lain",anger
10548,gak nyampe ngerasa ada yang aneh di sekitar,fear
4474,pas mau menikmatia weekendku tbtb di awal weekend dpt kabar yg bikin harus full banting setir ganti jadwal letas enjoy this,neutral
5227,sampe skrg gw ngatau tadi pas dia di rs bocah yg takut sama dia cwk apa cwk,neutral
9973,"aku takut bgt nih, bingung harus lanjut apa gini",fear
10620,"aku ngeri ya, kemarin mimpi bapakku datang menemani aku ke tempat kerja. Aku kira dia masih ada, tapi sekarang aku ragu-ragu. Apakah bapakku masih ada di sana atau tidak?",fear
12370,"good morning, jadi kenalan yuk. kalo aku deketin kamu, ada yang marah gak? ;D",love
11820,"om, dinda tau aku suka banget sama kamu, kan",love
9592,"udah ngapain aja, gue tuh udah konyol banget, bukannya kamu juga?",anger
8288,"entah kenapa mood pagi ini sedih banget, ga tau apa sebabnya",sad
5747,"kata bang koi ""itu yg suka komen kpop plostak plastik plostak plastik itu uda kasih kerja ke berapa orang ya""",neutral
10934,"dimana aman sih buat perempuan? gue jadi makin takut, makin banyak korban kekerasan pada perempuan, orang-orang biadab ya gimana sih",fear
4851,"awalnya pengen nonton, tapi reviewnya gitu. ada yg bilang beberapa scene ga bisa nyampe klimaks jadi ga kerasa problemnya. apa bisa jadi juga karena udh kebal (mati rasa) jadi biasa aja wkwkw",neutral
11605,"aku suka banget sama semangatnya kakak, keren deh",love
2213,enak loh lagunya,joy
9316,"gemes bgt sih siapapun kalo gak bisa ngeluarin isi hatinya, gue jadi pengen ngedukin siapapun yg mau ngebully. Gue kangen sama dunia kpop yg gue sukai dan gue mau kembali lagi ke dunia kpop yg gue sukai",anger
11059,"bingung bgt sih, beli yang mana ya, semua chara favorit aku",fear
10795,"oke, aku takut ke Papua, mungkin aku melanggar hukum. Minta ampun ya, tolong jangan lihat aku",fear
9826,"wuih siapa yang mau curhat sama aku, orang yang curhat ke aku bakal dihujat, waduh",anger
2111,semangat pagi,joy
5933,kalo ada orang mukanya murung fix fans mu,neutral
12328,"aku suka banget sama kedua produk ini, mereka bikin kulit wajahku lebih lembap, fresh, dan terhidrasi. finishnya bikin muka jadi glowing. aku kasih rating untuk kedua produknya yaitu 4.7/5!!",love
6913,"somehow agak ragu kalau dibilang yg dicari 'talent' karena pada dasarnya yg diliat ada dua = visual sama talent tapi wajar sih namanya jg showbiz. indo aja begitu, gimana korea.. cukup menyedihkan",sad
5070,"apabila kita memiliki kebesaran hati maka kita tdk akan mudah marah, kecewa dan tersinggung.",neutral
4446,cuma drop biasa,neutral
11374,"wowowowowow, aku jatuh cinta sama mcflurry. kalo ada yang punya mcflurry, tolong di share yaa, aku pengen banget ngelawain. terima kasih banyak, kalo ada yang mau ngasih ke aku, jangan lupa tag #sender.",love
9458,kenapa pagi-pagi gini udah ada yang bikin marah,anger
11131,"eh, warna-warna pensilnya bagus banget tapi aku takut ngerusak gambarnya, gak tega deh",fear
6634,sempet sedih juga pas denger tahun kmrn kq minus dikit pendapatannya (kayanya grgr kingdom juga sih ini) semoga tahun ini bisa berlipatlipat gandaa,sad
10107,"akhirnya kehabisan follow, ngeri banget rasanya",fear
8071,senyum itu gak selalu artinya orang bahagia. kadang orang tersenyum cuma karena takut menjelaskan kenapa hatinya terus,sad
12444,"aku suka banget baking, apa gak kalian juga? wkwk",love
355,bentar bentar masih pagi jangan emosi dulu. mau ganti akun dulu buat maki-maki,anger
1429,kakak jd malu tau :(,fear
11684,"udah ada aku yang gua suka, tapi malah masi on going gadak apa ya alur gitu tapi uda end bukan gabisa nunggu tapi ini beneran butuh asupan au banget ku lagi gabut banget banget",love
10696,"rasa-rasanya aku ketakutan sendiri, ga tau apa-apa",fear
10846,"rasanya pusing banget ya, mau tinggal sama orang tua, pasti sering disuruh makan hati, tapi kalo tinggal sendiri malah bingung gimana nih ngurus rumah dan diri sendiri. jadi satu hal yang harus kita lakukan adalah bertahan hidup",fear
9188,"ya jengkel deh, pantesan kalo matiin rejeki org yg suka ngeyel, bikin orang suka ngmg, bodoh banget!",anger
332,buzzerrp bani bipang kafer komunis komen kepanasan.. 2022 masih bodoh bin dungu mudah di bohongin dan di tipu.. manusia rendah moral dan akhlak,anger
6952,gue baru bangun tidur dan semalem tidur cepat krn g enak badan batuk pilek tau2 bangun denger denis bikin pengumuman kontrak sdh habis makin nambah sakit vine masih diem ampe skrng g keluarin pengumuman juga kah? agensi anehsemoga baik2 saja :(,sad
11247,aku suka banget sama bulan june ini,love
4224,"jika ada seseorang yang meledekmu jelek, santai saja. bilang padanya kalau kamu bukan cermin.""",neutral
964,suka ksl sama bt banget dehh dia suka marah klo aku ga ngabarin dia dlu klo mau pergi tpii dia sendiri klo mau pergi ngabarinnya pass udh di tempat ks gaksi,anger
120,permulaan yang bangsat untuk febuari 2022,anger
12083,"aku sayang banget sama kalian, seneng banget ketemu kalian, saling sayang dan saling suka",love
5489,masih semangat retwit nggak?,neutral
3281,sepi dagangan btw wkwk apa masih imlekan ya wkwkw,joy
2370,kongkalikong paling enak emang sama beliau aja juaranya.,joy
2544,malah enak,joy
5905,sepi itu datang lagi motivasinya pun kembali turun tetap berusaha kuat agar apa yg ingin dicapai tidak terlewat,neutral
7401,"benar banget, aku selalu marah terus karna selalu dihalangi sementara nak lainnya bisa lakukan hal lain",joy
2885,woi ternyata karna akun aku di privat makanya ilang hhahaahahahah maapfin aku twitter!! akunya bego,joy
8439,butuh waktu lama buat ngerti dan move on setelah kekecewaan,sad
2178,semangat lesnya!,joy
11082,"udah gak berani buat pacaran lagi, takutnya jadi baper",fear
5391,alamat palsu,neutral
5363,"pebalap motogp, enea bastianini, sampai harus memakai alat semacam tongkat untuk mengusir hewan yang ia sebut 'batman' itu.",neutral
3123,sebelumnya.. yang meraknyat aja belum ngapain mendunia.pujian di luar negri hinaan di negri swndiri..pak anies cinta rakyat cinta warga..utamakan kemakmuran kedamaian kedaulatann..gw suka gaya pak aniss..,joy
10097,"udah deh mam, ntar aku ntar malah ditolak, aku gak berani",fear
1544,wkwkwk takut bgt digigit lgi,fear
5376,gapapa kaget aja,neutral
11980,"endingnya keren abis, aku suka bgt",love
9034,"yang ada di arab itu semua halal kok, tapi sebagian orang-orang bodoh di indonesia bilang halal itu saja, sampai mereka menganggap kencing onta bisa diminum, teroris dianggap ulama, dan guru agama juga teroris",anger
4871,"sebenarnya saksi itu adalah orang yg mengetahui atau orang yg ber angan angan saja dgn berbagai narasi kemungkinan? kok, radak terkoyak nalar ini.",neutral
8500,"aku ga enak bgt ya, sad",sad
6858,"hehehe..kalau aku kasian ke diri sendiri karena kelemahan dan kekurangan-kekurangan yg aku punya jujur aja aku membenci hal itu, aku benci kelemahan dan kekurangan-kekuranganku banyak hal-hal yg gk bisa kulakukan karena hal itu doakan aku semoga bisa jadi lebih baik",sad
945,"risih, gak suka banget soalnya kayak yang terlalu .. gimana gitu",anger
4550,masuk sekolah kyk biasa,neutral
11234,"aku suka accent orang Inggris, suaranya keren banget tapi ya aku ngga ngerti jadi sering bingung",love
5967,pasti masih sepi,neutral
12064,"aku kagum sama mama, seorang wanita yang jujur dan penuh kasih sayang. Dia tidak pernah memperlihatkan kemarahan meskipun orang tua kami sering bertengkar. Dia selalu berusaha menyenangkan kami dan membantu kami ketika kami membutuhkannya. Dia adalah orang yang terbaik yang pernah aku miliki, dan aku berharap semoga dia selalu sehat dan bahagia selamanya.",love
12509,"baru sadar, ramadhan lagi deh. grafik naik biasa aja, klo nggak biasa? konspirasi global buat kuwalik",neutral
1675,kepleset di depan abang2 gojek udah sakit malu juga,fear
7632,"semangat hari ini, kek aku seneng banget",joy
1561,uda berusaha untuk mengurangi faktor cemas dari diri sendiri lho adaa aja dari luar emang bener2 semakin dewasa ada aja yang harus dipikir,fear
5389,yang suka malu-maluin siapa nih? kamu kah?,neutral
12031,"suka banget sama seragamnya, ga suka yang jahil, hohoho",love
4541,"aku kurang tau kalo pesan yang kedua karena jujur ngebingungin, tapi kalo yang kucing kayaknya maksudnya jangan biarin masa lalu kamu menahan kamu untuk kemana mana. bisa dilihat kan si kucingnya gamau ninggalin rumahnya, dia kekeuh mau benerin rumahnya segala macem +",neutral
9066,"wkwk, nggak tahu ngapain aja. udah mulu lu.",anger
1095,"tapi keselnya sih ya itu, ada pertanyaan dari base yang mewakili gue banget, tapi kok sepi banget, gue udah nungguin padal",anger
8973,"ya, aku sadar, kadang aku merasa marah, bingung, sedih, dan ceria. tapi aku belajar untuk menyesuaikan diri. yang paling sering terlihat ketika aku berada di kerumunan banyak orang adalah warna-warni (ceria). tapi sebenarnya aku memupuk warna-warna lain (hitam, putih, dan abu).",sad
3287,"video taehyun favoritku yg ada digaleri kalo lg sedih, liat video ini bikin moodku membaik. kyk ada magic(?) pokonya pas nonton auto senyum2 dan kepalaku ikut goyang makasih byk yg udh ngedit ini. tyunie disini gemes bgt _21_",joy
10414,"aku terus ngerasa takut kalo di samping bapak2, padahal orangnya nggak ngapa-ngapain",fear
7591,"giat deh semangat, nih aku bangun pagi-pagi, walaupun badan lagi kurang fit",joy
2605,gimana say yang tadi malam vcs sama tante.. puas nggak say..bugil dong say yuk vcs lagi weekend niihh yuk sange sepanjang hari,joy
1392,anda tau ga sie rasanya lg bengong kaget anjrt,fear
10370,"* sepasang muda-mudi lagi nonton bioskop. ceweknya berbisik, mas ada orang onani di sebelahku. cuekin saja, kata cowoknya. ngak enak mas, dia paksa pakai tanganku! takut.",fear
10889,ini karena sebelum tidur aku panik banget soal LTMPT dan jurusan kuliah yang belum jelas,fear
752,bangun tdr liat fans mu pada marah marah taunya hadehh,anger
7720,"abang masih inget aku, rasanya bahagia sekali",joy
3737,demi apapun ini baguss banget. aku nangis selama baca ini. emang bahasannya agak berat. tapi aku suka banget bacanya. haish jadi pengen baca buku historical fiction yang lainnya :(,love
12323,"aku suka sama maruko dia anak2 banget, sopan, trus si jadoo lumayan bandel tapi aku tetep suka dia wkwk",love
10751,"ngeri sih, demam dan batuk sekaligus",fear
3215,"pagi pagi disambut sama kabar baik dar jimim gimana nih rasanya? semoga hari ini mood baiknya terus terjaga sampai akhir hari yaa! jangan lupa jaga kesehatan juga biar jimim ga sedihh, have a nice weekend lovely a‚^ a· ^a‚Ž",joy
6829,sedih melulu nie,sad
5821,"jangan sedih jangan galau gue punya mbah dukun langganan yang mujarab, kalau mau gue kasih alamatnya nanti nih.",neutral
1777,bingung takut panik,fear
4113,"lagi males bales pesan wa, mau deact tp komunikasi cuma disitu. jangan smpai tangan gatel buka wa kalau ga urgent deh beneran muales",neutral
1770,"tambah ngeri aja ni,,",fear
12497,"aku suka dipoles ya, makasih y udah kasih foto ini",love
5405,"jangankan fandom lain, orang orang 1 fandom mereka yang malu sama kelakuan circle ini aja ga di dengerin haha kalo sakit psikis better bawa ke psikiater si.",neutral
3022,"terkahir deh, sengaja jg baru update skrng krn waktu itu banyak bngt pikiran smpe mikir takut ga lulus jadi blm berani share, eh aku lulus ternyata bestie hahah. ini beneran terkahir.",joy
4228,santai din,neutral
3012,hai kak ria aku baru selesai baca reksa arisa dan ceritanya bagus banget kak ria keren banget udah buat cerita sebagus ini makasih banyak kak dan maaf ya aku sebenernya bingung mau ngetik nya takut ada salah kata semoga kak ria bahagia dan sehat sehat terus ya kak ria,joy
11489,"aku suka suara inggris pas masuk kuping itu keren banget, tapi gak paham jadi sering bingung",love
8102,"kadang kita berhenti memberi perhatian pada seseorang, hanya untuk menyadarkannya bahwa kita tidak ada, sehingga dia menjadi sepi",sad
9264,"orang-orang ini emang gitu aja, ya udah",anger
5711,"sch! sender pernah dikasih ini sama guru sender waktu smp mak jelbb pas dikasih , sekarang sender udah sma klas 2 tpi masih suka youtube-an apa lagi ngdrakor, bener bener susah banget lepasnya",neutral
4843,meski sudah tiada jasa glenn fredly dalam industri musik tanah air sangat luar biasa. karya-karya glenn fredly yang diciptakan glenn fredly sampai saat ini terus mendapatkan hati di masyarakat indonesia.,neutral
527,taik kau goblok !! bangsat !!,anger
8833,"aku yang meninggalkannya tapi dia yang bahagia duluan, sedih banget",sad
12081,"suka banget tulisan kaya gini, bikin aku gak bisa ngelak",love
4264,"contohilah kkss (kerukunan keluarga sulawesi selatan) organisasi besar tp tdk mencari musuh. dimanapun mereka berada, selalu menyelesaikan masalah dengan musyawarah. luar biasa",neutral
4262,haii hai ikut po md photopack di mirfa yuk dom tangerang bookslot cuma 50k bisa dicicil santai! ^^ bisa qris or co syopipaylater,neutral
12477,"aku suka dibilang cantik, hati senang, kamu suka dibilang cantik?",love
1919,"ngga si kak, tp baru sampe rumah jam 8 pagi kyinya fix ngantuk bgt gak kuat melek td kirain 10 malem gt wkwk mino km benci aku ya",fear
701,"emosi juga tgk byk post dr owner yg kematian kucing akibat virus parvo. bkn emosi sebak, emosi nak marah. tolonglah vaksin kucing. dulu aku taktahu juga pntgnya vaksin utk kucing",anger
4635,"subsidi murah kak, 300k tempatku biasa steril",neutral
10514,"aku takut kamu ga butuh aku. Tapi aku ga mau kamu bilang aku tak berguna. Aku cuma takut kamu takut aku jadi beban. Kalau kamu mau belikan aku sesuatu, boleh banget. Aku gak mau kamu pusing.",fear
11606,"aku jatuh cinta sama anime yang ditayangkan oleh junior, akhirnya aku balas storynya dan sekarang aku suka banget sama anime ini",love
9972,"jengkel aja, kapal sebelah kayak mau jadi pemberantai",fear
1298,ngeri lah kalau begitu caranya,fear
10034,"ayank ngezol sekarang, jangan di zoom deh, udah pasti capek",fear
1352,"trs fakta lainnya adalah kakel gw rumahnya searah sama rumah gw. pernah pulsek dia lewat jalanan rumah gw anjrit. gw di belakangnya kaget. ""lah.. kok dia belok kesini""",fear
2926,you termasuk lagu japan album kn ya? dlu sempet kaget pas denger. kek ga ada abis2nya nemuin lagu bagus di pentagon,joy
10265,"gak yakin ya, mau kuliah hukum ga?",fear
1287,"pengen cuddle, tapi malu aku karna takut klo tidur ngorok",fear
4676,belajar islam yg utuhlah jangan hanya hukumnya islam saja biar jadi orang itu bijaksana dan beradab,neutral
10313,"siapa nih yang ngintip aku, aku ngeri banget sih, bingung siapa",fear
6739,terkadang rasa kecewa yang mendalam itu disebabkan oleh harapan kita yang terlalu tinggi terhadap sesuatu,sad
6480,asli kusut.. hahahaa,sad
3697,"bukan title track. tapi suka banget sama anymore, soalnya relate",love
2013,"lah lah kaget dong aku, kok kamu malah sedih??",fear
7732,happy birthday semoga dihari ulang tahun nya ga penati,joy
4373,yg biasa.. terus dikasih bonus yg alpha gara ngehold yg biasa ..,neutral
4832,mood ku bagus sejak masuk sma,neutral
10144,"aku panik bgt, ada masalah apa tigrealnya?",fear
2147,kurang 400k sampe target yoo semangat markf,joy
10845,"jujur sih aku suka covernya, tapi takut bgt bacanya jadi ga beli",fear
8839,"pagi buta sarapan nasi+chiki boncabe, tapi perut mulai nggak enak..",sad
6210,iyaa ih sedih banget baru cek ternyata ga bisa,sad
7306,"syukur alhamdulillah akhirnya dapet kipan, terimakasih Allah",joy
8492,"sayang banget sih, tapi kita ga cocok. insya allah kita bisa tetap dekat dan saling menghargai. salam sayang!",sad
10837,"mampus deh kebakaran dorm, aku panik bgt",fear
10064,hiks takut ga bsa nulis tweet jauh2,fear
8417,"ya, aku kecewa banget ini, rasanya aku cuma bisa bilang oh yaudah cukup tau aja",sad
12571,nih kebayang gimana caranya searching di search bar,neutral
9225,"gemes deh, ga abis pikir",anger
810,dh fb kau unfollow alah bijak ingat aku bodoh,anger
7127,"selamat belajar, berjuang, dan meraih impianmu ya",joy
2073,"hola kak wawa!! don't skip ur breakfast yaa,semoga harinya berjalan lancar,dimudahkan segala urusannya,dijauhkan dari marabahaya,semoga selalu ada dlm lindungan tuhan,janlup vitaminnya ya,semangat!! janlup senyum hihi,stay healthy & always be happy!! have a great day kak",joy
8772,"aku lagi ga ada semangat, terasa ga ada harapan",sad
9495,"gak tau kenapa orang lain bisa jadi ngeselin, aku malah dianggap tolol",anger
9249,nggak usah kaget kalau tiba-tiba aku jadi benci sama saudara aku. dasar orang ga tahu diri. benalu. kacang lupa kulit. bajingan sama saudara sendiri.,anger
885,kau cuma kaget2an.. ayam gw juga bisa kaget.. Idiot amat jadi orang,anger
1477,"makin dekat 10 februari, rasa campur aduk makin menjadi2.. ada bahagia karna anakku sudah mau 19, sudah makin dewasa.. ada cemas juga, karna alasan yg sama..",fear
1790,takut banget,fear
10381,"jengkel deh nonton drama sama mama trus ada adegan ciuman, ngeri",fear
2008,4 bln ya desember lalu gw kaget mulu klo om gw dateng. takut ngasih kabar kematian.,fear
6221,tp kecewa bgt dia grgr aku gak ucapin,sad
682,tapi meningkat banget hasilnya gimana kalau ditanyain? trus kamu pikir dosen cuma bakal lihat dan jadiin laporan evaluasi kita jadi bungkus gorengan? ya bakal ditanyain lah bambang bikin naik emosi pagi2.,anger
3895,kasih ak aja ak suka sm coklat,love
6179,aaaaa sedih banget,sad
6672,"kenapa maknae suka kek gini sih?! kek semua hyungnya sedih mewek, kebanyakan maknae tetep . padahal asilnya kan juga sedih, tapi kaya gak bisa nangis didepan kamera. terutama maknae big hit sih. tubatu kalian pasti sukses, pasti aku yakin.",sad
4718,apa kabar gaaiss? udah mam pagi?,neutral
57,"eh, kau tidak pernah merancang kejatuhan orang kau benci dengan perempuan lain kah?",anger
9368,"gemes deh dengerin lagu sendirian, cepet bosen",anger
2399,wahh semangat yaa,joy
7277,"day 1 aku semangat banget dateng ke kampus tapi ga ada teman-teman, nangis gitu",joy
12126,"sayang banget doi, lucu banget soalnya",love
8118,"baca cerita itu bikin aku nangis sendiri, kecewa banget",sad
6697,sepi banget rasanya wkwk,sad
7808,"aku berterima kasih buat kalian semua yang selalu mendukung aku, semoga kalian semuanya bahagia selalu, happy taehyun day",joy
1468,ngeri takut hpnya keinjek,fear
1416,tp takut bgt tiba2 ppkm gimana,fear
7680,"hari pertama ke sini semangat banget, ga ada yg dateng pagi2 jg, nunggu deh",joy
2358,terlalu semangat demi dapetin ayang,joy
12106,"aku suka banget sama Sunny, dia cantik, suaranya bagus, dan selalu ceria, aku sayang sama dia",love
10393,"ngeri deh banyak banget yang takut, kayak ngerasain teror",fear
10736,"maaaannn, aku di ajakin naik mobil bapakku, katanya ke jalan papua, aku terus ngerasa nggak enak, bgtu deh rasanya kek mau mati",fear
11712,"aku suka banget sama kaca ini, ini kacanya aku sering banget foto",love
4525,mari ngewibu saja,neutral
4610,"ut! katanya ut kuliah setiap sabtu minggu ya? (kalo ut jogja gimana?) aku sudah milih layanan ttm wajib 3 matkul, apa aku mundur saja ya trus daftar semester depan? aku sudah registrasi tapi belum bayar, aku khawatir nanti tabrakan sama jadwal kerjaku yang juga setiap hari (cont)",neutral
9511,"pagi-pagi liat orang bikin pie keliatan enak banget gataunya slime, jengkel deh",anger
10156,"eh ternyata itu anak bio, aku pun kaget gaes",fear
3869,"suka dengan cara aan menuliskan permasalahan sosial di buku ini. selain tema itu, cinta yang luas ada di dalamnya",love
12082,"keren banget pembahasannya, jadi gak sekedar suka sama oppa kpopnya, tapi juga suka sama sejarahnya",love
10841,"ya ampun, apa aja yang aman sekarang?",fear
4708,biasa di modusin kan,neutral
7969,ga abis deh kenapa ya aku bingung ga ngerti,sad
8881,"aku diam aja disini, sedih banget",sad
9919,"yang namanya gue ga tolol ya goblok, emang kaya gimana",anger
4674,kan apa kabar ya yang lain ilang ilang,neutral
1055,"tapi lu selalu ngasih argumen seakan lu doang yg sakit anjing. kalo emang lo ga suka sama gue fine tinggalin gue dari awal, dan ga perlu ngerespon lebih dri itu, justru lo ngerespon seakan yg bakal kejadi nyata banget.",anger
2281,enak bgt lord,joy
11047,aku yang punya aja kaget bgt mei,fear
7273,"thanks ya @brill, aku ga nyangka bakal ada yg baca twittku wkwkw. semoga aku semangat melakukan apa aja kecuali scroll2 hp. wkwkq.",joy
1924,"berlaku buat seller juga sih. kalo sudah ada yang take, at least ngabarin ke calon buyernya biar sama-sama enak. kalo sama-sama ghosting ya gimana wkwk ngeri juga",fear
9479,"kebodohan yang muncul di sosmed itu bukan hanya sekedar serangan fisik tapi juga serangan mental. Selamat pagi, saya akan memberikan kisah kebodohan orang yang pantas dipanggil bego. Saya tidak sanggup lagi untuk menghadapi kebodohan itu.",anger
11368,"hayoo bgtu sisca kohl buat konten nonton theater jkt48 sendirian, check hari ini aku sama adik aku mau menonton show theater jkt48, adik aku suka banget",love
1075,"itu orang muka badak,.. merusak nama pp saja..",anger
1115,"mulutnya itu lho yaampun. aku diusir gara"" main ke homeparty mereka yang kebetulan cuma 4 orang doang, ku kira mah sepi kasian gitu, jadi aku ikut gabung, eh pas gabung malah dikata""in",anger
3936,"hai, jinni! cantik banget profilenya. aku lagi suka lagu-lagunya cigarettes after sex sih, apalagi yang ini. kalau kamu akhir-akhir ini lagi suka dengerin apa? btw selamat ya untuk debutnya!",love
3533,word cant describe it. gue suka banget sama bc sekarang ini top 1 anime kesukaan gue sih,love
10020,oh jadi gitu.. aku bingung gitu,fear
460,vu que wahd marah yesraf 3liya w 3amarli jibi yedkom fougeh je vis kima nebghi ana n3ish w ntweeti cha nebghi w ndir cha y gouli rassi,anger
3032,"suka korea tapi level kebodohan bucin hanya untuk diri sendiri dan gak nyinyir kesukaan orang. so, gw setuju sama ini",joy
4207,setelah putus sama dia 7 tahun lalu kenapa aku masih aja dikasih mimpiin dia :( padahal mikirin dia aja enggak loh :( kan kangen jadinya. apa kabar ya dia sekarang? dia pernah mimpi aku juga gak ya?,neutral
11214,"ya emang aku gak salah, kita jatuh cinta dan saling sayang, gak ada salahnya kan",love
1452,"banyak juga boleh kak, asal jgn kelepasan, ngeri gk ke rem, loss pula lagi.",fear
2149,"happy birthday moa dan taehyun!! semoga panjang umur, sehat selalu, bahagia selalu!!",joy
319,yg bego gue maraton baca seminggu doang di wt eng pas tau dia bakal daily pass,anger
7899,"event jam berapa ya, semangat ku udah menggebu-gebu jangan sampe mengabu",joy
1922,bulan engga enak ati ga si ini,fear
8750,"ayang, dimana kau? aku merasa sangat kehilangan",sad
11183,"sih suka banget sama lagu ini, lagunya sedih tapi enak banget. pas baca translate-an liriknya jadi inget anime kesukaan, ternyata sih seunghyub emang bikin lagu ini",love
5863,"tapi soal kerudung.. nggk gw gak bisa. keeudung yang mleyat mleyot, terus kusut sana sini eww no. bisa sih pake kerudung yang rabani. tapi hari jum'at - sabtu wajib pakai yang ada logo sekolahnya. daan kalo misal gw siap"" 5 menit (tapi kayaknya bakal lebih) terus perjalanan -",neutral
11570,"suka banget sama kacang, mungkin itulah alasan aku gila gila, haha",love
5279,selamat siang sender!! kebetulan saya avail sekarang dan lagi senggang banget cause i don't have anything to do now. bisa banget nanti kuta ngobrol-ngobrol dan jika kamu butuh saran saya akan bersenang hati memberikannya. bisa banget buat cerita apapun tanpa takut saya akan melayani,neutral
2129,"siipp kak, kalo gitu bisa ikutin semua s&k giveaway yg ada di caption postingannya ya. semangat terus! :) ^mc",joy
5007,"yah kok marah, padahal cuma ngasi tau yg bener..",neutral
7772,"terima kasih sudah beli, semoga suka dan berguna ya",joy
2509,hai pagi semua!! selamat berakhir pekan semangat buat hari ini,joy
1052,"hh benci banget sama akgae, akun yg suka bahas 1 member aja trus suka berantem sama akun lain udah aku bub berantem gitu lama lama bakal saling jelekin member lain trus berubah jadi akgae aku maless mutualan sm ornag kaya gituu",anger
7816,"yeay aku keren banget, mantap, dan luar biasa",joy
11875,"aku suka banget kalok ada yg minta maaf pakek surat kayak kesannya manis banget, itu bikin jatuh cinta",love
4067,"kamu emang selalu aku tempatin disudut hatiku yg paling sepi, biar gak ada yg bisa nemuin kamu selain aku",love
1456,"iya ya kalo dipikir gitu.. tadi udah aku takedown tadi bilangnya badge ijo itu squad leader, kayak hyotion sambil ngasih nunjuk foto takut jelek dimata fans mereka yaudah tadi langsung aku takedown",fear
5824,"park shin hye, son yejin. bagiku kek 2 itu ratunya drama sedih",neutral
361,"katanya orang bisa jadi bodoh karena cinta, tapi aku ngga peduli semua itu. aku cuma mikir, betapa bodoh	Anger
gue senin kmrn ampir di serempet motor karena bule tolol naik nmax lawan arah. gue posisi liat kanan karena laju kendaraan dr sana kan, eh si bangsat ngebut dr kiri. bener2 1 inch from terrible2 accident..	Anger
aku marah karna dia berantakan bgt dah gamau beresin tpi aku yg disebut gila harus diruqyah anjing pengen punya rumah sendiri biar bisa pergi jauh dari keluarga ini minimal aing lah yg mati duluan	Anger
sama diri sendiri aja gk jujur, kalo sakit yah bilang bodoh, obatin, bukan di sangkal !!	Anger
etmin harus banyak banyak sabarr:') walau sebenernya ak liatnya juga ikutan emosi	Anger
sampe gua pernah bilang ke dia kalo ketemu kucing saya dirumah situ tabokin aja pake sapu, tusuk kepalanya, lemparin aja dari lantai 2 situ"" saking udah kesel marah bgt",anger
12431,"sekarang udah ada versi baru di ijo, l4dy 1n r3d. ceritanya udah berbeda dari p4tch1 tapi aku suka banget, p4tch1 nya masih konyol ya",love
3145,"pagi-pagi ada kabar baik kalo jimin sudah sembuh, dan tinggal menjalani masa pemulihan doang. alhamdulillah, sehat-sehat terus jimin!",joy
5886,"masih sepi sepi aja nih, jejangan yg nanggepin emang bot dan bajer doang ye? xixixi",neutral
6948,"trs gue makan sampe dibawain minum, dibilangin pake ini yang biar enak, intinya trs ngomong gak berhenti, gue dah nahan nangis karna merasa bersalah gue jutekin",sad
6810,sedih doi belum ngucapin hhuhu,sad
8771,"nangis aja deh kalo kamu sedih, jangan malu. jangan lupa tersenyum pas kamu merasa lebih baik, dan jangan takut nangis terus kalo kamu merasa lebih baik",sad
4844,"bingung cari souvenir untuk acara kantor anda?? pakai saja tas ransel batik dari kami, only rp. 30.00,- / pcs..hemat, murah, bernilai, dan 100% indonesia..call me 085643325959",neutral
8025,"wah udah ada berita sedih, sekarang ada yang seneng lagi, hebat ya kak ji",sad
540,"apakah kamu juga harus berbuat hal yg sama pada orang lain meskipun org itu tak bersalah padamu? hanya untuk mendapat perhatian dan balas dendam? c'mon,hal tsb justru hanya akan tambah membuatmu semakin dibenci dan dijauhi. cobalah belajar utk menahan emosi dan perkataan +",anger
10130,"beneran pengen bantu, tapi jangan-jangan aku salahin, keknya gini aja deh nanti",fear
10661,"ga mau kecengklat kalo salting pagi-pagi, gue khawatir banget",fear
6922,"sama banget sampe males ngasi tau kalo aku cewe, kadang drivernya suka kaget loh cewe toh kak, saya kira cowo, sedih :(",sad
11358,aku jatuh cinta sama choi woo sik setelah nonton our beloved summer,love
754,wordle 231 4/6 bego banget nebak huruf lain di percobaan ketiga,anger
12593,"aku terima apa adanya, siapa tau ada yang bisa mengubah pandangan orang tentangku",neutral
2003,"tdr gua knp gabisa tenang si, ya gua tau setiap hri hrs bgun pgi, tp setidaknya ksih wktu buat ngumpulin nyawa dl kek, pala gua suka tbtb pusing hrs lgsung gerak bantuin ini dan itu, ya tp gpp si udh biasa jg. mana klo lg tdr kdg suka diajak ngobrol.",fear
2542,lagunya mark enak banget asli,joy
10582,"gue jadi bingung, ga tau mau ngapain",fear
5272,"fakta : mengikut kajian tidak boleh berlebihan minum air kelapa, takut nanti jadi santan dlm perut .",neutral
5701,kalo males ngecas dan suka banget pake headset mending yg kabel,neutral
4271,"dulu .. ustadz/ustadzah, kata serapan dari bahasa arab yang aslinya berarti guru, sebutan ini khusus bagi guru ngaji (baca-tulis qur'an) dan juga ilmu agama saja. sebutan ini poluler dalam kalangan pesantren",neutral
100,tahulah nak luah kat siapa. terasa bodoh gila,anger
11678,"wow, temenmu pasti suka banget sama itu",love
601,gamau emosi tahan tahan,anger
11225,"gua suka banget sama konten bu, nungguin doang. semoga bisa terpilih ya, gua suka banget sama konten bu.",love
4975,knp pembahasan dari semuanya berada di titik yang sama? apa aku yang bodoh? seakan dimanfaatkan untuk kepuasan yang tak tersurat?,neutral
12504,"selamat pagi, mumpung di rumah, foto-foto aja yuk. Jangan lupa selalu berpikiran positif ya, jangan jadi orang yang muram.",neutral
1044,"gua emang orangnya suka becanda, tapi bukan berarti ga bisa serius. please be smart, ga semuanya bisa lo candain. jangan biasain bikin orang risih dengan sikap lo, jadi sekarang gua minta tolong please lo semua uncrush gua tolong banget. gua ga nyaman sori",anger
9763,"ga enak rasanya, aku salah. apa lagi aku bodoh banget",anger
1557,jadi khawatir laptop ku ga kuat sama semua app buat kuliah,fear
1487,"malu malu , takut salah langkah",fear
8840,"ya ampun nih hari ulang tahunku, cuma satu temen yang ngucapin, sial banget",sad
11573,"aku suka banget sama kamu, kamu lucu banget",love
6772,'jebal kajja' sedih banget pas dia ngomong kek gitu,sad
2115,semangat sayang,joy
8868,"ya udah, ini aku bingung mau sedih atau seneng, i vote for the at the :(",sad
618,masih bisa menanggapi dengan candaan walaupun dalemnya emosi sih wkwk,anger
5349,"jangankan jatuh setetes air matamu, selembar daun jatuh pun allah tahu, jangan kau ragu akan kebesaran tuhan mu, yang telah mencukupi semua kebutuhan mu",neutral
7233,"gemes deh gw tau aja, malu banget gw wkwk",joy
11339,"momok aku tuh selalu ada di sampingku, selalu mengerti dan memahami apa yang aku rasakan, aku jadi merasa terlindungi dan aman. Aku sangat mencintai mama, jangan pernah pergi",love
3396,"selain kandungannya, aku suka banget sama teksturnya yang cepat meresap saat di apply ke kulit, & pastinya ngga lengket, packagingnya terlihat mewah & pemakaian serumnya gampang banget, tinggal ambil pipetnya lalu teteskan dan oleskan ke kulit wajah secara merata.",love
1600,gampang nanti ta pancing pake tambang timba tapi jangan dalam dalam takut ga nyampe..,fear
8642,udah biasa sakit hati sama yang kalahin,sad
8821,"maaan, denise baru saja menulis lirik untuk album terbarunya, aku sangat kagum dengan kecerdasan dan kepeduliannya terhadap seni. Semoga dia terus berhasil dan bisa menjadi contoh bagi banyak orang. Aku harap lagu-lagunya bisa menjadi hits dan membuatnya terkenal.",sad
1615,"aku gak kepikiran sampe kesitu ka, soalnya aku buru-buru karna itu wl aku takut keduluan orang",fear
1752,kaget bgt tbtb jamet,fear
6503,"pagi bang jon bukan nie? kangen ama ocehan bang jon,, sepi banget dah tl cuma mimin aja yg keliatan",sad
6351,kalo dipikir pikir serem juga ya kalau semua orang bisa meraih mimpi mereka. kan siapa tau mimpinya jadi kek pol pot atau siapa gitu alias nyusahin banyak orang. tapi ya sedih juga kalau ternyata kita lah yang gabisa meraih mimpi itu. tapi ya gimana lagi yekan.,sad
2083,ni nder ayo semangat,joy
11841,"jadi jatuh cinta sama keluarga, alhamdulillah",love
9045,"dah ga usah marah marah, sekarang ga ada yg perlu ditangisi, aku hanya marah ke kamu",anger
7883,"sukses mion, aku bangga sama kamu",joy
7315,"keren banget sih, aku baru bisa pake laptop di kelas 1 smk. jadi jangan cepet-cepet, kalau keadaan ga mendukung, yaa mau gimana? gak apa-apa, semangat. mulai sekarang sedikit demi sedikit pelajarin yaa? ke sodara atau temen yang punya laptop, kamu minta ajarin gitu",joy
9414,"gemes deh akun yang suka ngomongin aja salah satu member, lalu ngomongin sama akun lain, akhirnya berantem, akhirnya berubah menjadi akgae, akun itu aku maless mutualan sama orang yang nggak bisa berbeda-beda",anger
675,"pram said ini lgu buat kalian, yang punya rumah tapi terpaksa pergi karna suatu keadaan bangsat itu aku",anger
2545,happy birthday marr!! bahagia terus yaa,joy
11472,"mv nya bagus, simple tapi ngena dan enak di liat",love
10479,"oh gak, kalo sampe papasan sama ayam, gue ngeri mulu. gue pengen lebih deket dengan orang lain, tapi gue malah ngerasa lebih jauh dari mereka. gue cemas dan was-was",fear
3999,done bismilah makasih giveawaynya kak semoga sehat selalu panjang umur dan banyak rezekinya amin jangan lupa istirahat dan jaga kesehatan ya kak mau jeno ecan jga gapapa kak yang penting di kasih semuanya suka kak,love
11963,"weekend pasti paling nyesel, apalagi weekend bareng keluarga, aku dan keluarga suka banget nonton drakor bareng, kalo kamu gimana nih bestie?",love
175,"makanya anjir gue emosi, kesel banget nontonnyaa",anger
6061,tetap semangat biar cepat sembuh y pak rektor tweeter sepi tanpa mu bagaikan sayur tanpa ikan asin..,neutral
3609,"kalau denger lagu loey, pasti yg pertama suka yours. sayang sama suka bngt sama lagu ink. kalau gak dengerin lagu ini, mungkin gak bakal kenal exo:((",love
9875,"oh my god kenapa pagi-pagi aja udah emos gini, weekend tolonglah, kalo mau pulang ya pulang aja kaga usah tanya-tanya gue kan gue juga jadi ikut mikir",anger
3787,"semua berawal dari mata. saat bertemu, merasakan suka yang datang begitu saja. perlahan menjadi sayang. kemudian, takut kehilangan.",love
11072,"kena kopi? aslinya ga kena, tapi katanya karna musim baru",fear
2225,semangat buat hari ini! ;3,joy
7750,"gue belajar banyak dari kamu, jadi aku seneng banget",joy
9754,aku bingung. siapa yang sengaja menggoda presiden atau siapa yang bodoh? anj,anger
1126,"aa kesel bgt anying. dia sudah di bandaraa, gift gue blm siap. ya allah sedih bgt gue uda gbsa nepatin janji buat meet up dari desember trs harini gbsa nganter dia ke bandara, ngasih gift jga engga!!",anger
5964,"bentar lagi yaa riin :) kalo rumah sepi, langsung pergi",neutral
10412,"hiks, kalo pms sakit bel ga bisa minum obat ga mau ketergantungan, udah coba dikompres pake air anget, kering abis",fear
2441,"semangat buat hari ini ya!! u deserve to be happy. anw, jgn lupa sarapan adet",joy
1322,ermm.. mcm berat je ilmu ni. takut tak tercapai sbb takde ilmu persilatan,fear
1603,wkwk kaget tbtb tur. adooh,fear
4210,baru saja mengirim foto manyar gresik,neutral
9815,"ahay anak muda bodoh, cuma pintar ngomongin foya2. mulai sekarang, janganlah lagi halu kamu",anger
10843,"aku malu banget nih, nih, nih",fear
4065,"sampe sekarang gue masih sedih bakal nangis kalo baca liriknya. serelate itu sama kehidupan banyak orang. karya yang di tulis mark beneran bagus banget dan dari segi vocal, rap, semua yang dia lakuin di mv bener keren banget! dan bikin gue bangga sama mark huhu ily",love
8074,"senyum bukan selalu tanda bahagia, kadang orang tersenyum hanya karena tak ingin menjelaskan kenapa hatinya tertekan",sad
11770,"jadi aku kangen sama teman-teman, tapi ya apa boleh. kalo aku udah nggak terima, kalo aku udah nggak mau, ya udahlah. biar aku bisa jalan sendiri dan bisa nyaman, biar aku bisa bilang apa adanya. kalau sekarang udah nggak, udah pada dewasa",love
8944,"waaah gue liat haechan di tl tuh beneran mellow, rasanya putus baik-baik tapi seneng juga liatnya, kayak, oh dia masih sama kok, masih sweet as honey, sedih",sad
6070,daripada sepi meningan tambahin followers kamu disini,neutral
4071,ngeliat teaser wonpil jadi sedih anjir apaan sih sebel tapi sayang,love
1507,kejer panik takut kebakaran dormnya,fear
1559,"tafsir ya... antara kaget dan ngga kaget tapi tetep aja, ngeri boi",fear
5894,"link nonton tsuma shogakusei ni naru,drama jepang penuh tawa dan tangis",neutral
7599,"yeay akhirnya ga malu lagi, happy banget",joy
10693,"pak tolonglah, saya takut anak saya akan divaksin, dia baru berusia 9 tahun. Setelah divaksin, dia sering sakit dada. Saya mau bunuh diri karena terlalu tertekan dengan vaksin ini, tolong saya pak!",fear
10261,"ngeri ngeri senja, takut nanti skripsiku jadi terlambat",fear
7322,"sarapan terlebih dahulu, semangat buat hari ini",joy
1836,rodo ngeri sedep bismillah iso yo iso semangat garuda muda,fear
1354,"heh salah upload, malu",fear
12494,"iya aku suka banget ngomong sendiri, kalo ga ada orang yang ngomongin aku sih",love
10790,"astagfirullah, nggak percaya banget ini notifnya, nggak tahu ini mau gimana, aku bingung juga",fear
11105,"ngeri banget, bawaan hp gue dijinjingan, ga tega gaes",fear
4723,minum air panas tapi yang kadar panasnya kira kira 65% jadi bener bener ngeredain gatal untuk obat aku kl batuk seminggu lebih baru biasa ke dokter jadi ga berani saranin obat..,neutral
12460,Haechan ini pasti ada yang bilang hal manisnya. Dia manis banget. Semuanya disayangi. Dia suka banget mengasihi orang.,love
4032,"morning mint, kenalan yuk. kamu kalo aku deketin ada yang marah gak? ;)",love
8246,"malu sendiri, mager baca buku",sad
6343,":"" w sedih bgt kalo smpe gjdi",sad
5998,"semoga rezeki wlw udh dr kemaren mau beli aki motor sama bayar spp anak bang , ngojeknya lg sepi jd nunggak bayar spp nya semoga diqobul amin",neutral
12118,"aku cinta banget sama kamu kak flo, aku mau beli kamu kak flo !!",love
11213,aku suka banget sama anak itu,love
9332,"jangan ngomong kayak gitu, jangan jadi shipper, nanti ga bisa ngerasa gila sama noren",anger
2251,"tuhan, semoga istirahatku malam ini kau damaikan, dan pagiku kau indahkan dengan harapan dan semangat baru. aamiin",joy
1025,oalahh jadi elu yang suka kentut diem diem?? mana bau banget lagi njink,anger
10465,"ngeri nih liat draw group B, kepanikan gueeess",fear
6029,"normaly 1 jam itu 1 juzz, perlu waktu 30 jam untuk khatam. sementar 1 hari itu 24 jam, maka perlu percepatan waktu utk khatam 1 hari tanpa makan, minum, istirahat. percepatan 2x saja terdengar suara kusut apa lagi 7x. yg seperti dia nggak perlu dihukum, bakal mati sendirinya.",neutral
6051,berbahagialah jika kamu masih bisa merasa sedih karena itu artinya kamu siap menerima kebahagiaan yg lebih bahagia gigitch,neutral
4974,"ngga pernah, aku juga sering di sangka line 91/92 ngga marah :(( kan dia ngga tau nder, maklum aja",neutral
3397,"seneng mereka nikmatin banget waktu mereka di amerika, ngelakuin yang mereka suka, kerja sambil liburan banget ya vibenya",love
313,pagi pagi dah marah marah,anger
8136,"aku sih ga ikut ngeluh, tapi kenapa kok aku ikutan sedih ya?",sad
9553,"emang ada temen yang gak pernah ada pas kita butuh, tapi ketemu deh pas temennya butuh kita. padahal kita udah bantuin dia berulang kali. ayo bangkitkan amarah, anjinggggggggg",anger
7885,berasa paling best kalau udh tinggal dikit lagi yg gak bisa jawab termasuk kitanya wkwk,joy
10443,"gw cuman baca gitu, ga tau siapa yang nulis, gw khawatir mungkin penulisnya anak-anak",fear
4902,ibu gurunya menjelaskan siswanya biasa saja tidur ngumpet,neutral
10441,"oke banget ya ngeri, aku ngeri juga",fear
5763,"haii, terima kasih sudah menjelaskan nya dengan bahasa yang baik. aku lebih suka penjelasan dan pembahasan kamu yang kayak gini. daripada kebanyakanborang2 yang qrt di base kemarin. aku minta maaf karena sering pke aku pikir ini sma aja kayak yg wp gitu dan karena banyak yg pake”",neutral
2970,tau aja lu kan jadi malu gw wkwk,joy
5843,"jangan sedih bila belum dipromosi karena tidak pandai cari muka, 'muka' akan datang jika anda tetap bekerja dengan hati.",neutral
12464,"gw suka banget sama ibuku, dia jago banget ngerjain orang yang ngelakuin yg gak benar, ga ngelindungin diri sendiri tapi justru menghadapi masalah itu sendiri, bahkan lebih dari itu. gila sih dia, tapi emang gw juga jadi kayaknya gitu",love
3885,kebiasaan banget suka ngabarin dadakan,love
12102,"pagi-pagi gua selalu buka tello, dan terus ada yang kirimin ginian, makasih banyak. Semoga kamu cepet sembuh ya, nanti gua update lagi. Semoga cepet sembuh ya, ini gua beneran",love
9728,"jadi takut deh, karna akhir-akhir ini banyak yang ngajak investasi dan malah bodong. Soalnya diawalnya sih baik banget, tapi malah ngebodong. Aku kaget banget. Harusnya sih jangan diawalnya baik, baru jadi bodong. Karna kalo mau bodong, harus dari awal jadi bodong, ya?",anger
4771,"jadi keinget,, dulu suka bgt ma ini lagu ampe ngapain aja tuh nyanyi lagu ini, mandi,makan,kerja,santai aja nyanyiin nih lagu tanpa tau videoclip aslinya.. pas buka ytb and nonton vclip nya,, auto kicep saya tapi jujur lagunya emng bagus nagih lagi",neutral
5426,"mungkin lain kali dia bisa menyatakannya secara jelas. walau begini, dia cukup senang. semuanya tenang sampai matanya bertemu dengan mata inupi yang baru saja datang.,inupi terlihat marah dan kesal, dari tatapannya saja draken sudah tahu. ia berdehem kecil namun draken-",neutral
9022,"gemes deh lagu kelentang kelentung diomongin ke english, ga abis pikir",anger
4914,"pedri : ""atletico? merekaa akan keluar untuk menekan seperti biasa dan mencuri bola dari lapangan lawan. mereka memberikan banyak intensitas dalam permainan. kami berharap untuk menguasai bola dan memainkan permainan kami.",neutral
8098,jadi ga mood buka twitter bawaannya jadi sedih,sad
12402,"cinta deh, pas naik motor sendiri kaya me time",love
8956,"bangun tidur denger kabar jelek gini, sedih bgt",sad
9850,"jangan sampe anak cucu aku jadi seperti mereka, yang kegilaan dan tidak malu",anger
1840,gue malu bgt di idm masuk wc cowo,fear
11440,"aku suka banget dengan produk ini, teksturnya lembut dan wanginya harum, aku suka banget dengan cara kerja produk ini yang bisa membuat kulitku lebih sehat dan terhidrasi",love
8985,"aww man, bnyk debu yg mengubur kenangan, aku sedih krn harus meninggalkan tempat ini, meskipun hanya 1 tahun, tapi itu adalah salah satu bagian hidupku",sad
3673,agatha chelsea cantik bangett suka banget liatnya,love
10338,"serem banget deh liat foto-fotonya, tapi kepo aja gitu",fear
11564,aku bingung kok akhir-akhir ini suka banget sama orang yang ga pernah perhatikan aku,love
4698,"saya mau alih profesi, narik (taksi) online jadi sampingan saja,"" jelasnya.",neutral
12568,"kalo kamu lagi nyari jasa un-sus un-lock, bisa ke yap, unlock all case 5k / acc, unlock umur 7k / acc, unsus biasa 10k / acc, payment dilakukan di akhir, close uns permanen semi perm",neutral
3320,sopaa!! cuz akuu suka banget jurusan tari di sana aku sering ngikutin daily school nya anak sopaa dan itu asik asik bangett mereka juga suka ada event!!,love
2272,yuhuu semangat sabtuu,joy
11825,"keren banget dapet bebek dari kakak tadi, kaget tiba-tiba dapet DM ps lagi ngerjain ujian anatomi intinya maaf kalo kadang suka jbjb ga jelas lopyuu",love
4254,udah kek hal biasa ngga sih wkwk habbits gt,neutral
4773,iya p santai,neutral
8478,"eh kenapa aku sedih? aku menyesal, kenapa aku ngga kenal bw nya pas dulu² aja sih, pas pertama mereka buat series, yg katanya tuh masih adem ayem aja rasanya, kenapa aku harus ngrasain di moment sekarang sih, yg isinya tuh cuma war³ terosssss, jujur aja aku emng masih awam banget kenal bw-",sad
7841,"udah siang hari, ceria juga sih",joy
847,"rakyat sudah ribut dari kemarin, lalu dpr baru kaget sekarang. mereka digaji dengan uang rakyat kemarin ngapain aja? bukannya dpr harusnya check balances? Bikin eksmosi",anger
5360,"kalo nggak kaget, ya heran.. cukup di situ saja",neutral
6604,"sedih dari segitu banyak yang lihat tweet ku gak ada yang mau bantu, hanya beberapa orang yang sudah bantu aku bisa dihitung. terima kasih semoga allah ganti lebih banyak",sad
9808,"yang ngomongin kalo aku gak dipenjemin duit, ya ga usah, aku ga mau yang lo mah enak bla bla, aku mau yang lo mah enak bla bla, aku mau yang lo mah enak bla bla",anger
10033,"takut ga siap siap buat exam ni, tapi nanti habis cepetanlah",fear
5278,pembelian panik sebabkan kekurangan telur ayam,neutral
4597,"baru saja mengirim foto jayapura, indonesia",neutral
1417,"gw ragu mw bls make kata2 apa pake foto juga, dan akhirnya keluar dh",fear
7089,"semangat yach, aamiin, semoga bisa upgrade ke vivo y12 yang udah ngeleg",joy
3848,aku suka bgt sama kata kata kamu yg zjjaakmwks i rlly feel lovedd. aku tungguu actionnya ya sayang!!,love
604,"dah mulai mentalbreakdance~ lg kemarin menjauh sbntar krn ga pgn bocil kena vibe negatifku, emosi bgt smpe banting pintu kmr mandi, mandi siram kepala smbil nanges, keluar kmr mandi dah mendinganlah",anger
6412,sedih aa. tahan ngantuk kot,sad
2078,"okay, kak icus juga semangat ya",joy
8114,"wah ampun, baru bangun liat denise keluar dari sn, sedih bgt, hiks",sad
2311,"aku menemukan kentang goreng yang sangat enak aku akan memberitahu kalian nanti tunggu saja tidak sekarang, karena apa saja bisa dijadikan konten aku akan melakukan apapun dengan diriku sendiri jadi ini memakan waktu yang lama ^_^",joy
4343,kabar dari kamulah yang sslalu ku tunggu.,neutral
11577,"aku sayang banget sama mamah, mamah itu tetep punya peran penting di hidupku. mamah pasti tau kalau aku selalu makan nasi, nasi itu makanan favoritku. mamah pasti tau kalau aku selalu memperhatikan mamah. aku sayang banget sama mamah",love
1982,"jangan pernah lo sia2in, lo kecewain, lo sakitin orang yg sayang dan udah nyaman sama lo demi orang yg lo suka. jangan!",fear
4466,"hi, kak ryan. diar konfirmasi terlebih dahulu, apakah hanya pada saat akses apple tv saja atau akses lainnya juga kak? -diar",neutral
199,bodoh ajgg,anger
485,arghh emosi liat bang ziel,anger
3270,"another level of lockey, dari sedih bisa ketawa wkakwkk",joy
4724,bukan siapa2 tapi merasa prihatin saja sebagai sesama anak bangsa,neutral
2823,semangat bro,joy
4551,"pasti kamu punyanya adik ketemu gede ya nder, makannya kamu ga biasa manggil adik. kamu bisanya manggil nama",neutral
3245,alhamdulilah jimin akhirnya negatif juga ya sayang seneng banget dapet kabar baik dipagi hari huhu sehatsehat be,joy
4453,mrk ga akan pernah telusuri dg tuntas makna kisah dan ayat alquran yg disampaikan. spt biasa ambil sepotong ayat lalu sebarkan demi menjelek2an ajaran islam.,neutral
9090,"jangan coba-coba bikin emosi, aku ga mau",anger
7033,":(( kdg suka sepi, tp beda lg sepi yg ngerasa kehilangan gitu loh.. berasa asing banget",sad
3749,"wkwkwk karena biasanya berawal dari coba-coba, kepo, dan lanjut ketagihan. kalo ngga suka sih ya ga bakal lanjut. aku dulu juga kepo bau tembakau tuh gimana ga enak. pas di lab waktu itu ada yg bawa tembakau bused baunya kek obat rumah sakit enek banget",love
2202,"pelan pelan sama yvyv h*jnya dibalikn ke ranjang. ga kasar ga kenceng,""sayangnya, yvyv nakal ya. ditinggal malah main sendiri. ya udah main aja situ sama bantal hyung lagi. "" h*j geleng geleng panik. asli suara y*hnya lembut bgt. ga kaya marah. ""ga mau, ga puas. pingin yvyv""",joy
7203,"yeay akhirnya fix, enak bgt deh",joy
10279,"gak percaya, ini kereta udah berhenti di atas peronnya, aku bingung, kebayang kalau di dalamnya penuh, kaget",fear
2794,hahaha lebih enak pakek nalar daripada mikir itung itungan,joy
12353,"wenzhou anak keren banget, anak jepang suka bikin fanartnya, keren abis liatnya huhu",love
10299,"woooow, siapa yaa yg pgn ngajak ngomong",fear
8701,"habis liat berita denise, aku sedih banget dah. padahal vocalnya paling bagus di sn",sad
524,pagi pagi emosi,anger
947,sayang tidak suka ya kalo sih pacar mu itu dateng pada acara meet and greet kamu nanti saya harap kamu menghargai perasaan fans saya tidak mau acara kamu kacau hanya karna pacar mu itu dateng .,anger
9729,"wordle 231 4/6, ga bisa nebak huruf lain di percobaan ketiga, nggak tahu kenapa",anger
11297,"jangan panggil tukang, panggil saja sayang, sayangku sayang",love
1280,kating takut adek tingkat aku doang keknya. ini matkul wajib padahal bukan mkp :),fear
122,lagian sih kemarin siapa sih yg milih ini gubernurr ???? wong dudul koyok ngene .,anger
4366,"lupakan saja kawan,on time bukan budaya kita~~ aku yo gtu,klo ga ontime hati gelisah,pas ontime sepi",neutral
5006,"kesalahan adalah kata yg paling di benci orang,tapi orang akan lebih baik jika dia sudah melakukan kesalahan.",neutral
6175,"ya kann, selamat baca au yang sedih sedih dah",sad
2302,"senang bangett pagi"" baru bangun udh dapat kabar baik dari jimin",joy
11352,love youuuu! aa gemes banget snacknya huhu aku suka banget sama kamu mwaah!,love
9981,"mampus siapa yg nekat ekspedisi ke luar negeri sekarang, aku ngeri bgt sih",fear
1005,gak suka banget kalau ujung2nya kek ngebandingin kerja keras orang. kek apa anjer masing2 orang udah kerja keras sebisa mereka,anger
3460,suka banget liat taemin pake baju ini cantikk,love
10347,"eh kok semua kena panik gitu, mungkin benar semua takut",fear
9443,"gemes deh, iri lo gitu makanya jangan gatel",anger
11305,"aku suka banget bakwan sekarang, tiba-tiba ga suka risol lagi",love
3055,"paling suka sih sama line guardiannya yg terakhir kali, seinget gue yg di versi thai guardiannya juga bilang gitu ""after all, life is a merely long-term homestay"" itu bener bener kayak, astaga.. mixed feelings banget pas denger itu",joy
3566,"suka banget sama layoutnya, thank you ya",love
10223,"aku ngeri banget nggak bisa tidur, klo di situ ada manusia ngintip baru tuh g bsa tdur, kan serem bgtt",fear
2132,pagi yang ceria,joy
11322,"aku suka banget sama day6. aku cuma denger 2 lagu aja dulu, terus lama2 enak, lama2 asik, lama2 kepoin jae, lama2 kepoin doun. gak tau kenapa suka dan jadi fans cinta banget mereka. semua",love
5963,"selamat pagi, jgn pada kecewa.. ini wiken loh",neutral
6613,"gue tim raydu, tapi liat ini sedih bgt fak",sad
229,kesel bgt anjir pagi2 udah ribet lu bangsat,anger
9355,"jangankan ada masalah sama otaknya, diotaknya ga ada apa-apa",anger
4001,"dk jg kirain cool and calm namja tp bagong bgt ya kak huhu dk ilysm makasih udh suka kasih hiburantt the8 kalem begitu savage abiezt jun haha junn the most random keknya selalu menebar tawa kaya ada aja tingkahnya, joshua seller prakarya",love
11499,"jadiin aku bingung, aku suka banget tulisanmu, cantik banget",love
10050,"aku malu banget kalau mau ngomongin, tapi ini penting, aku harus ngomongin",fear
7275,"hore hari ini streaming, semangat ya gita",joy
3007,"alhamdulillah kalau nanti balik lagi, panik banget tadi tapi bersyukur ja deh",joy
8660,"hehe, aku baru buat akun baru juga, yang lain juga boleh ikutan, kok sepi kok :(",sad
4587,ada kabar kalau smt ini masih tuweb nder dr upbjj ku (belum pasti),neutral
4221,"kalau mau saling mengerti, lakukan saja setelah membuat lawan mengalami hal yang samaa (yahiko, chapter 372)",neutral
7780,"yeay akhirnya jimin sembuh, aku happy bgt gaes",joy
7250,"selamat pagi teman-teman. Tante baru bangun pagi, nyenyak banget. Semoga sehat dan bahagia selalu teman-teman se-alter. Tante punya rejeki hari ini, dan cemilan juga ikut menemani tante visit pku. Tante suka bawa cemilan.",joy
5556,lockey sejati semangat,neutral
2750,"doaku ga minta banyak kok, cuma yg aku sayangi bahagia selalu, seperti km, ya km yg baca tweet ini",joy
6962,gk enak bgtt iki,sad
6434,sedih:(,sad
4376,"coba tebak, siapa yg baru saja tersingkir dari fa cup?? inisial emyu.",neutral
2944,"itu pas workshop school rangers bareng anggota baru, trus pas main game celananya p'nicky robek. gun keliatan kaget gitu, off mah ketawa ngakak",joy
5151,"hal itu berjalan selama setahun, lancar tanpa halangan. tetapi suatu ketika, dana mengetahui semua apa yang dilakukan anak bungsunya selama setahun itu. dirinya benar-benar marah, tidak terima dengan perlakuan fauzan.",neutral
2718,semangat tinaa!!,joy
7406,"jgn pernah putus semangat yaa, terus jadi orang yang sukses",joy
7590,"ya udah deh, siapa sih yah, aku ga tahu. Kalo mau ngasih temen, coba aja deh, mungkin gak mungkin. Mereka lebih suka dikasih boba daripada gambaranku. Hahaha",joy
6159,jd sedih aq,sad
11036,"ngga pengen pacaran, karena aku takut aku bakal dijadikan penggugur anak ya",fear
12272,"jangan pernah malas mengucapkan kasih sayang, lu malah yang menerimanya wkwk. semoga kau bisa mengekspresikan cintamu ke orang yang kau sayangi",love
7746,"Selamat pagi, cewek keren! semangat hari ini! jangan lupa tersenyum hari ini! Selamat hari!",joy
4161,"setiap pesan yang kamu mulai, menciptakan secercah harapan",neutral
10732,"sering ada debt colector ke rumah, nanya nama yg aku sendiri ga kenal huhu, takut",fear
9702,kok kagak diperhatiin ya? Bodo amat sih!,anger
11405,"aku seneng banget bisa ikutan webinar tentang hubungan yang berbahaya, teman-teman yang masih galau karena masalah cinta, yuk ikutan webinar ini",love
10365,"aku gak mau ngomong sampe ke situ, gue buru-buru karna itu waktu liburan gue, takut kalo gue ngomong dulu gue bisa kekalahin sama orang lain",fear
6870,masa pagi dah nangis. benci bgt sma hati ku ini lemah,sad
11056,"bingung sih, ketemu di final ntar gak tau apa yang bakal terjadi",fear
11149,"jadi inget kejadian dulu pas booster, baca news aja jadi takut for booster sebab baca news regarding post-booster effectsi mmg ingat nak walk in ppv dkt pwtc tu je nanti hahah",fear
4867,"mohon izin memastikan kembali, kurikulum yang diisi hanya sampai semester 5 saja kan min?",neutral
6561,min mending pc nya dibanyakin deh supaya kejadian yg merugikan ga terjadi lg. kontrak dgn dreamies nya setahun kan? nah banyakin pc nct dream nya selama setahun ini. supaya kita2 kebagian semua. sedih sih ga dpt2 photocardnya,sad
1017,"amit amit banget gila kek bangga bgt tu orang suka ngentot sana sini, kek big rewards buat dia, sinting banget goblok",anger
8401,"sayang banget ya, maaf ya kalo aku salah ngerti. Aku kira kamu lagi nyengir, tapi ternyata kamu meninggal. Maaf ya, sayang",sad
5411,ga jadi malu satu fandom,neutral
11330,"aku jadi inget pas kecil dulu, anakku juga suka main sinjay",love
1928,feelingku ga enak emang sama ini wkwk,fear
350,"giliran sgala hal yg berbau islam dikebiri,dpojokkan dg alih omikron. srius yg muslim kaga marah??imannya turun atau emnx pura2 muslim?",anger
6662,sumpah sedih banget denise,sad
11763,"mark keren banget, aku sukaaa banget, kaya gila, bakalan suka semua gaes",love
9481,"nafsu sih nafsu, tapi kan kalo udah nikah ya jangan gosipin, gemes deh. apa sih poin ke 3 yang gitu lo?",anger
8570,"eh eh rumah dh sepi, gatau kemana kalian, kejebak kesepian",sad
8111,"terasa sakit banget ngelihat ayahku yang tangan kanannya buntung, sedih rasanya",sad
6407,tapi masih sepi basenya belum ada lagi *mainin pasir kucing*,sad
8015,"ughh gimana ya, harus mute d word gaes. sedih banget ya ga bisa berkomunikasi sama teman-teman",sad
564,makikan je. vvip gampang lagi tolol kayak gitu,anger
1582,"beuuhh, rambo semua modelnya nihh.. pantess dianggap saudaraa..(ngeri kalii maksudnya)..",fear
2175,kokk enak tau mcam kiko,joy
7769,"selamat pagi, hari ini akan lebih baik dari hari kemarin!",joy
12574,"baju-baju aku kebanyakan, ga bener-bener bodoh",neutral
3933,"udah dong~~ paling suka dan favorit banget tuh (some night) terus yg kedua, siren. duh, unnie cantik banget. highlight lagunya enak2. aah, makin gasabar. cold as hell, itu juga keren abis!! proud of you, unnie!",love
2707,"semangat om.apapun pekerjaannya yg penting halal.jgn menyerah, terus berusaha dan kerja keras.insya allah berhasil",joy
12442,"Jeanne beneran cantik, sayangnya dia tak punya rambut panjang",love
6273,"iya, mnrutku jg sii design nya dah bagus. bnyak yg mau nya baju nya pkai kimono gtu, kaya tradi bgt n kecewa knp kya western-ish bgt. tp sbnrnya gak jg, masih khas jp. gak smua chara jp harus se tradi raiden dkk design nya.",sad
3535,"beneran om, dinda ku tahu aku suka banget gado2.",love
9457,"waduh kamu tolol banget, ngapain ya ngomong gitu",anger
9356,"gua marah marah tanpa alasan, kenapa ya?",anger
11687,"aku bahagia banget, diajin nikah sama aku karena dia suka sama aku",love
3739,tapi dulu suka sama aoi pake banget seehhhh,love
11380,"wajib kena cium, suka makan, suka kasih kejutan, suka ngajak nongkrong, suka ngomongin hal hal kecil, suka ngajak ngobrol, suka ngerjain, suka nanyain hal hal kecil, suka ngejek, suka nyanyi, suka nyanyi bareng, suka bercanda, suka ngomongin hal hal kecil, suka ngomongin hal hal kecil, suka ngomongin hal hal kecil,",love
821,"aku sbg yg pernah + juga berusaha utk tidak panik, aku kasih tau lah kalo temen2 yg lain hrs lgsg pada swab, antigen dulu aja blabla. ternyata, dia ngeprank doang. aku emosi dong disitu. dikeluarin lah semua stiker kata2 mutiara aku. aku marah2 di grup. krn ga lucu becandaanny",anger
2063,agak enak ya kakk jadi nya,joy
8506,"kadang gemes banget sama emyu, kadang juga happy, tapi emang begini kenyataannya",sad
81,"gue kira di menfess sblmnya lu mau ngejokes trnyata bego beneran wkwk lo ga tau definisi ˜adik ™ atau gimana? semua org nyebut saudara kandang yg lebih mudanya ya ˜adik ™, ga usah nyuruh2 org buat ngaku deh, lo doang yg mikir bgtu bego! ga jelas lo",anger
8484,"aku nangis karena takut dan merasa sepi, rasanya cuma ada aku dan diriku, aku takut kehilanganmu",sad
11655,"mereka itu keren banget, aku suka sama mereka",love
2697,"waah enak betul baru bangun hehe, ayo cepet bangun trus mandi",joy
831,baru kemarin ketemu spesies yang begini. mana dia ngomong dibesarin lagi suaranya sampe sekelas denger. aku balas lah emosi kali aku wak,anger
4574,"flu biasa jg gampang menular, knp tidak dikarantina? kematian rendah knp omicron dibedakan dg flu biasa? bbrp negara sdh declare omicron = flu. yg harus tegas skrg adalah penggunaan masker (wajib) dan prokes lainya. razia prokes tanpa henti jangan pernah kendor!",neutral
3826,walaupun ketutup masker suka banget aura mark disini ampe merinding,love
10482,"jadi bingung mau pake laptop ku apa ga, kalo ga mungkin gak bisa kuliah",fear
2833,semangat presidenku.. presiden kita..,joy
8334,"gak nyangka banget, ternyata kecewa itu gara-gara kita yang terlalu berharap",sad
11700,"-hey aku enggak jadi pengagum Yujin tapi aku ga tau kenapa aku lagi suka banget kepoin Yujin kaya dari fancamnya, foto-foto dia, dll dia ga cuma cantik tapi gergeous",love
6984,"pusing banget, tapi suka, sedih jadinya ya gk kesampean",sad
48,ini faisal basri ngga lagi kena stroke kan? atau tiba2 mental retarded? ciri khas jokowi? ketukar sama sby pak faisal. jgn bangsat drun.,anger
7209,"makasih makji nih, kagum sama kebaikanmu",joy
5169,kok u bego,neutral
8332,"aku sedih, ga bisa ngomong",sad
9632,"jangan marah yaa, sabar ya, ikhlas ya",anger
10044,"ngga percaya, gitar yang dibawa itu ternyata gitar siapa ya, takut banget kalau salah pilih",fear
9471,"masya Allah, waktunya ngomongin semangat di pagi hari, semua pegawai di kantor harus PCR dan swab. Saya yang mendengar ini langsung mengatakan semoga semua masuk sorga. Tapi orang itu langsung menolak dan mengatakan anti rezim dan menghina saya. Dia seperti pentol yang ditembak, langsung terbakar.",anger
4095,baru saja mengirim video,neutral
2689,"selamat pagi cantikku,semangat kegiatan hari ini! jangan lupa senyum hari ini! have a great day!,",joy
6216,ada apa ini.?..kok sepi banget. cc,sad
5025,dia ngajak balikan cuma buat bales dendam kek nya wkwk gara-gara aku putusin sepihak tanpa kejelasan. padahal aku gak bilang kalau mau balikan dan dia anggap aku pacarnya. teakhir kali diselingkuhin dan aku biasa aja wkwk,neutral
4845,gapapa udh biasa mandiri dari kecill,neutral
6914,pernah juga gw ke sekolah pake kutek pink mana dateng telat wkwkw ya ampun malu bgt udah telat mana jelas2 ngelanggar aturan sekolah yaudah terpaksa dihapus ;(,sad
2373,"memulai pagi dengan bismillah.... mari kita memulai ikhtiar kembali.,semangat pagi.., eeeaa",joy
8020,"langit jatuhin emosi, nangis, sedih, kecewa, nyesel, maafkan aku",sad
2758,semangat hari ini!!,joy
12032,"akhirnya bisa ngobrol jauh lebih lama dengan ibuku, emang ibuku itu suka ngobrolin, ya ampun, kapan lagi bisa dengerin ibuku ngobrol, akhirnya aku jadi inget dulu saat aku masih kecil, dia selalu ngobrolin sama aku",love
7189,"semakin kubesarin suara gue makin ga enak, aku pengen duet sama jungkook, tapi kalo kubesarin suaraku dia pasti sawan",joy
6178,sedih tp lucu tp sedih,sad
5847,"banyak orang bahagia hari ini, yang sakit disembuhkan, yang sehat dijaga kesehatannya. yang sedih, semoga cepat bahagia.",neutral
3880,suka banget ngegadoin susu bubuk. apalagi pake pisang goreng ato donat duuh jd laper,love
8323,"ya iyalah, seharusnya setiap perjuangan akan ada akhirnya, tapi jangan menyerah sebelum kamu menemukan akhir yang kamu inginkan",sad
9008,"mendingan kau yang sok pintar, kau yang sok cerdas, kau yang sok cerdik, kau yang sok cerdas, kau yang sok cerdas, kau yang sok cerdas, kau yang sok cerdas, kau yang sok cerdas, kau yang sok cerdas, kau yang sok cerdas, kau yang sok cerdas, kau yang sok cerdas, kau yang sok cerdas, kau yang sok cerdas, kau yang sok cerdas, kau yang sok cerdas, kau yang sok cerdas, kau yang sok cerdas",anger
4934,treasure island cup bonek tak terima dengan baik dan benar saja tak cukup untuk membuat kulit wajah yang cantik dan seksi pada saat itu juga ya gan ga ada yang bisa bisanya cuma bisa dinikmatin sama jomblo,neutral
11550,"inget banget masa-masa dulu ya, aku gila mikirin orang tuh wkwk, jadi pengen pulang",love
5770,gue kecil kenyang banget dipukul ibu gue. tapi sekarang gue bercandaannya suka manggil manggil dia make namanya doang. habit keluarga beda beda,neutral
11126,jgn khawatir yq aku bisa,fear
3945,"lebih baik perjuangin orang yang bener2 sayang, tulus sama kita, dari pada perjuangin orang yang kita suka yang belum bener2 sayang sm kita.",love
11645,elah.. aku suka banget kombo tawar ijo dan meses itu.. fusion banget aromanya,love
2164,semangat ktnya,joy
2886,emosi dituangkan dalam tulisan jadi keren gini gila sih keren banget semangat nulisnya,joy
5561,udah semua nder dan aku suka semuanyatp ngga tau knp yg bebas laktosa lebih enak dri pda yg full cream,neutral
9115,"ga jelas deh orang-orang, mereka cuma bisa ngeliat hidup orang lain, tp mereka ga pernah ngeliat hidup mereka sendiri, belum bener",anger
516,emosi bgt miu tahan aku supaya ga gebuk ele,anger
9822,"aku terlalu cuek dan capek berantem terus, tiap kali aku complain dia terlalu sibuk dan cuek malah dia marah, gimana gini?",anger
12212,"aku suka banget makan sempol ayam, cara buatnya gampang banget loh, bisa dicoba yuk",love
172,marah mulu perasaan,anger
639,"ini bukan rp, dan juga jelas dong banyak minor plis jangan bodoh kirim ginian ke base",anger
5382,"kalo dia emang tidak panik, tinggal lepas tangan, toh akan di bela pendukung nya..",neutral
6879,"ah gak ngerti ama aturan kerumunan, kena sanksi ada yg cuman denda 500rb, ada yg kena 5jt, ada yg 20 jt plus penjara 4 bulan..ah sudahlah capek ama yg beginian. maafkan saya yg bodoh dan dungu ini.",sad
1143,buset ngeri bgt,fear
9070,otak orang lo itu bodoh banget. pake sumber yang nasional doang.,anger
7840,"sih udah lama banget gue ga bisa puas pas pagi, kalo abis pup rasanya jadi rasa bahagia, perut jadi langsing gitu, ga enak deh",joy
10540,"alhamdulillah aku selamat dari cowok itu, tapi rasa takut dan trauma masih terasa sampai sekarang, sulit dihilangkan. Sama seperti dulu, teman-teman cowok suka gangguin cewek, tapi mereka memegang dada cewek jika mengganggu.",fear
1832,mau agak bar bar tapi agak takut juga kak,fear
10601,"eh gak usah ditag sama siapa, aku udah merasa begitu sendiri, mending jangan ditag sama orang yang ngeliatin aku",fear
6753,"kecewa, ditambah malu2in bisa ketahan smpe adu penalti dri team championship padahal 3/4 pemain inti yg main",sad
3686,"selamat malam kamu yg ngeselin, ngebetein, yg bikin jengkel, yg suka ilang-ilangan, tp ngangenin, aku sayang kamu mimpi indah ya kamu ;3",love
9558,bapak emak w emang cuman ngeles,anger
10812,"aku ngerasa kalo semua orang bener-bener takut, betul?",fear
4537,"juli tak terlihat dirimu, habis ke mana saja",neutral
11350,"keren banget design rumahnya, sayangnya kalo di bogor anginnya terlalu kencang jadi harus di alter supaya bisa tertutup",love
8048,"nyesel banget, aku nyesel banget",sad
834,kaget doang ga guna banget,anger
2486,makan nasi campur pakai gorengan enak,joy
9422,"akhirnya marah banget ya, ga mau dipaksa lagi",anger
6259,sedih bgt gk sii,sad
10829,"eits, permainan emosi dimulai. Saya dan teman-teman siap menerima pukulan dan tangkisan. Tapi, saya yakin akan menang. Tidak akan ada kegagalan dan kehancuran. Ini hanya upaya mencari keringanan saja.",fear
6013,"jangan sedih bila belum memiliki materi, sedihlah jika kekayaan hati belum dimiliki",neutral
11099,"aku takut nih nonton kukira kau rumah, rasanya sedih bgt",fear
7450,"kejarlah mimpi-mimpimu, ntar kamu dapetin ayangnya",joy
5961,"semoga allah melimpahkan banyak rezeki orang orang yang bersangkutan, agar tidak membuat sedih mama dan saya, dengan tidak mengambil alih pesanan orang. semoga allah menggantikan rezeki baik berkali lipat untuk mama agar bisa terus membayar cicilan rumahnya. aamiin.",neutral
65,aku benci kata jenuh,anger
8674,"aku pikir kau rumah, tapi judulnya aja udah ngebayangin sedih banget deh.",sad
12131,"aku suka banget webtoonnya, tapi endingnya agak sedih. aku suka banget webtoonnya, tapi endingnya agak sedih. aku suka banget webtoonnya, tapi endingnya agak sedih. aku suka banget webtoonnya, tapi endingnya agak sedih. aku suka banget webtoonnya, tapi endingnya agak sedih. aku suka banget webtoonnya, tapi endingnya agak sedih. aku suka banget webtoonnya, tapi endingnya agak sedih. aku su",love
8602,"pagi-pagi berasa sedih banget, aku ngegambar tapi hasilnya aneh semua, miris deh",sad
2024,sakit banyak quin ini masih mau diperiksa penyebabnya. temenin dong takut nih sepi sekali,fear
6805,sumpah sedih bgt ini,sad
354,brengski w benci bgt sm matek,anger
11997,"keren banget, lagunya bikin seneng",love
4762,wanita mau saja dimadu asalkan sang pria mau untuk di racun.a,neutral
6568,"read this before dengar lagu mark, so bila dengar tadi teringat tweet ni. sedih do senanya lagu ni",sad
10206,"ketika aku sedang geli, aku ingin melakukannya dengan seseorang, tapi aku takut",fear
6551,terus ngapain dipacarin kalo ga bisa kasih kepastian entar kalo ditinggal nikah sedih + nyesel,sad
6872,"sayang nya gue kalo bucin ya mau secakep apapun cowo lain tetep liatnya elo hahah sedih bgt jd cewe ye, knp bucin tolol semua",sad
8621,jadi ya w buang aja. maklum gaada yg beres2 kalo gak pas w libur. dimarah dong sampe marah banget. ya maap w rabun.,sad
4568,"n: tbh, lama banget kita nggak ngobrol karena sayanya kelamaan nggak muncul di grup kuil. semoga nanti saya bisa ngobrol banyak dengan kamu dan teman-teman yang lain. apa kabar, rai? v: genius",neutral
3127,dan ffvii juga! saya suka banget dengan konsep sekolah magic soldier di game ini. dan battle antar sekolah. pertama kalinya cutscene battle squall vs seifer memikat jutaan player (i hate rinoa!) jauh sebelum harry potter rilis,joy
5128,"dendam menyebabkan imunitas tubuh kita mati. disitulah bermula awal segala penyakit, stress, kolesterol tinggi, darah tinggi, jantung dll.",neutral
309,orang2 itu perlu di ajarin attitude berbelanja deh kyk nya. emosi,anger
5106,sedang bodoh saja.,neutral
6651,"kak laraa cepet sembuh yallah sedih bgt, istirahat banyak-banyak",sad
11817,"aku sayang dia, rindu dia, nggak bisa ngelupain dia…",love
6253,"eh asli sedih bgtt padahal debutnya juga belum lama, mana suara dia paling bagus di sn",sad
4354,"ya karena mereka itu adalah kadal gurun yang hidupnya hanya brutal dan rusuh dipermukaan dan kejauhan saja, begitu dideketin dan ditengok saja langsung lari tersilit2 cari lobang seolah semesta mau kiamat, itu dilakukan terus menerus selama hidupnya.",neutral
11238,"maaf ganggu mas, aku mau nanya beberapa hal sama mas. 1. apakah jika hujan deras, suaranya terdengar jelas di kamarku? 2. apakah jika berisik, suaranya dapat didengar di kamar sebelah? Aku suka mendengarkan musik dengan menggunakan speaker.",love
6700,elanga jan sedih:(,sad
12088,"aku suka banget sama kedua produk ini, aku dapet muka glowing, kulitku terhidrasi dan fresh. aku kasih rating 4.7/5 untuk kedua produk ini",love
11617,"ed sheeran lagi hits, aku suka banget lagu lego house",love
2583,wikk semangat syg! jgn lupa makan,joy
9947,"jadi baper kalo kamu marah, ga abis pikir",anger
2770,"semoga hasilnya negatif ya kak sha,semangat!!",joy
4812,"jimin tetap banyak istirahat, minum obat, makan sehat 3x sehari ya sayang tetap i miss u so bad but aku juga berharap kamu lekas pulih supaya bisa ngejalanin aktivitas spt biasa ya",neutral
9082,"gue bingung, kenapa orang-orang itu suka ngehate pake sc? Barangkali kalo lo baca tweet gue, tolong ya lo baca, kalo lo ga suka sama mika, jangan sok ngomong to the point, kalo ga usah kek kontol, sukanya ngehate pake sc kayak orang tolol, pecundang.",anger
11787,aku suka banget sama Allah ya,love
5087,"ga galak sama sekali, bahkan dia gapernah marah t_____t",neutral
9799,"bingung sih, kenapa gue di-chatin terus? jadi ga nyaman. gue cuma mau ketawa aja, kok gue di-chatin gitu",anger
3209,"aku langsung nyobain nder, ini pake minyak telon doang sih. wah luar biasa :')",joy
7441,"Allah berkatimu ya, kesehatan, umur panjang, bahagia dunia dan akhirat. aamiin",joy
3905,"tapi lebih nyaman kalo aku ga suka dia end then dia suka aku sih, jadi lebih ngerasa di cintai bgtt.",love
8354,"5 feb, hari ini aku balik ke jakarta. 12.50. aku sedih, degdegan, mixed feelings banget ampe degan. apalagi tadi dipeluk gitu pas bangun tidur. ck",sad
12117,"aku jatuh cinta sama dahyun twice, awalnya aku pikir dia bakal ngerjain aku tapi ternyata dia tenang dan misterius, aku suka banget sama sifatnya",love
6214,"sedih ku cukup aku yg tau,kamu cukup tau bahwa aku baik-baik saja.:')",sad
6822,huhu pirii kmu hebatt kerenn kerja bagus untuk mv nyaa jaga kesehatan yaa pirii sedih bgt ah gpunya akun twt luu:(,sad
2379,"pagii semangat kegiatan hari ini, jangan lupa sarapan, have a nice day!",joy
10730,ini dia menfess yang gua paling suka. tapi ragu mau repotin atau enggak,fear
6867,"capek ihh, pengen marah bingung sama siapa :(",sad
4169,"andai saja dia percaya.. skenario berikutnya adl (happy) ending. tp mmg belum di-ending-kan oleh sang penulis. kunci-nya percaya, yg biasanya dikonflikkan sepanjang waktua”dipercayai atau mempercayai dulu. saling percaya = (happy) ending of kemanusiaan. langka di kala ini.",neutral
6606,"ya kan, sedih amat",sad
3428,"sender! selamat pagii, selene mau ajukan si tristan karena cocok sama kriterianyaa. bisa jadi bro/boyfie kamu, suka kasih hugkiss sukaa banget kasih afeksi, he is full of love and very affectionate. penyayang banget bangett dan perhatian. he will take care",love
4421,apa kabar semester 8??,neutral
1101,"pagi pagi udah emosi baca au kesel, gak blh ada yg bikin bian kecewa atau sedih ih",anger
9774,"jengkel banget, ga suka sama itu.",anger
12070,"kamu yang bikin gemes, bikin jengkel, bikin ilang-ilangan, tapi sayang, aku sayang kamu ya ;3",love
12013,"gemes deh kak kaia, yang suka menjelek-jelekin anak orang dan foto mereka, anak-anak itu juga manusia loh, jangan pernah jadi seperti itu",love
3250,y pgi pgi luar biasa,joy
4409,sibuk sekolah sm kegiatan organisasi sygg awal tahun lu apa kabar,neutral
4140,"keadilan akan menang katamu..?? tentu saja, siapa yang memenangi perang ini akan menjadi keadilan. [dofalmingo]",neutral
3557,"sedikit cerita hehe jdi gni, gue pernah d tembak nihh dan gila dia bawa temen2 nya juga dong trs dia niat juga bawain gue coklatt, coklatnya banyak banget lgi karna dia tau kalo gue suka coklat",love
9198,"uang penting banget tapi ga jadi segalanya, kalo materialistis jangan sok sok realistis",anger
118,gabole marah  nanti cepett tua,anger
2022,"ini yang gue takut, kalo uda mulai berharap sama orang, tkut kecewa.. :)",fear
4598,"yep. ini satu2nya pesan mama sm bapak sehari sblm nikah ""jangan pernah mukul istri atau anak kamu nanti""",neutral
8763,"kecewa sih sama dia, dia ngapain aja gitu, ya cuma nge chat aja, gak pernah ngobrol sama dia di sekolah, nggak tahu kenapa sih, padahal dia aja yang duluan nyapa sama aku, ya gitu aja deh",sad
11055,"ya Allah, aku pengen pacaran tapi takut malah manfaatin anak orang, kan karma ada. klo misalnya aku salahin dia, dia bisa nyesel",fear
10911,"ngeri sih, ngga tega kehilangan kamu",fear
6071,"padahal akun ini sepi, beda sama first acc ku tapi aku lebih betah disini",neutral
9051,"terus-terusan ada orang yg gampang terpengaruh, terlepas dari fakta yg sebenarnya, jadi bikin kacau",anger
6575,sedih tapi apapun hubungannya at the end of the day bakala tetep jadi stranger gak sih?,sad
4681,tidak membahayakan gimana bagaimana dgn foto udaranya jgn dinilai dari satu segi saja.. ini pendapat saya yg bodoh,neutral
5003,"wkwk kasian yg pendek selalu jd korban btw aku open jasa hapus akun tanpa email dan pass, bayar setelah acc terhapus",neutral
5303,"jangan takut akan perubahan kita mungkin kehilangan sesuatu yang baik, namun kita akan peroleh sesuatu yang lebih baik lagi",neutral
8265,"lagu tu! keren banget, aku inget masa kecil aku denger lagu ini tapi gak tahu kenapa aku suka, kini aku tahu alasannya, sedih gila",sad
4273,di tmpt biasa,neutral
12320,"aku kok sok akrab banget sama orang ini, padahal aku udah gak bisa memaksa buat suka sama dia ya",love
87,sepertinya opung msh dendam bu,anger
7334,"alhamdulillah akhirnya jimin sehat lagi, hehe",joy
3382,kece bngt brokhh waduchh sbl suka banget loch,love
8341,nonton drama thailand. lebih sedih dari versi korea,sad
12110,"oke banget warna pastel begini, aku suka banget",love
403,"satu keluarga suka kucing tapi ada 1 orang yaitu nenekku yang benci banget sama kucing kalo ketauan main kucing pasti diomelin, diperingatin toxo, penyakit, terus bulu nempel sebel banget apaan sih",anger
12260,"udah ga ada aturan lagi, thanks for the ga aku ijin ikutan yaa wish nya ada di foto, takut kepanjangan happy birthday cutest maknanya i love you ;3 extraordinary day",love
3350,gatau tp aku suka banget sama anak itu,love
10484,"aku jadi takut kalau flu menular ke anak, apa ya sebaiknya aku bawa dia ke rumah sakit?",fear
5524,ketoprak lebih enak ya bang,neutral
8889,"kalo dia adalah orang yang gua suka, mungkin bisa jadi pasangan, tapi kalo dia cuma gua anggap sebagai teman, kadang masih bisa jadi teman, tapi ada juga yang memblokir gua, padahal yang suka dia bukan gua tapi dia yang berusaha menyakiti, dan juga tidak pernah berbicara, gua bingung, sedih, dan kecewa",sad
2241,"good morning gita, semangat buat nanti streaming nya (2Œ’_2Œ’;)",joy
11793,"gua udah jatuh cinta sama kelas gua, gimana nggak, kelas gua paling keren, apalagi guru gua yang keren2",love
10170,"aku jadi takut banget, gue khawatir gaada yang ngedukung aku",fear
8261,"terlihat begitu meyakinkan namun menyakitkan, suatu saat kau akan mengingatku, entah sebagai orang bodoh yang berhasil kau tipu atau sebagai orang baik yang kau sia-siakan",sad
1027,sinyal kenapa suka banget bapuk tibatiba y. emosi allahu,anger
12224,"aku suka banget sama pandangannya, kebetulan kita di sini",love
6874,"gmn ya. rasanya hidup gue g bergairah. gue tinggal dgn org yg gue gkd rasa tapi gue menggantungkan ekonomi sama dia meski dia pas2an. dan org yg gue suka d rp bokek, trs bego dan penghianat. ntah rasa gue masih ada apa gk. gue juga g berharap ketemu yg lebih menarik. g mungkin",sad
2436,"semangat ya, fase fase seperti itu memang luar biasa",joy
9366,"ga jangan marah marah, kalo marah nanti lekas tua deh",anger
8510,"aku menangis karena kangen, bukan karena sedih, nih dia ga tahu",sad
1278,bismillah desiliun tp takut berat nanti hisabnya hh,fear
7820,"puji tuhan akhirnya jimin udah sembuh, seneng bgt",joy
8066,"emang imlek udah berlalu, tapi aku masih kesal roti srikaya yg kehabisan. Cuma roti pandan yg tersisa, jadi aku sedih",sad
5157,ada rasa kesal ketika orang lain berprasangka atas apa yang kita kerjakan. tapi seringkali kita tidak bisa mengkonfirmasi seluruh pekerjaan yang kita lakukan,neutral
1425,takut sombong,fear
5027,"iya emang episode awal aja, mulai pertengahan emosi kita dipermainkam pdnim. apalagi 3 episde terakhir",neutral
7297,"yaaa rumah sepi, kita party sih wakwakkk",joy
1502,"tapi lanjut dimakan gak? takut banget kalo lanjut makan, takutnya ada pecahan beling kecil masuk ke perut",fear
12270,"gue jatuh cinta sama dia dari 2011, eh ternyata dia juga jatuh cinta sama gue, cinta itu berbalas",love
10786,"sih kita semua emang punya perasaan marah sama prof, tapi jangan dendam ya prof. kan waktu milih kita serahkan semua pada Tuhan.. tapi klo ingat terus kejadian itu boleh laah prof.",fear
10876,"nggak tahan lagi ngeri, di mana aja ya",fear
12521,"mbak masak sayur katuk, bakwan jagung, sambal terasi, dan ayam goreng? Ngapain aja bgt, klo mau jg, aku bawa beli ke pasar ya mbak",neutral
678,"i biasa i balas dendam, kalau dia main game melampau lampau, i palau msg dia. sape rasa adil? tibee",anger
8768,"rasanya aku ingin nangis, tapi harus kuat, ini di sekolah",sad
6153,have u ever. malem2 nonton film ga sedih. tp sedih ngeliat idup lo,sad
7803,"gimana kabar? semoga hari ini bahagia, sehat, dan puas! happy weekend!",joy
5053,"ada 1 orang cewek.. ngomongnya halus banget, gapernah ngomong kasar, gapernah marah, sekarang dia jadi sister di gereja katolik",neutral
10550,"baper banget tuh liat kamu tersenyum bahagia, rasanya kayak ada orang di belakang yang bercelana pendek",fear
1070,lebih bagus elo murtad dari pada ngaku islam tapi bikin sampah di islam.malah ngotor ngotorin saja,anger
6798,"butuh season 2 pokoknyaa,, khusus yang kkakkung couple harus adaa soalnya sedih momennya cuman dikit dan sebentar bangett. dan moga yesung oppa cepet-cepet dapet pasangan di real life nya, sudah waktunya menikah oppa. kami menunggu undangannya",sad
2480,"semangat buat kamu yang lagi latihan, ya walaupun gak ke notice. semangat",joy
10464,"aku takut benda tajam ga aman, ga mau dekat-dekat deh",fear
3392,"gue yang cewe aja ngeliat ini sukaaaa banget, gila sih.",love
1099,"aku jengkelnya ke semuanya sih, mbulet kyk benang kusut btw udah selesai bacanya? kalau udah no spoiler please",anger
9716,"aku ngadu ke dia dong, tetangga marah ngajak aku ke tempat ayat. disana dia langsung ngomelin ayat. lu jadi ketua kelompok ga becus banget sih?! malah anggota lu yg nyariin buat ngajakin kerja kelompok sampe babak belur begini diboongin preman sekolah!",anger
10564,"mau ngetweet, namun takut kebanyakan dewasa",fear
418,duh adek gw bangsat dikasih duit buat infak malah dijajanin,anger
7702,"yo gue gemes bgt liat video eksperimen milik army, trnyt dia bikin eksperimen yang asyik banget, jadi kita bisa nonton juga, gue suka banget nonton video eksperimen, bgtu deh gue",joy
6442,"seru, plot twist banget ceritanya trs ada semua di situ romance nya, trs thriller nya, sedih sedih nya juga walaupun emang agak bikin pusing setelah nonton. aku nontonnya pas on going jadi bikin pusing nunggu next episode",sad
1947,"”karena ditempat kaos kaki suka banget amburadul ga di gulung habis dicuci, jadi pagi pagi buru buru kadang ga mikir. pas sampe kelas baru sadar :d tapi trobos aja sih ampe panikan",fear
3336,"eh aku ganti dn, masi kenal gakk? lagi suka banget sama nama panggilan ai sksk",love
2299,"oke, kak wulan. sama-sama ya. beyar senang mendengar kabar baiknya. selamat menikmati layanan indihome kembali dan selamat berakhir pekan :) -beyar",joy
7217,kamu yang paling semangat dan cantik,joy
11253,"jatoh cinta sama choi woo sik, sayang banget",love
12317,"baik banget, baiknya ke semua orang. ga ada yg cakep lagi, wajar banyak yg suka",love
208,dah emosi og dari tadi wkkw,anger
7988,"gue nangis saking kesedihannya, gue relate banget sama kisah mereka",sad
6520,ihh sedih bgtt,sad
5835,hoy tl sepi nih,neutral
12238,"aku suka howl, dia cakep bgt, tapi dia ngakuin dirinya pengecut. padahal bisa aja dia selesein masalahnya sama raja tapi malah nyuruh sophie. sophie juga mau aja lagi :/",love
528,kriting bego syiah laknat,anger
779,"lebih marah aku, kenapa kamu make bangun",anger
722,"i ship both tho, tapi kalo gatekeeping itu tolol",anger
5257,"jadi dirimu sendiri agar ketika seseorang mencintai, kamu tak perlu takut jika dia akan temukan dirimu bukan orang yang ingin dia cintai.",neutral
7781,"yeay, hari ini aku dapet kabar gembira, happy banget",joy
1860,"jends, kalian ada yg udh pernah nyoba skintific moist?? bagus gasi? ak mau beli tp masi ragu soalnya harganya lumayann",fear
12242,"aku cinta banget sama ibuku, dia orangnya galak, kalo ada masalah dia siap berantem dengan tangannya sendiri, prinsipnya 'lu gila, gua lebih gila' wkwk",love
12044,"dapet hidden gem banget sih, pas nonton kayak lanjut terus, aku suka bgt si Fujiwara karena japlishnya kocak gt, kalian suka yang mana? :3",love
10663,"aku ngerasa gak bisa makan biskuit raya tahun ini, apalagi jika hari raya tiba",fear
11415,"klo aku pribadi, aku suka banget kalo ada yg minta maaf pake surat. Itu kayaknya manis bgt, kayak bikin jatuh cinta. Sama kaya coklat, manis bgt.",love
1992,sabtu pagi bukannya dapat kabar gembira malah dapat kabar yang bikin deg degan alias t____t jadwal ujian sekolah sama ukk bulan depan,fear
2332,"kemarin sedih sedihan, hariini bahagia yaa",joy
8167,aq nangis lagi pas scene ini. bgt gaes. selama ada irvan sakit sampe meninggoy dan full jessy nangis spy nyampe sedihnya ke pononton. tapj aq kok ga bisa ikutan sedih. cuma pas andin sesengukan di makam itu aq sempet ikutan sedih,sad
10006,"baper banget, aku malu deh",fear
10090,"bingung mau ngomong apa aja, ngerasa kaya ketakutan",fear
3459,"ih enak banget keliatannya. suka deh kalo yg ga rapi gitu buletannya, ikutan kegoreng kol nya.",love
7864,"seneng bgt, dapet kabar baik dari jimin say. alhamdulillah buat muslim armys. nanti stay alive, jangan lupa punya goals. semangat pokonyaa!",joy
8156,"eh, aku sedih bangun di bawah jembatan, ga tau harus kemana",sad
12128,"fubuki nyanyi ini, aku suka banget, keren",love
7481,"omg akhirnya ada kabar baik pagi ini, jimii kuat banget, hebat banget, aku bangga sama jimii. Semoga dia banyak istirahat dan cepat pulih. Dia lulls kita semua.",joy
4518,iya apa begini gegara lg kecapean tp ya biasa aja pengen aja gt tidur cepet,neutral
5865,gatau gi rasanya ga seneng tp jg ga sedih,neutral
5138,"membacanya lucu. pasti marah uang rakyat dikorupsibagaimana investor mau investasi ke kalau uangnya dimakan pejabat ""ace golkar 'ajari' ahy soal kuda hitam di 2024: terpenting strategi""",neutral
5860,padahal lapaknya sepi ya.,neutral
10490,"takut banget nanti kaget, beli yang lain malah",fear
257,tau apa yg buat gue marah? lg baca au tbtb ke out sendiri,anger
9597,"aku ga mau bilang kalo mendingan sama bestie, soalnya aku udah punya mantan. tapi aku ga sadar kalo aku udah ada di tempat nongki gengnya. dia fitnah aku abis2an",anger
9530,"coba deh dengar ini, Faisal Basri yang ga lagi kena stroke atau mental retarded? Ciri khas Jokowi? Tukar sama SBY Faisal. Jangan bangsat ya",anger
10847,"ada yang bisa hack ig ga? tolongin banget , gua cemas banget",fear
10063,"oh iya, bener banget, tadi aku punya pengalaman yang sangat menakutkan, aku sangat takut kalau-kalau fans mereka akan membenciku karena aku tidak tahu cara bermain game seperti yang mereka harapkan, jadi aku memutuskan untuk menghapus akunku dari platform tersebut",fear
7937,"mohon maaf, ibu meninggal dunia. semoga ibu diterima amal baiknya dan diampuni segala kekhilafannya. jayen, semoga ibu diterima di sisi Allah SWT.",sad
3625,woi aku suka banget sama dia oke,love
702,pagi2 dah emosi,anger
3189,alhamdulillah pagi pagi udah dapat kabar baik,joy
503,si tolol lupa membawa seperangkat alat mandi:)),anger
11101,"coba nggak ya liat harga, aku takut",fear
2556,semangat cantik,joy
8034,"aww ya, bener banget. baca dari spoiler, kayaknya dia sih yang paling sayang sama ruby. nangis aja deh",sad
2248,yuhuu semangat pagi yaww kak dan happy weekendd ^yn,joy
372,tahu tak benda bodoh apa yang aku dengar dekat radio pagi ni? lagu hael 'kelentang kelentung' diorang nyanyi translate ke english tak memasal era ni dah kena maki,anger
4052,"love youuu kaputt, sehat dan bahagia selalu yaa",love
3937,emang salah banget kah? kita pacaran kan juga karna suka dan ada rasa sayang,love
12465,"nih, jujur sih aku suka sama kamu, suka banget sama kamu, suka banget sama kamu",love
4076,pengabdian yang terpuji meskipun terlihat biasa,neutral
997,ini twitter knp sih?? suka banget nyesi ga,anger
4332,"klo aku biasa pake yg automatic pengharumnya nder, tp krn lg rusak ganti yg spray kyk gini. harum yg paling aku suka yg rose garden (pojok kiri) ntr semprotinnya diujung sudut kamar aja kalo misalnya ada makanan, makanannya ditutupin nder biar gak kena.",neutral
11578,"nonton drama, suka bangat tapi epsnya sedikit banget, jadi gue penasaran kenapa Ji Tae mati",love
1176,"dua hari yang lalu gue dibeliin kopi, nah gue kan gaberani minum soalnya masih pagi takut asam lambung gue kambuh soalnya mau ada kegiatan kan. terus baru sempet minum kopinya barusan dan anjirr perasaan gue ga enak soalnya udah ngerasa agak dredeg dikit",fear
12203,"aku suka banget ketika kamu tiba-tiba bangun dan membangunkanku untuk pergi ke sekolah, terlalu menyenangkan",love
551,marah marahh:(,anger
4840,biasanya makan nasduk sekarang makan bubur,neutral
4372,kasi sangsi sosial saja..,neutral
3497,"gue suka howl, ga boong dia cakep banget sksk tapi bener kata dia sendiri kalo dia pengecut. padahal bisa aja dia selesein masalahnya sendiri sama raja tapi malah nyuruh sophie. sophienya juga mau aja lagi :/",love
7103,"semangat semangat, jangan putus asa",joy
10259,"kak aku bingung, takut banget di report, aku mungkin harus hapus akun ini",fear
10100,"omg aku kaget bgt, kenapa kamu nangis?",fear
7532,"terima kasih banyak buat dukungan moral yang kau berikan, aku punya semangat baru untuk mencoba lagi",joy
5176,benci jadi cinta (?) jeongharu onetweet au,neutral
8370,rasanya kosong bgt gini sendiri di rumah,sad
7213,"jangan menyerah, kita bisa melakukannya",joy
7930,"kadang aku jadi nyesel banget sama diriku, kan aku kanak-kanak gitu, emosi bisa meledak2, yah, keren",sad
8635,"ini gosipan yang bikin bingung ya, si dia udah ga ada respon sama aku selama sebulan tapi tiba-tiba dia reply swku? ini dia bilang aku temen doang? aku bingung sih, aku ga tahu mau coba ngomong apa lagi",sad
693,"bodo amat anjrit bulan kemaren terakhir gue minjemin lo duit, itu 2,7jt gue balikin dulu bangsat",anger
2533,"haloo cici, gua gapapa kok hehe, siapp cici juga semangat yaa jangan lupa makan dan minum jugaa",joy
5011,orang bodoh bisa berbahagia dengan kebodohnya,neutral
3443,"betul musik nya tradisional jadi kurang dilirik, belum denger aja gimana perfom koto mereka keren parah aaaa iya! suka banget sama chara develop kot",love
982,sampe gapaham apa salah aespa ke bts sampe fans bts alias army suka banget ngehate aespa. kayak yaampun fandom idol umur 7 tahun lebih hobi banget ngrusuh fandom idol yg baru umur setahun. kenapa ya army2 ini toxic bgt. terutama western/non asian army. asli sih rese bgt.,anger
5654,jangan masuk psikologi kalau gak suka hitung-hitungan atau gak suka berusaha. di psikologi ga harus pinter yang penting tekun dan konsisten karena banyak banget matkul yang sifat penugasannya jangka panjang dan butuh kesabaran dan konsistensi dari diri sendiri,neutral
11854,"aku doain sembuh yaa, cintanya gua beneran. oke gua update lagi deh, sembuh banget ya.",love
4222,"ketika air aki sudah terlihat berada di dawah batas normal, segeralah beli air aki yang di bengkel-bengkel terdekat.",neutral
91,bangsat ntarnta pasti nangis haha pengecut nada tolol mati aja lo,anger
2266,siap! semangat jugaa,joy
9618,"nggak tahu, aku benci banget",anger
5689,"suka ngga suka, sukanya karena panggilannya lucu2 aja sma dah akrab dan dikasih sma mbah dan ortu. ga terlalu suka karena terlalu pasaran banget, selalu nemu yg namanya ""putri"" dmn2 wkwk",neutral
7782,"yeay akhirnya puas melihatnya, seneng banget rasanya",joy
8957,"aku pernah ke sekolah pake kutek pink, telat dateng, terpaksa dihapus, udah telat mana jelas2 ngelanggar aturan sekolah yaudah terpaksa dihapus ;(",sad
261,"genius kang taehyun happy birthday anak lanang sehat terus jan sakit klo sakit aku marah kangen tyunn sulap, jg pengin tyunn ada konten masak trus upload di yt gitu _ __",anger
3337,aku nda suka dispet tp makasi y udah kasih foto ini,love
8221,"ya udah dah rumahku sepi, ga ada yg terlihat",sad
6383,"jalani isoman karena covid-19, enno lerian sedih tak bisa peluk anak",sad
8541,"udah terima-terima kasih, semoga akun barumu jadi lebih produktif",sad
445,"bangsat, lu jg member malik anjim",anger
5111,"..dilarang bodoh !! setujuuuuh.. selamat tinggal kebodohan, selamat datang kecerdasan siritual dalam ahlaq. aamiin..",neutral
3555,kalian ada gak sih selca/ foto doyoung yang pertama kali liat terus suka banget jadi sering diliatin walau selca/ fotonya udah lama,love
2194,enak banget jadi orang serba bisa.,joy
11764,"aku suka banget drama ini, plotnya beda dari webtoon tapi tetap keren. banyak drakor yg berbeda dari webtoonnya malah lebih bagus. aku suka sama kim go eun dan karakternya, ga suka remake ke filmnya.",love
9635,"eh sarapan? cuman makanan aja? kalo aku pagi pagi sarapan, bikin kepala kejang, kejang deh",anger
2867,semangat juga mass,joy
2526,"pagii, semangat juga yaa",joy
8622,"cobaan banget, aku di sekolah jateng ini kekurangan guru, banyak guru yang bukan bidangnya justru ngajar di bidang tsb, dan bahkan kepseknya juga rangkap sama sekolah lain, kl emg ini bener sedih banget gimana generasi kedepannya",sad
9854,"kan kenapa ya aku yang harus nungguin on goingnya, gemes",anger
8594,"gemes deh, hidup gue sekarang gak kayak dulu lagi. gue tinggal sama dia yg gue gak naksir, tapi gue mesti nggakin ekonomi sama dia. dan gue gak bisa nggakin orang lain, dia bego dan penghianat. gue gak tau harus gimana lagi. gue juga g berharap bisa ketemu yang lebih menarik.",sad
1168,"berkali kali ada debt colector ke rumah, nanya nama yg aku sendiri ga kenal huhu, takut",fear
4144,eh ini banyak idol yang habis kena c word udh selesai loh. ini ga ada kabar sama sekali helloo??,neutral
5149,2022 tetep bodoh..,neutral
84,cok pagi pagi dibuat emosi,anger
3149,seneng bgt bangun tidur dapet kabar jimin udh sembuh dr covid,joy
8255,"jadi ga mood buka twit, rasanya jadi sedih, gak enak banget",sad
880,"ga usah pura"" kaget. Bikin jengkel",anger
7405,"team b baku hantam dari awal, hahaha, ternyata gak ketemu tetangga tapi jodohnya sama korea, seru banget, kan? :)",joy
12554,"kuncinya satu, yakni perjuangan atas nama bangsa dan negara. Fokuslah pada perjuangan menjaga NKRI, jangan masuk ke konflik kepentingan itu. Tenang, orang tidak mau Pak Jokowi turun ganti kamu, itu ngeri!",neutral
10594,"ga percaya bgt sama anak buah imam jumbo, semuanya ngeri banget",fear
1467,aku deg degkan guys.. takut bahasa inggris ku belepotan,fear
9214,"gemes deh, ditarik2 aja masalah hidup, apa sih sih!",anger
7621,"yeay pagi2 dapet kabar dari ayang, aku happy bgt gaes",joy
7447,"yeay akhirnya au mulai rame, semangat para authornya, sekarang ada 300+ orang yang nungguin! semangat, jangan sedih, pasti akan ada waktunya buat rame",joy
4326,perahu dah sedia payung pun dah tersedia hanya menunggu hujan di langit saja apa macam mak aji sayang oii,neutral
4044,"semangat jalani aktivitas hari ini, ilysm",love
4137,"paket wisata karimunjawa new cuma 160rb saja guys, cek infonya di",neutral
3039,"katanya dulu jeno pernah ngasih hadiah powerbank moomin ke renjun ya? kata jeno biar renjun selalu inget jeno terus pas renjun pake powerbanknya. oh terus jeno juga pernah bilang ke renjun ""bisa ga sih kamu suka sama aku kaya kamu suka sama moomin? aku cemburu"" wkwk lucu banget",joy
10213,"bingung kalo liat avatar temen ku, mirip aja sama aku",fear
11137,"eh ternyata di unfoll 10 org, kaget sih. ga tau kenapa",fear
5519,isu pasal pendidikan yang paling aku tak puas hati dari dulu is kenapa sjk boleh dapat fasiliti lengkap compare dgn smk?k.,neutral
579,"prettytitit pencitraan lo udah sampai kelangit 7 pemprov lo kekurangan dana pajak lo hilangkan itukan aneh ,gua gak tau itu namanya dungu atau bodoh dua""nya julukan kamu!!",anger
5236,"iyaa aamiin, coba trus aja kalo ga gitu nanti maleman biasanya bisa soalnya yang akses ga banyak. jangan panik okeyy",neutral
8836,"rasanya kecewa gitu, ya sudah lah, semoga besok lebih baik",sad
9272,"pagi-pagi udah gemes, siapa yang bilang kalo pagi-pagi ga bisa emosi",anger
7932,"aihh banyak yg bilang aku seorang penerus, tapi banyak yg kecewa setelah nyubit pipi akuu, pipi aku ga ada isinyaa",sad
11300,"mantap deh, aku suka croffle, gak suka waffles, gimana? udah bisa ga ya?",love
2467,"gataww y gw happy pagi keekk ngalir aja, semangat rawr mwah lvyu",joy
4157,santai dolo d kamar,neutral
10373,bingung ngapain sih deh. ngiler aja gue.,fear
413,artinya lg marah,anger
402,sumpah bikin emosi aja pagi pagi,anger
4428,"halo admin, kenapa sekarang ada stasiun yg tidak bisa tap in/tap out dgn menggunakan tapcash? sy tadinya biasa pakai tapcash utk pp dari stasiun tigaraksa. sejak bln januari tdk bisa lagi.",neutral
2084,kamuu juga sehat dan bahagia selalu yaa ;3 thank you soo much udah baca,joy
3057,"*kumpul keluarga relative: wah uda gede banget kamu, sekarang hobinya ngapain aja? mak gua: ohh si ini suka banget baca relative: wah iya kah pantesan kacamatamu tambah tebel itu gua: hehe iya tante.. also gua: /yg dibaca manga sm fanfiction smut ngakak abissss",joy
9434,"kalo orang suka benci sama orang yang merokok, apalagi dengan vape, di mana pun dia, dia masih tetap benci",anger
164,"aneh ga sih? padahal dia lebih sering keluar berdua diem-diem ga ngajak aku tapi aku gada marah samsek krnapa giliran aku minta tolong buat ditemenin beli sesuatu dianya marah anjim aowkaowkaow padahal kan skornya juga 2:0,5 klo dipikir-pikir",anger
11230,"aku suka banget style digi billa, keren bgt",love
4302,"mungkin saja,dmn2 yang gak setuju pasti kedengaran bersuara keras..semua fraksi dpr hanya pks kan yang menolak?",neutral
8161,"baru bangun tidur, semalem tidur cepat krn g enak badan batuk pilek, bangun denger denis bikin pengumuman kontrak sdh habis, makin nambah sakit vine masih diem ampe skrng g keluarin pengumuman juga kah? agensi anehsemoga baik2 saja",sad
9416,pahit rasanya kalau udah benci sama orang yang merokok dan vaping di mana pun,anger
3317,"hanse mode anak rumahan gini tuh aku suka banget wkwk pake kaos terus bawahnya celana model apapun itu, misal jeans atau training tuh fav banget sih. atau pake kemeja.. sebenernya apapun style nya suka aja sih",love
10094,"takut nangis sampe malam, ga bisa menerima kejadian ini",fear
3934,suka banget live performnya,love
1847,jangan disini ah malu,fear
1334,"pengem nonton kukira kau rumahh tp takut kena mental,,",fear
9684,"ayo anak-anak jangan kena gosip lagi, biar ga keburu kejengkelan",anger
753,bangsat w lagi nyanyi nyanyi di dapur ternyata ada orang luar yang liat dari pintu dapur,anger
3064,"lucu banget ""kalo gak minta izin nanti ortu kamu gak suka sama aku"" ngakak awkakwwka",joy
7515,"aku suka sama stengah stengah wkwk tapi aku lebih sayang sama faves aku, yang mana faves kalian lebih sayang sama yang kalian ga suka??",joy
706,gue benci banget sama mantan,anger
3491,"me time adalah salah satu cara terbaik yang bisa dilakukan di weekend ala aku. kalo aku suka banget weekend sambil nonton drakor sepuasnya pake indihome, kalo weekend versi kamu apa nih bestie?",love
4573,"pesan delivery aja, kasian perutnya..",neutral
7626,"kaka, jangan berhenti berusaha ya, kamu bisa melakukannya dengan baik. Jika kamu merasa capek, istirahatlah dulu, tetapi jangan lupa untuk kembali berusaha agar masalahmu tidak bertambah parah. Saya mengirimkan banyak ciuman virtual untuk kakakku",joy
5354,"udh di anggep anak y mana ada takutnya dia, selain itu dia emg percaya sama hal begitu",neutral
3151,"i think senpai-tachi found it kenchan is so cute tho. i mean, mereka berdua tuh udh kenal kenchan dri umur belasan tahun atau bahkan kurang, trus dapet kabar dia nikah dengan salah satu orang yg mereka kenal juga, jadi ngerasa kyk ngebesarin anak sendiri pasti wkwk. lucu banget",joy
11779,"aku suka banget sama foto bang jhope, jadi aku mau share ke kalian, semoga kalian juga suka ya",love
3799,cinta banget apalagi kalo makan nya pakai ice cream walls vanila strawberry,love
4022,"cewek itu suka berpura-pura dan menutupi semua masalahnya, karena dia gak mau ngerepotin dan bikin khawatir orang yang dia sayang",love
1074,"emosy dah sm cowo yg suka nanya begini, mangnya semua cewe cuma mau naik mobil?! kalo misal dulu pernah punya pengalaman begitu sm cewe ya berarti emang cewe itu bukan target pasar lo soalnya cewe jg biasa kemana2 naik ojol broo",anger
8422,"sayang, tapi ya ga bisa bersatu. suka aja sih, teman dekat aja. itu udah lebih dari cukup, insya allah",sad
7341,"bangga deh sama diri sendiri, aku bangga",joy
3438,"wieeh saya baca blog mas taufik sama mas nugie tiap hari mas ,suka banget sama analisis mengenai moto gp nya detail banget.",love
7169,"semangat, hari-hari masih panjang, yang sudah biarlah berlalu, Allah tau apa yang terbaik buat aku, walaupun itu pahit rasanya, sebelum nyawa di cabut, sampai tenggorokan tidak ada kata terlambat untuk berubah lebih baik",joy
12420,"mamaku cantik banget, tapi emang ga ada yang naksirnya, padahal dia ramah-ramah sama semua cowok, sedangkan aku sibuk sama cowok kpop",love
8093,gua gak bisa ngontrol air mata,sad
2429,semangat dong aeril.,joy
246,"di satu sisi, kalopun emang proses kemaren gue gagal, gue gapapa banget minum obat lagi. yang penting kelar. please banget. gue udah benci banget di situasi di mana gue cuman keep rasa sakit sendiri dan gue susah kemana mana. benci banget.",anger
3815,"kdm all of us are dead guys aku kaget banget??! di awal nonton suka banget sama couple namra suhyeok tapi ga berekspetasi apapun, eh ternyata",love
9483,"emang gara2 cok aku kena stress pagi-pagi, apalagi di hari kerja",anger
3632,makasih buat kue dan hadiahnya wkwk apalagi meme squidward. suka banget,love
8394,"rasanya ga ada yang ngerti sama aku, aku ga tau kenapa",sad
2262,"semangat, jangan lupa sarapan",joy
2246,", hi pagi kakkamu udah sarapan belum?kalau belum cepet sarapan ya? jaga kesehatan dan istirahat yang cukup juga!! aku bingung mau ngetik apa lagi intinya aku cuman mau bilang kakak semangat terus yaa !! banyak yang sayang,",joy
835,"kasian temen acara ultah, kmrn ditunda gara2 contact +, setelah ditunda banyak yg pamit maap ga bisa datang tanpa ngasih alesan. bilang aja congor2 tervaksin lu pada takut heboh season 3. sendirinya gak percaya keampuhan vaksin tapi nyuruh2 orang vaksin. gak lucu.",anger
5064,"tuhanmu tiada meninggalkan kamu dan tiada (pula) benci kepadamu, (qs adh dhuhaa:3) perjuangan penerapan syariah .. allaahu akbar.",neutral
432,anjing!! akun tolol,anger
8961,pagi2 udh dikecewain aja sama dennise,sad
1173,takut banget loh,fear
11220,"kagum banget sama lagunya bestie di Epicure, kalo gak percaya coba dengerin deh",love
4656,"09.13 simpang air hitam : antrian kendaran normal dikeempat kaki simpang, situasi arus lalulintas lancar",neutral
5289,"kaget doang, heran doang, ngemeng doang..",neutral
7940,"ayang w dimana, aku kesepian, sayang banget",sad
8454,"aku sedih bgt, kenapa Denise?",sad
250,wkwkakak faker tolol ye,anger
9152,"ga enak deh kalo cowo ngecewain kita, bikin kita pusing mulu, kalo gitu biar dia jadi pusing aja",anger
12327,"kuuuuuutt ya ponimu, ga sabar banget mau ngeshare ke temen-temen",love
11906,"kalo nginep di rumah design terbuka, aku bakal gemes sih kalo hujan atau angin puting beliung. Gila sih mau punya rumah gini tapi di bogor. Tapi kalau di jogja justru aku suka design terbuka kayak gini.",love
5629,wah senang disangka 00 line tampak muda aku disana sujiya?,neutral
5682,"gara2 the whole local thingy discussion ini jadi kepikiran kalo seungmin tuh anak smandel banget nak ips ketos suka lomba debat atau ikut olim, selalu 5s tiap ketemu guru, sering dispen buat jadi perwakilan sekolah, tinggal di menteng kawasan perumahan atau apartemen elite",neutral
3407,emang bagus banget dah aku juga suka! seruuuuu bisa liat 3 spiderman di satu film.,love
2729,semangat membacaa,joy
12473,"masker ini kebangetan, aku suka banget, bahan lembut dan enak gak bikin gatel, longgar tapi bisa diakalin talinya biar rapet",love
6903,aku kok merasa ada difase maj up apapun malu ya sekarang :((,sad
433,"halah taik. pagi2 dibuat emosi gw, support system support system tatai anjingan",anger
5836,tetap mendukung walau sering kecewa. -fans mu,neutral
9545,gemes deh pengen marah tapi ga tau ke siapa,anger
12062,"aku suka bgt sama tulisannya, keren banget sih",love
7733,"puji tuhan akhirnya jimin sembuh dari covid, semoga proses pemulihannya lancar, dan semoga kesehatannya tetap terjaga ya, jamin!",joy
8086,"ujung-ujungnya aku nangis, yedam sunu aku lakukan ini, aku takut tak sesuai harapan, aku takut orangtuaku kecewa",sad
6286,tapi sedih juga karena yg aku pikir selama ini dia baik2 aja ternyata mikir kayak gitu :(,sad
9408,dipta kamu ga bisa kalem ya? ga sabar-sabar sama gue?,anger
4002,dia kayanya suka banget sama ni kaca ya sering banget foto di kaca ini,love
4753,"ajarkan kepada anak lelaki anda: 1. menundukkan pandangan terhadap lawan jenis (terlebih lagi saat sudah memiliki istri) 2. cukup lah 1 istri saja, karena poligami bukanlah hal yg mudah 3. tidak boleh kdrt baik scr fisik/verbal 4. jangan memiliki pola pikir seperti orang di atas",neutral
1332,"iya swndirian banget, soalnya ada beberapa anak yang positif kopit jumat kemarin. asli panik dan takut",fear
8279,"lagu sedih jadi favorit naeun, karena bisa mewakili perasaan hatinya",sad
5740,"mun aku lah ni versi aku bila jadi mantan dan dapat barang2 dari mantanku aku mun dasar suka dan tepakai pasti ku pakai tarus aku ingat barang nya aja sih, lain orang nya yg membari siapa aku kda peduli wkwk makai barang barian nya bukan berarti aku masih cinta itu kalo aku",neutral
10528,seringnya kita selalu memaafkan seseorang hanya karena takut kehilangan,fear
1443,sumpah itu kenapa anjir takut bgt pada begitu,fear
10103,"aku takut tenggelam di lautan luka, aku takut tak bisa bangkit lagi",fear
12340,"ini mungkin pertanda cintanya ya? rasanya ga jauh beda sama ketika aku liat senyumnya, glukosa di tubuhku naik gitu",love
4310,"di tengah ruang yang hening, suara aku mungkin terlalu bising untuk telingamu yang terlalu suka pada sunyi. ya, walau di kepalamu tetap saja berisik.",neutral
4899,"percayalah tidak ada wanita yang baik-baik saja, ketika mengetahui pasangannya berkomunikasi dengan mantannya",neutral
5900,"kita gabisa misahin org yg bucin meski pasangannya toxic. udah habis hampir 10 tahun nelen stress tentang hal yang gabisa gue kendalikan, kena imbas mental juga sampai bablas selfharming depan mereka. histeris saking meledak. kalau dia sedih gue gaperlu menyalahkan diri sendiri",neutral
11250,"aku suka bgt sama kamu, kayak planet yang ada di tata surya, huhuhu",love
7163,"happy birthday, adek kesayangan jeno. semoga selalu sehat dan bahagia. terima kasih udah lahir ke dunia, makan sayur aja, hahaha.",joy
9944,"ayo kita nggak repot-repot, kita buat akun boonk sendiri",anger
2569,semangat noona!,joy
9020,"hiks, aku ga bisa nahan kekesalan dan kekecewaanku, wkwk",anger
4277,"kerja seperti biasa,gabriela ngapain?",neutral
3666,hi gue suka banget final chorusnya,love
9164,"ga habis pikir, benci banget",anger
2446,semoga harimu indah seperti langit yang cerah pada hari ini,joy
6137,ga ngikutin sn tapi ikut sedih dengernya,sad
3657,"mungkin setiap orang beda2 kali ya..tapi kalok aku pribadi suka banget kalok ada yg minta maaf pakek surat kayak kesannya manis banget bahkan semua temenku udah tau trik ini itu jitu banget.. jan lupa kasik surat sama coklat juga, ya itung2 nyogok tp serius deh, itu manis bgt kayak bikin jatuh cinta",love
10162,"jadi panik tuh, tiba-tiba mata bengkak sebelah, ternyata aku alergi ibuprofen",fear
3172,pagi' dah dapet kabar baik bgt alhamdulillah bgt si,joy
1223,jdndhdjh jujur yaa ak suka covernya tp takut bgt bacanya makanya ga beli,fear
6108,"jibe kajja lah.. sedih bgt bye.. nangis di rooftop juga sedih,",sad
4166,trackinga¼ normal price di 60k rate ems 165/gram air cargo 265/gram fee per tracking mulai dari 5k/tracking free foto arrived (amplop dibuka) pengiriman rutin cek go kita untuk proof shipping dan testi bisa dm adm untuk tanya2,neutral
544,kurang ajar bgt manusia yg nyebarin id tele gue di gc 'anonymous chat' yg ngcht org sange semua tolol,anger
1204,"ga bolehh, soalnya udah makan mie kemarin' takut lambung aku kambuh lagi kalo keseringan wkwk",fear
10035,"ngeri bangettttt, dia melet2 mulu, kok",fear
6691,"mau sedih,tapi..",sad
11462,"terima kasih buat kue dan hadiahnya, love it wkwk",love
2637,"aku yakin, aku akan bahagia, jauhh lebih bahagia ketimbang dlu aku bahagia sma kamu., aku pasti bisa dpetin bahagia itu, pasti. pasti.. pasti.",joy
12197,"aww, kasih sayang ya, cekidot bgt gua, tapi jangan ngegombal, gua udah capek bgt nyari hotspot",love
5820,"rumahnya luas tp sempit, tinggi, tengahnya ruang tv kamarnya 3 muterin ruangan. di situ ak keluar bentar di teras soalnya sepi kan, itu mobil masih pada lewat trs aku bilang ma temenku kok masih pada bawa mobil sih berarti belum separah itu kan??",neutral
10472,"ngga bisa dipikirin, gakut banget nih",fear
8499,"Denise, gua sedih banget. Guu deg jantung gua.",sad
10978,"gakut deh kalo harus ngomong sama Hyomin, malu banget",fear
877,"3) jangan malu minta foto real, real pict jaminan anda cocok atau kagak. dpd dateng2 kecewa beda foto, mana jaman skr app edit foto dah jahat2!!",anger
10215,"gua baca al-quran tiap malam sebelum tidur, tapi temen gue bilang kalau gua meninggal bakal disetelin sama lagu kpop bukan al-quran, gua panik",fear
196,"bokap: ngelarang anak & istri nunjukin rasa jengkel also bokap: kalo jengkel nada ngomongnya ketus, banting pintu, narok barang kasar",anger
12276,"aku suka banget sama kamu, jadi aku selalu mempertimbangkan kamu",love
3383,"kak makasih banyak ya udah bikin aku senyum tiap hari setelah baca au kaka, setiap liat kaka update aku seneng banget hehe rasanya kaya dapet kabar dari ay.. - makasih juga ya nder udh suka sama renjana. udh sayang, udh ikutin huhu aku..",love
4379,tidak ada yg menonjol semua biasa2 saja,neutral
8688,"yah, kok ga dapet? aku sad sama sama, keep fighting",sad
9029,"nggak mau murtad ya, tapi kalau ngeyel juga ga abis-abisnya ya",anger
2997,"iyaa, terus eps 10 maren tuh banyak animator anime yang keren ditarik jadi emang hasinya ngeri mantap banget sih",joy
7977,"gemes deh diperbincangkan dari semalam sampai pagi² buta, jadi bad mood banget deh",sad
2571,semangat yaa.. gpp kok lama dr pd kmu yg cape stress jam tidurnya berkurang nyenengin orang lain itu bagus tp lebih bagus lg nyenengin diri sendiri dlu okaayy,joy
11677,"suka banget sama sunny, aku jatuh cinta sama suaranya, cinta banget sama suaranya",love
10863,"bgtu nih, ngeri banget ga abis pikir",fear
11799,"seneng banget kalo liat cowok yang support victims, karena cewek juga bisa jadi pelaku.",love
12067,"aku suka banget sama ending bukunya, keren banget rasanya",love
4969,"ketika berbuat salah, jngan mengeluh, jangan marah. tetapi pelajari kesalahan, kemudian coba kembali dgn cara yg berbeda",neutral
4711,"nunaa ""nuna keyyen anenn"" ""apa kabar nun?"" ""huee kangen banget juga "" ""sedih nunn"" mostly kangen kangenan doang t__t",neutral
4163,kalah ya,neutral
5473,belum sarapan sih.. ini lagi ujan indomie soto plus telur enak kali ya,neutral
9256,kalo nggak salah dia itu orang yang paling ngerjain aku,anger
12508,"cuman ngomongin senyum dan doa aja, siapa yang peduli",neutral
2682,"pagi neng, semangat sekolahnya",joy
6461,"mirip kucingku, semalam dia ketabrak motor trus mati, ya allah sedih bgt",sad
2508,semangat y yang lain ueueu,joy
5719,suka itu masalah rasa..dan kalo sudah tresno akan terus d puja..sama seperti para pendukung pak anies dan pak ganjar yg tidak pernah goyah sedikitpun walao kabar negativ menerpa,neutral
1510,"tadi baru gibah si crush gw kan nah tu tiba'orangnya muncul gw sengol lah kaki temen gw biar diem,kalau tau kan bisa malu",fear
4314,"mama, selalu pesan pergi hospital buat check-up..tak sayang mama ke..mama, sebab terlalu sayanglah akak nak sentiasa ada dengan orang-orang yang akak sayang, dari duduk hospital dan susahkan orang..insyaa allah, akak masih kuat..doakan yaa..doa mama itu yang lebih hebat..",neutral
7663,"ayah ibuku akhirnya tahu kalo aku suka beli barang kpop, terus aku masih bisa beli baju, ngira aku jual narkoboy, aku akhirnya jelasin kalo aku suka jual macrame, ayah ibuku lega",joy
9698,"gw nggak suka sama orang itu, dia cuma pengen ngentot, cuma aja",anger
1244,"sebelum situng diralat. sedih, tegang..",fear
5888,bersyukur itu adalah tidak mudah kecewa dengan apa pun yang terjadi dan tidak mengeluh dengan semua yang harus dihadapi.,neutral
6755,"baik, pake kata tolong, dan bersedia nungguin. sedih banget",sad
11097,"oh my god! gais, ada yang bisa kasih tahu gue ya, aku udah upload foto ke Twitter tadi pagi, tapi pas lagi loading malah error, please notice sender aku panik banget nih",fear
4121,"biasa aja tauu, gantengan juga kamu",neutral
4995,karena dia punya keinginan/niatan kuat. iya kan? dia pengen bales dendam ke cheong san:(,neutral
12163,"dulu aku suka dia, gue bilang hah, apaan sih alasanmu gitu receh tapi yang gue jadi sejauh ini adalah karena dia juga suka padaku",love
12182,"kadang suka mikir kenapa ada orang seperti mama. Mama mertuanya sangat toxic, suka mengadu domba tapi dia tidak pernah membencinya. Jika memiliki uang, dia suka membeli makanan untuk keluarga. Tapi satu keluarga harus menanggungnya. Mau menangis atau tidak, dia tetap menyayangi kita.",love
7188,"semangat, optimis, dan yakin, deh kena bigwin",joy
10701,"ya plis, nilai aku keluar terus-terusan, jadi aku cemas bgt",fear
5262,"oh, lagi lagi alasannya karna takut dipakai buat hal hal negatif (kayanya mereka tau kalo rp itu ada nsfw nsfw nya), makanya sampai saat ini baru aktris thai aja yang gak mau di pakai wajahnya. aktornya belum.",neutral
254,"masih pagi, udah marah marah aja",anger
5771,"terima kasih dasom-ah, kamu suka kah kopi seperti ini?",neutral
4511,"patrick wilson yang berperan sebagai astronot dan john bradley sebagai 'whistle-blower' patut diacungi jempol karena totalitas aktingnya. tapi soal kualitas, tentu saja akting halle berry yang menjadi juara berkat profesionalitas dan jam terbang yang lebih lama",neutral
8443,aku nyesel gara-gara ngikutin seseorang yang gak pantas.,sad
5159,cara muvon tercepat yang tidak direkomedasikan: buat dia ilfeel/benci sama kita begitu sebaliknya n im done yeahh fufuufu gimme high five,neutral
12078,"gemes banget deh kaki wonie, keren bgt ya woy",love
759,dih tolol,anger
654,"bayangin aja ryo: ani sihh aced: tau tuh, kena marah kan lyan: lah kok aku?? berakhir gelut bertiga",anger
5297,pura-pura kaget biar dia gak malu,neutral
5288,"bukan cakep yg feminim tp kek ""nih cewe seems like she make rules of her life"" ya semua orang gitu kali ya tapi smth different she looks like an independent fierce woman. tapi ga bikin takut, kliatan friendly. yeu sotoy bingits",neutral
9320,"jangan kesel ya, aku minta maaf",anger
3401,bucin banget. serius. lucu kalo liat/dengar mereka suka sama orang tuh.,love
1420,"chaki, ni buatmu. aku bete banget dah kemarinan waktu kamu ngebet mau jodohin aku sama kak heeseung kaget puool taunya pernah jadi temen satu oa-ku. kelakuanmu beda maksimal (real)",fear
3044,"done all, wish me luck aku suka banget foto hj pake topeng gini kaya pangeran gituu",joy
2830,dopinge jo lali massee semangat! mugo lancar berkah,joy
8518,"pagi2 udah dibikin kesel aja sama denise, ga tega pake uangnya",sad
328,dengan berlindung merasa punya hak imunitas dpr ih bodoh amat saya gak pilih dia sebagai perwakilan rakyat sok orang sunda diam wae santet saja dari jarak jauh si orang pdi p itu nanti nglunjak dan besar kepala nya ..si anjing,anger
8557,"gue nangis, teringat pas lulusan SMA kelas 3 gue, nggak bisa belajar di bimbingan bapak karena harus belajar di bimbingan ibu, beneran baper sih, nggak mau dianggap anak bapak, tapi beneran baper sih, beneran baper sih, beneran baper sih",sad
253,sorry bang gue paling benci kalo ada yang bilang dia lebih cape dari gue,anger
8077,"udah lama ga ketemu, rasanya ga enak",sad
5323,"amin, smoga semua doa baikpun berbalik ke kamu ya akutuh pgn iseng apply fs cm kok aku ragu, bakor ku blm fasih dan kayanya aku bakal mematung kl hadapan lgsg sm nana. tapi kl utk konser msh bs diusahakan",neutral
10400,"oh my god, aku kaget banget",fear
4377,"masih ada nilai pretest praktikum, nilai mk, ipsemester, ipk. nanti kerja ada target2 kantor. kalo piinis ada iku, skp kalo dusen ada bkd. jadi masih banyak nilai lainnya. santai aja..",neutral
5092,mari kita lihat manusia tolol,neutral
5377,exol juaranya malu-maluin fandom sendiri,neutral
3019,kok orang-orang pada takut kecoa? padahal seru loh liat dia terbang.. Wkkwkwkwkwk,joy
3029,"aku gak suka yang bertele tele phi, enaknya makasih na phi! jangan bosen bosen kasih aku makanan dan kawan kawannya",joy
2636,"lagi semangat belajar kimia, kalo gurunya ga dateng gue nangis sih",joy
7821,"pagi ini semoga berkah, semoga rezekiku lancar, semangat pagi",joy
7144,"akhirnya kaka aku bisa bigwin di salah satu host ga indo, seneng banget",joy
3018,"wkwkwk inget banget sama video ini, yg namjin muji penampilan hobi terus ada juga pas video jungkook muji kalau hobi hari itu ganteng banget gak kayak biasanya, sampe malu anaknya i vote for at the 2022",joy
2945,"untung aja bener, jadi ga malu-maluin",joy
3659,"waduh waduh, saya pecinta mcflurry mau maju deh. hallo, sender. pertama mau bilang makasih sudah menjadi manusia baik, nama saya rakael. biasanya dipanggil sayang si, hehe. saya suka banget mcflurry asli, yang oreo tapi. soalnya mcd deket rumah banget, tinggal ngesot.",love
8918,sayangnya cinta itu bikin kita terkadang senang dan terkadang sedih,sad
7754,"terima kasih banget nih, akhirnya aku ketemu orang yang suka desainku, alhamdulillah dia mau jadi klien dan jadi desain baju buat jualan dia, seneng banget",joy
6495,masih sepi.bikin dingin kesepian eakkk,sad
2663,"eh kak yumii rest well yaa, semangat belajarnya jgn lupa jaga kesehatan",joy
5378,mahfud mengatakan berita hoaks ini banyak tersebar di sejumlah platform. termasuk media sosial yang sebenarnya diharap jadi wadah interaksi warga secara positif,neutral
12257,papi suka yang manis manis gitu :d,love
1362,ttp kaget walaupun gak nonton,fear
12434,"rasanya nyaman banget, aku suka banget sama dia",love
3481,ohh myy yuzu keren banget pliss suka banget sama coveran nya yuzu yang ini kalian moots ku harus dengerin ini,love
12133,"halo. aku cinta banget sama the8 dan kebetulan juga side fc saya all member svt. kalau kita ketemu nanti, aku bisa bercanda dan berpelukan dengan pacar, juga suka berciuman",love
9239,"gemes deh artis Indonesia yang suka banget bekerja dg uang haram, hindari dan jauhi bisnisnya karaoke dll.. biadab banget mengajak masyarakat kpd hal2 yg negatif, jauhi mereka semuanya para artis yg menjerumuskanmu keneraka jahanam naudzubillah mindhaliq",anger
10667,"ga ngerti sih, kenapa ya jaman dulu para ifnt banyak muncul di variety shows, tapi sekarang mulai berkurang juga. kalau di balik layar kek apa ya, soalnya dunia showbiz kadang bisa ngeri banget kompetisinya",fear
10164,"ah gue nyontek aja di ujian musik, gue nggak bisa mikirin yg lain, gue paling takut sama musik ini, soalnya susah dan gue males banget sama gurunya yang paling killer seantero sekolah",fear
5653,saya lebih suka otoriternya alm pak harto. harga dikontrol mafia pangan gak berkutik. migas dikontrol gak ada yg berani nimbun. preman disikat masyarakat aman tentram. sayang org2 disekelilingnya kurang baik. ada gbhn dan repelita arah pembangunan yg jelas.,neutral
11132,"warga udah jadi korban, mas. aneh banget diancamin terus menerus, emang bisa gak sih? belum lagi waktu mereka yang seharusnya diisi produktif harus dihabiskan untuk ngawasin tanah yang mereka punya, siapa nih yang nyuruh?",fear
8526,"ya allah, baliklah kakak, aku rindu banget sama kakak",sad
2880,cerah oy.,joy
3381,"gue emang suka diposesifin tapi ga sampe over, kalo gue nya ga nyaman paling ajak deeptalk, kalo sampe ngadi ngadi gue putusin",love
10537,"aku bingung, gimana caranya? ga ada jalan keluar",fear
1302,"ngeri x pon, aji mumpung.",fear
10579,hehe benerr aku kaget juga ternyata anak bio,fear
4957,"kadang pingin bilang ke sesama perempuan .. jangan lah bego-bego kali karena satu laki-laki doang. ga worth it gitu loh :"") kalian tuh cantik, pinter, sifatnya menyenangkan. di luar sana pasti ada cowok baik yang mau sama kalian. stop nyakitin diri sendiri gitu :"")",neutral
4836,musim hujan kan biasa dr tahun ke tahun begitu?!,neutral
6497,sedih bestie habis makan ga disuruh minum sama moots,sad
11941,"asyik bgt liat nih cerita, bener-bener aku suka, kaya aku, i mean, aku suka bgt. pengen liat episode selanjutnya!",love
5709,biasanya ini hari sabtu. hari yg aku suka banget tapi hari ini lagi bener2 capek,neutral
7962,"aku lagi kesal banget loch, nggak tahan nih",sad
942,"sumpah yaa, instagram tuh kadang resee suka gak kasih notiff",anger
11177,"aku suka banyak orang, teman-teman, oppa, dan lain-lain, tapi aku belum tahu apa itu cinta",love
3235,senang banget dia udah seperti biasa lagi mantappp,joy
3257,"alhamdulillah, kabar baik di pagi hari. semoga seterusnya ""hello.this is bighit music"" bawa kabar baik yaa",joy
9542,"wah ini akun sy di hack, gimana gini?",anger
12211,"aku juga nyesel sama kaka, ngegombal ke aku gitu. Nggak bisa juga, aku kangen banget",love
176,"bener, tpi juga bikin kesal lama2 liat mukanya",anger
435,aneh lu bangsat,anger
6562,sedih woy tolong,sad
308,"masih pagi jangan marah"" bundaa",anger
1565,takut tp ttp percaya diri,fear
3964,aku rindu kamu :'),love
2135,"morning win win metawin semoga makin banyak solo projek, solo endorsement, series baru dan projek-projek lain yang bikin win bahagia.,",joy
7068,menghilang begitu saja :'),sad
11355,aku jatuh cinta sama siapa ini sih? :D,love
4977,"hanya orang bodoh yang mati demi cinta, aku akan bertahan hidup untuk cinta. -ryo saeba (city hunter)",neutral
6438,jualan sepi banget,sad
10306,"ga ada yang bisa ngeluarin kata takut dari mulutku, ngeri abis",fear
595,gua benci sabtu,anger
6590,"kasihan dan ikut sedih. cari aman tanpa foto,tanpa upload dan lainnya. kalo ga jangan di dunia homo.",sad
4625,"tentu saja kalo jual cash, ga dapet r",neutral
5332,aku sebenernya panik tpi ttp cantik,neutral
8490,"kenapa sih, aku suka sama dia tapi dia cuma suka sama aku, gosong banget, aku bingung apa salah aku, apapun aku tidak mau mengalah, aku sad banget",sad
6883,"dan nangis lgi pass prilly marah ke mama papanya, ngeluapin semuanya, aku nangis lgi, yg di kehidupan prilly itu semua related",sad
10466,"gimana ya, negara kita demokrasi tapi masing-masing cuma memikirkan diri sendiri. aku khawatir sama nama nur wahid ini",fear
2623,"maaciw kak udah ikutan giveaway nya mimin, teruss semangat semoga kamu beruntung yachh, fighting ^lw",joy
4572,"oh, jangan. kantor polisi punya banyak orang yang asing akan wajahnya. hubungi orang dalam saja.",neutral
11978,"pengen nangis melihat kerenya dia, suka banget cara duduknya",love
11519,"gila banget sama sekolah tari yg satu itu, sering banget nonton kegiatan mereka, mereka juga suka banget sama sekolah tari itu",love
231,"jengkel bgt sama call centernya buru2 bgt closing nya, padahal masalah belom kelar. parahh!! oia kan sicepat namanya",anger
179,pagi2 kok udah emosi,anger
737,"itu tukang sate bego amat yaa! | kenapa emang ? | masa bara api dikipasin, sampe mampus jg gak bakal dingin | -__-",anger
12108,"mereka juga yang suka shipping, tapi aku cinta mereka lebih dulu",love
6180,"maauu, aku udh sebulan sepi banget :(( spes app prem",sad
9230,"gemes banget, dia ngecerita ke orang-orang yang jahat padanya. Sekali dia benci, seribu orang jadi benci. Gemes deh",anger
8132,"eh, sekarang udah ga usah takut lagi, sekarang udah safe",sad
6607,bangst gue 'enjoy' bersedih-sedih. karena gue suka menahan diri untuk gak bersedih atau nangis. stress relief ku adalah kisah angst,sad
8917,"aku sedih gaes, belum dapat kabar dari ayang",sad
6189,kayanya sihh ga akan ada selca hari ini xixi penonton kecewa,sad
1321,"kalo saya ceritain semua ini ke kamu, saya takut kamu tinggalin lagi. saya gasuka sendiri",fear
1995,"mulut berkata ""jalani saja dulu"" sementara hati ngedumel deg""an ""bisa skip ngga sih""",fear
6916,no jgn gini ku malu bbt sm masa lalu ku sedih soalnya kalau diinget,sad
12237,"cuy, aku beneran jatuh cinta sama kamu ya? ga sabar nunggu ketemu lagi",love
7313,"tulisanmu mengalir dengan gaya yang keren banget, bikin aku semangat juga nih",joy
6045,"sudah dikejutkan tampa di bangunin lagi, kamar sudah sepi dan berangkat ke masjid, sholikhah semunya anak"" ada perkembangan ni",neutral
800,"jangan jadi orang tolol lah anjing, semua orang tau kalau lu ngelakuin salah semua orang tau kalau lu sampah lu bajingan jadi jangan ngarepin belas kasih dr orang yg udah lu kecewain",anger
9541,"omg bapakku suka bgt buat contoh, jangan kaya lu ya",anger
2086,enak ga?? Kalau ga ya ga mau,joy
5501,"lanjut gais. bbc skincare ini produk local ya, yang paling aku cinta n demen itu karna tekstur creamnya lembut ga lengket di aplikasiin ke muka enteng kaya ga pake apa2, ga ngedempul, kulit muka jadi cerah n glowing natural",neutral
11642,"karna aku suka sama kamu, aku nggak mau berhenti memanggil kamu pacar, aku juga nggak mau berhenti merasakan rasa sayang ke kamu",love
69,ajarkan kepada anak lelaki; tolong opininya jangan kelewat tolol.,anger
5367,malu dia tuh,neutral
8196,"aku sad gitu deh, tapi aku harus tersenyum buat besoknya, jangan nangis terus ya, nangis sebanyak2nya dan jangan lupa tersenyum :)",sad
8531,"iye, elu yang disana? kok lu ganteng banget? ya emang ga bisa langsung bilang, sedih deh",sad
5170,"merasa pintar, bodoh saja tak punya",neutral
1680,aku lebih takut liat bird japan ketemu bam,fear
377,"baju ilang lagi laundryan, pagi2 dah bikin emosi",anger
1469,edan ngeri nyuak mang,fear
2603,"semangat ka fiony~~ sehat selaluu,we always love you",joy
4181,daerah beling yang ada. yaa namanya juga si -paling-mengabdi.. siap di daerah mana saja :mukasongong:,neutral
8504,"eh kok sepi banget sih di sini, ada apa sih",sad
9782,ku semangat tapi dalam hati ku berkata bangsat,anger
11908,"sering baca karya2mu, aku suka banget, keren abis, aku suka banget sama karyamu. hahaha",love
4505,"kalau ko sanggup sewa bilik, hidup apa adanya, makan roti or maggi je hari2, kahwinlah. kalau dah biasa hidup selesa, taknak hidup susah, simpan la duit dulu.",neutral
9711,"gimana nggak, semua yg dari arab pasti halal ya, padahal mereka tahu itu gila dan berbahaya",anger
4230,hahaa betul biasa memang lagu untuk final year,neutral
3091,"inilah yang sudah lama kunanti. akhirnya ngadain webinar yg topiknya nendang banget, yaitu tentang toxic relationship. yuk lah bestie yang masih suka galau2 masalah percintaan mending ikutan ini!!",joy
2726,happy weekend all.. semangat bekerja,joy
477,"apasi ngentot gajelas. mau kecil, gede juga kalo tuaan gue itu org jadi adek. tolol",anger
1329,walau dah 35 tahun tetap takut mak marah tak kemas rumah,fear
2283,"waa enak tuu, semoga libur mu bahagia yaa!~",joy
3732,sekalinya dapat au yang gua suka alur ceritanya eh malah masi on going gadak apa ya alur gitu tapi uda end bukan gabisa nunggu tapi ini beneran butuh asupan au banget ku lagi gabut banget banget,love
12151,kecintaan aku pada konsep Taeyeon kali ini udah luar biasa,love
6844,"kadang, ngerasa sebel sama diri sendiri tuh lebih ke sifat kekanakan sama too easy to explode alias emosi meledak2. yah, annoying.",sad
751,benci bangett,anger
10071,"eh, kok aku jadi bingung bgt?",fear
12557,"kaya biasa, nyoba tontonan yt yang viewnya banyak tapi gak mempan",neutral
873,"tbl tbl takut banget loh, iri kan lo ga bisa gitu makanya jangan gatel",anger
8522,"ayo ayo ayo, jangan sedih, kita pasti akan bertemu lagi",sad
11075,"aku cuman takut, bagian belakang badan aja sih",fear
8200,"aku nemenin adek main genshin di ps, dia nyeritain soal gamenya panjang lebar pake bahasa inggris tapi aku cuma ohh hahah iyakah? ga ngerti soalnya anjir berasa bodoh level akhir",sad
4564,"the only thing i like about this 11t pro is charge cepat. less than 20 minutes dah full. tapi kadang tu selalu jugak la overcharge sebab tinggal2 je time charge pastu terus lupa. masa charge, phone panas gila. taktau la kenapa. benda nie aku tak suka ye. tapi time normal use ok",neutral
1545,takut bgt kalo nanti tiba-tiba ke,fear
739,"nah kalo ini bukan pick me girl lagi, lebih ke tolol banget anjing girl",anger
10780,"oh woi, setiap hari aku harus bangun pagi, tapi setidaknya aku bisa mengumpulkan tenaga untuk membantu ini dan itu. Tapi seringkali aku harus langsung terlibat dalam kegiatan lain, ya tapi gpp si udah biasa jg. Mana kalau lagi terdorong, kadang aku suka diminta ngobrol.",fear
2683,",,terimakasih saudaraku,sdh turut ramaikan.. selamat akhir pekan.. sehat dn bahagia..",joy
9665,"pukimak banget deh, orang yang bodoh malah yang bilang orang lain bodoh. Cewek itu ngga bisa dianggap. Dia jahat!",anger
9315,"kamu yang bodoh kayak tytyd, ngejawab tapi ga rinci, kaya apa gitu, IQ-nya 69. emang saya ngomong klo saya ateis? saya kan nebak skrip kamu, pasti kamu bakal ngatain saya bukan ateis gegaran ga follow akun ateis. dan benar tebakan saya",anger
5121,gubernur cumut diem aja. soale nanggepin keledai bodoh malah akan berakibat memalukan. diemin aja tar jg abis jabatannya,neutral
8374,"jangan ditunda, jangan diabain, tolong author bikin yang mature version, aku kangen banget",sad
3518,"kata-kata indah cinta: satu hal yang tak aku suka tentang cinta: semakin aku menyangkalnya, semakin dia membuatku jatuh cinta. betul?",love
5667,"tp gaperlu pura2 excited soalnya anak kecil gampang ngeh kalo kita pura2 apalagi kalo berlebihan. jd kalo ga bener2 tertarik bs cukup nanya2 aja ttg kesukaan mereka itu, mereka jg suka sih ditanya tanya gt",neutral
2354,enak lah,joy
12548,"ga ada apa-apanya, aku baru paham bulan maret, aku hanya menerima rent per jam. silakan hubungi ibuku (jika ada yang ingin kamu tanyakan). semoga harimu baik, sender.",neutral
8339,"ya gitu deh, sebenarnya yang paling sedih adalah member yang harus kehilangan Denise, kita tahu hubungan Denise dan Lockey, kita tahu hubungan Denise dan Dejin, kita tahu hubungan antar member, jadi Lockey harus kuat karena Lockey adalah sumber semangat dari Secret Number",sad
773,"ajg ad aja yg bikin emosi baca gini pagi""",anger
5640,yahh anjir ada tu 1 lagi yg gw suka banget tp lupa judulnya. apa ya,neutral
11095,kadang-kadang kita selalu memaafkan seseorang hanya karena takut kehilangan.,fear
5200,bekmya masih tolol tolol,neutral
9963,siapa yang mau curhat sama aku? siapa yang mau curhat sama aku? siapa yang mau curhat sama aku? siapa yang mau curhat sama aku? siapa yang mau curhat sama aku? siapa yang mau curhat sama aku? siapa yang mau curhat sama aku? siapa yang mau curhat sama aku? siapa yang mau curhat sama aku? siapa yang mau curhat sama aku? siapa yang mau curhat sama aku? siapa yang mau curhat sama aku? siapa yang mau curhat sama aku? siapa yang mau curhat sama aku? siapa,anger
641,"aq dh 5 kali approach..smua ke reject..sedih siot..siap depress..tu la nk ckp takut nk approach dulu x la tp effect after approach tu yg prob..klau diterima ok..lau x sedih,malu,marah semua ad..and its effect ur life..kdg rasa penat dah nk hadap",anger
6724,masih sepi gasih kok belum ada ysd yg lewat,sad
12308,"pagi sblmnya aku ngejog, kini aku ready slot! ayo main santai seperti bermain bersama sdr di hari ini. jangan lupa untuk follow aku ya. dm atau wa yuk",love
6729,"saya sempat punya hari di mana pada hari itu saya sedih karena kecewa. kemudian hari ini saya bahagia, kutertawakan hari itu.",sad
8022,"maaf aku tertawa tadi, aku pikir kamu lagi berpakaian jadi pocong. Tapi ternyata kamu meninggal, aku sangat sedih. Maafkan aku ya.",sad
4309,obat stroke yg paling ampuh adalah bio nerve. pesan di wa 0812-7571-3754 atau 0811.805.663,neutral
5204,"negara juga ga bodoh. ga perlu sok""an mancing ats nama kebebasan informasi kalau tujuannya hanya bikin propaganda/framing.",neutral
865,"semua hobinya kaget, jengkel",anger
5516,kayaknya bakalan enak banget,neutral
7959,"ya siapa yang ga sedih, mo ngomongnya juga gimana. nanti perasaan orang yang tersinggung",sad
12053,gw suka banget sama yang ini,love
7822,"iya, ya batalin aja deh bukan belanja sama batu, semangat upraknya!",joy
12458,"halo min, aku pengen nih buat temenan sama kamu. Aku fans editan kamu nomor 1. Aku follow kamu dari 3 akun. Aku punya buktinya. Aku suka banget sama editan kamu yang pensi.",love
7859,"mandiri, rendah hati, sabar, dan takut akan Tuhan, itu aja sudah cukup untuk harapanku",joy
11121,"ngeri banget kalo makan biskut raya dulu, takut batal raya tahun ni",fear
9613,"aku coba chat dia tapi nggak ada balasannya, ternyata aku mimpi doang",anger
962,"haha, itu jaksel day ngebekas banget jadi bikin aku suka ngetik i bercampur language. t ____ t keki banget",anger
11897,manis deh kalian jadiin aku kangen,love
8486,"ya ampun nangis terus bayangin masa depan, semuanya pasti habis gitu aja kan",sad
8823,"makasih Yoongi udah bikin aku semangat, hush sedih pergi hush hush",sad
11780,suka banget sama filmnya seohyun. mulai dari dialognya aja udah kecium banget cinta. makin ditonton ternyata beneran bagus. jujur gue ga expect akan semenarik ini dan ngira paling gue bakal bosen di 30 menit pertama,love
3309,sepi bgt busyet wkwk,joy
2166,"wihh semangat pkl nya onad! dah sarapan lums? kalo lums sarapan dulu yaa, have a nice day ;3 stay healthy",joy
363,"masih pagi loh, udah ada yg bikin emosi aja",anger
3723,"ingat banget waktu sd aku suka mikir gini wkwk, sd sampai smp sih mikirnya gini mulu. jadi kangen",love
2825,pagi q cerah ..,joy
6515,"page 36/365 seharusnya jujur dari awal si kalo emang sebenernya gak pernah tulus, jangan terpaut karna kasihan datangnya. yang ikhlas ya jangan buat orang yang mengharapkan mu kecewa",sad
3597,"thankyou gale! kamu perhatian banget sama aku, suka sama aku ya?",love
4726,emyu sedang tidak baik2 saja..melu bersyukur+prihatin ngab,neutral
546,jangan memancing emosi pagi pagi,anger
2940,"kaget ngeliat notif, disebut kqkwkw",joy
471,takde warning bodoh ni tikus just brushed past my leg,anger
1641,"kaget plus deg-degan pas ada pelanggan cewek yang negur saya pas lagi nongkrong di cafe. kayaknya si anak kedokteran ya, bening sama cantik bat, heran. mana suaranya lembut bat lagi, jadi keinget suaranya kak yessica",fear
11188,"suka sekali sama seragamnya, bikin keren deh",love
3338,suka banget,love
9585,"capek sih sama debatnya, udah ngga usah diterusin, cowok cuma mikir enak aja",anger
1172,"andin aja bawa kesini,hazel masih bayi takut flu",fear
8054,"aku merasa sedih banget, hatiku rasanya kretek-kretek, rasanya gimana ya di crush-in seseorang yang seperti Jungkook? Jeles banget iya, tapi ya udahlah, mau gimana lagi. Semoga aku mendapat jodoh yang seperti Jungkook",sad
5273,saling menyayangi. saling memiliki. saling membutuhkan. saling takut kehilangan. itu yang terpenting.,neutral
10178,"mendingan baca aja deh, ga akan pernah tau apa-apa kalau ga nyobain",fear
12423,"aku suka sekali dengan karya ini, gini ya gaya bahasanya, jadi mirip dengan aku, i love the way you write!",love
11278,"aku suka banget sama kalian, dua kalian keren abis, unnie cantik, lagu kalian enak, aku sangat bangga padamu",love
12599,"meskipun sudah tiada, karya-karya glenn fredly masih terus hidup di hati banyak orang, luar biasa banget sih",neutral
11601,"wow! buku terbagus minggu ini, wkwk. selain tuli-san sas-tra, atithesis juga jadi favorit. setiap partnya bikin nyaman, suka sama tulisannya, semoga bisa nemu lagi yang bagus",love
5943,"lah siapa lagi wkwk teman sedih senang aku dari lama banget yaampun, dia mau curhat aja aku rela ghosting dunia.",neutral
10770,"terus terang aja, aku cemas bgt nih, apa coba yang aku takutin",fear
1410,kaget.. heran.. akhh..,fear
7658,"udah didekatin deh ya sama temen-temen yg banyak gitu, padahal aku udah mau kepala 2 belom pernah, tapi gapapa sih kan lebih baik jomblo. semangat jomblo sampai ketemu jodoh",joy
6333,kusut je pagi-pagi gelak macam takda hari esok,sad
5902,dikamu sepi?,neutral
9376,"ya allah, gimana sih aku bisa terlalu marah ini",anger
2694,"kalau ibu sakit, ya ibu tetep kudu siapin makanan dll dll,walau pake delivery order segala macem,semangat ya bu",joy
815,nanti derang keluarkan la statement minta maaf dan senarai alasan bodoh tu. macam tak biasa.,anger
2131,semangat juga beb,joy
1797,tiba tiba banget aku kaget,fear
4575,"jangan biarkan mimpimu terkubur perlahan oleh waktu, lakukan yg kamu impikan, hidup terlalu berharga melakukan sesuatu yang biasa gigitch",neutral
5190,"jadi inget waktu kakak menikah, ayah juga bilang hal yang sama. dia bilang, ""sebelum ada lelaki lain yang mencintai dia (kakak), ada seseorang yang mencintai dia terlebih dahulu. itu adalah ayah. jika memang istrimu membuatmu kesal, tahan kesabaranmu, jangan pukul dia.",neutral
3122,"renjana beuhh bagus banget!! sempet baca sampe tamat di wattpad sblm naik cetak. biasa nya ga begitu suka baca novel tentang reinkarnasi soalnya bahasanya biasanya berat, tapi disini bahasa nya mudah dimengerti",joy
5365,"jangan pernah memberi seseorang harapan, jika kamu tak ingin memenuhinya. lebih baik jujur meski pilu, dari pada bahagia tapi palsu.",neutral
7039,relate banget sampe suka dikatain sombong,sad
4275,sudah biasa kan,neutral
11650,"udah dong, paling suka sama lagu itu. unnie cantik bgt, highlightnya enak2. cold as hell juga keren abis. proud of you, unnie!",love
3089,"selain itu, saat ini belut juga sudah menjadi cemilan yang dikembangkan oleh beberapa umkm lho. wah, keren banget kan. paling suka makan hidangan apa nih dari belut?",joy
12492,"apa kabar kalian? aku kagum banget sama kalian. kalian ga kepalang gitu, kalian selalu bisa membantu. aku seneng banget punya teman kalian. aku harap kalian bisa semakin baik lagi. aku cinta kalian",love
10669,"ga mau makan seblak tp ga punya uang, aku takut ga cukup sampai akhir bulan, hahaha",fear
12579,baru aja foto kecamatan sanden kirim,neutral
7948,"aku sedih bgt tuh, cuma beberapa orang aja yang mau bantu, padahal banyak yang liat tweet aku. tapi tenang, Allah ganti yang lebih banyak",sad
5253,"dia takut kali aku gk jadi balik gess.. padahal niatku baik buat belikin mereka ikan, udang, dll buat lauk mereka, tapi di sambut gitu. ya ampunn. aku masih blom sadar dstu",neutral
237,bodoh lah takda flight terdekat,anger
1532,malah takut ga si,fear
11858,"bener-bener sayang sama semua, nggak bisa memilih yang paling disuka",love
7627,"selain itu, sekarang belut juga jadi camilan baru buat umkm. keren banget kan. paling suka makan apa dari belut?",joy
3410,suka banget self pampering nih kak kayaknya?,love
2831,"aku senang, jangan ganggu mood bahagiaku",joy
11467,"jadi kangen bgt sama ibuku, hati suka aja ga bisa tersembunyi, rasanya ga pernah bisa pindah dari hatiku, walau dia kadang marah, tapi perhatiannya yang sebenarnya adalah nomor satu, terbaik, sayang",love
1535,"kalo ampe kejadian, gue bikin lu malu seumur idup si liatin ae",fear
3879,suka banget enak keras2 alot,love
5302,sorry tp kenapa takut eh kalau cert mysj jadi putih? as long kite bertegas dah amik 2 dose. should be fight jela balik kan? even kj ugut mcm tu,neutral
9375,"kaya beneran sih, kasian nih org, istilah anak kolong aja gak tw.. bisax main medsos tp malas membaca, bego beud",anger
1299,agak takut tapi gapapa.,fear
5499,"q lak pas dolan nang pondk mojo, area pethok-keniten-bendo mojo ada lho, malah seng enak iku keniten.. pernah soale q mas",neutral
10619,"aku takut nih, bungkam aja sih, jangan sampai ada yang terjadi",fear
9144,"gemes deh setiap scene ada si jessi yg muncul, rating malah turun. lebih baik ku liat konflik perebutan reyna walaupun harus emosi juga liat tingkah kuyang. tapi ketimbang liat si jessi",anger
1480,takut dan dag dig dug bacanya tp bermanfaat bangett,fear
2793,ujan2 mcam ini enak ngezoo ah..,joy
11803,"aku suka banget sama beomgyu, kapan lagi kita bisa ketemu? aku nangis sendiri deh kangen banget sama dia",love
12322,"aku suka banget baca cerita dia, gampang aja dengerin dan lucu banget, jadi ga bosen2",love
5091,"5/24 wansen gemes bgt beixing ga peka ah, tpi bukan salahnya juga sih, wansen nya begitu, ya wajar wkwk terus itu gao ge malah bikin tambah salah paham cuma buat bpk nya kesal",neutral
2329,"bagaimana yang aku rasa. tak jauh beda denganmu! intinya, kita merasakan sama. sama-sama menderita sama-sama bahagia! semua bersama :)",joy
6281,"adakah apabila takdir ku sampai..allah ambil nyawa ku..akan ramai yang sedih dengan kepemergianku, adakah ramai yang akan mahu mandikan jenazahku..adakah ramai yang akan mengangkat jenazah ku..adakah ramai yang akan mendoakan ku..aku risau..dan kerana risau aku bersedih..",sad
5980,sepi banget pickawku,neutral
12179,"weekend ala aku, selalu me time dulu, nonton drakor sepuasnya pake indihome, sambil makan jajann, weekend kamu gimana bestiiee",love
6512,pagi ini sedih sekali,sad
3661,fans suka nuntut ini itu tp gatau kerja keras staff dibalik layar. idol2 jype aja selalu berterima kasih loh ke staff mreka dan jyp pdnim tiap dpt penghargaan. jd syukuri hal sekecil apapun. kritik boleh bego jangan.,love
555,bangsat off target lagi,anger
4825,": tentu saja, jika aku mengatakan aku 18 tahun, orang-orang akan percaya aku masih 18 tahun : orang yang bilang ""maaf?"" ayo muncul.. : hahaha : orang yang bilang ""itu berlebihan"" ayo muncul.. : eonni, oppa, paman, adik (dengan gaya imut)",neutral
1163,takut la case naik ni erm,fear
5680,"scorpio, asmara: jika sudah punya kekasih, maka perlu kesetiaan dan perasaan cinta yang tinggi, jangan suka bermain api.",neutral
7920,"dia belum pernah memberikan apapun, tapi janji manis dan harapan palsunya aku tetap simpan",sad
4715,ni semua normal bohh,neutral
397,"emosi dri kmrn ga ilang""",anger
9790,"gemes deh anaknya nanti jadi kayak aku aja, biar bisa dinasehatin tiap hari. daripada dulu suka nyindirin aku berkedok self reminder, mending langsung kasih copy pastenya aja ke mereka tuhan haha",anger
2506,semangat kerjanya!,joy
11078,boleh ga sih aku suka sama orang lain? aku takut bilangnya malah sasimo,fear
6775,"mjb kak, coba smbil dengerin lagu yg mellow sedih gtu",sad
8284,"gak nyampe kuota, sedih banget",sad
10027,"ya, aku juga gak tahan bgt",fear
6826,"mauu banget kakk, dari awal nge stan bangtan belum kebeli album, merch, army bomb,, sedih bangett",sad
10251,"yaah, aku agak khawatir karena org sebelah gue ngeri mulu",fear
723,bagus tapi mau marah,anger
300,kalo marah balik kek anjg lah,anger
10573,"ya udah, aku ga mau menerima orderan lagi. aku ga mau diharapin, aku ga mau ditipu, aku ga mau dikecewakan",fear
6836,denise gw sedih,sad
4294,"jangan terlalu banyak memikirkan sesuatu,pikirkan saja apa kepentingan mu dan apa yg menjadi tujuanmu, sisanya lupakan saja.",neutral
8188,"aku sedih, tapi aku baik-baik saja",sad
4185,"stop aja udah stop, yang sini tiap hari mandinya pake air juga biasa aja",neutral
11395,"hohohoho, saya penggemar mcflurry, mau jadi pacar. hello, pengirim. pertama mau bilang makasih sudah menjadi orang baik, namaku rakael. biasanya dipanggil sayang si, hehe. saya suka banget mcflurry asli, yang oreo tapi. soalnya mcd deket rumah banget, tinggal ngesot.",love
5896,"hiduplah sbg pejuang, seorang pejuang boleh suatu saat sakit / sedih. tapi ia tak boleh menyerah dgn kelemahannya, keterbatasannya dan kesedihannya. ia harus bangkit mewujudkan mimpi dan kesuksesan. sebab kesuksesan dan kebahagiaan ibarat piala yg semua orang berhak merebutnya.",neutral
12389,"ayok kita ngumpulin beras buat ngasih ibu, sayang ya",love
3142,"alhamdulillah,, dapat kabar baik",joy
12265,"oh, chiyo. adek kamu suka apa aja? dia bilang. ya, dia tahu kalau yuzuha suka sama kakaknya. apa aja dia suka, asal jangan kamu kasih beling aja. aku bukan ahli debus, lo tau kan?",love
6537,"ayoo, yang lain juga boleh new acc ni masi sepi :(",sad
3205,my! hari ini seneng banget huhu. dapet kabar baik dari jimin say alhamdulillah buat muslim armys terus nanti stay alive mau rilis jangan lupa kita punya goals juga ya. harus semangat pokonyaa,joy
4955,"gue selalu berlemah lembut gini di bilang suka marah marah, ga ngerti lagi deh gue sama lo",neutral
4582,"semoga lekas sembuh total, lepaskan jilatan, komenlah yg perlu saja, untuk hindari olokan.",neutral
11403,"anakku suka nyanyiin lagu yang sering dimainin di radio, terutama lagu anak-anak, ga sabar nanti bisa nyanyiin sama dia",love
12058,"suka banget nontonin asmr, seru aja gitu",love
7173,"allahuakbar akhirnya selamat pulang, semangat semangat",joy
7738,"eh ternyata dia bener-bener kaget, tapi abis itu dia ngakak karena ekspresinya gemes lo",joy
10918,pelajaran aturan sinus cosinus ini segitiga apa aku reflek jwb segitiga sembarang segitiga abc malu bgtt tp ga salah kan. shshsksjsjjh malu mana jawabnya kenceng bgtt,fear
1152,"halo kak paket saya masih belum ada update dari tanggal 29 januari sampai sekarang dan belum sampai juga, bagaimana ya kak? saya khawatir jika paket saya hilang soalnya saya banyak lihat kasus paket hilang di twitter, mohon bantu follow up ya kak,saya sudah 12 hari menunggu paket",fear
1212,oo pahamm agak kaget y bund..,fear
4503,ih iya ada yg itu tp gatau efeknya soalnya aku biasa pakai yg ini kak,neutral
10621,"udah ga bisa mikir lagi, malu banget rasanya",fear
12222,"kalo aku suka dengerin ceritamu, melihat km dengan penuh cinta :3",love
9185,"kalo gue kepalang batin deh, liga spanyol nomor 1 siapa?",anger
5427,"yaudah aku pulang, babai kawan kawan semoga kalian bersenang senang",neutral
7662,"gw suka banget sama kebebasan ini, mau ngapain aja bisa, kebebasan maksimal",joy
6759,"'kecewa paling mendalam itu ketika dalam hati cuma bisa bilang ""oh yaudah cukup tau aja'.",sad
665,bukan emosian mba tapi bikin emosi,anger
12376,"aku suka beli baju-baju gemes, tapi sayangnya setelah dipake ga abis abisnya jadi ga pernah dipake lagi",love
642,ini yang dicari. bood mah jangan marah marah. tapi healing hehe..,anger
12588,ga kerasa kalo udah jam berapa,neutral
3767,"dulu ketika masih smp suka banget sama lagu ini, karena juga relate ya",love
4272,apple dikabarkan akan luncurkan iphone dan ipad 5g murah meriah bulan depan,neutral
7887,"selain itu, belut juga bisa jadi cemilan yang keren lho. wah, keren banget kan. paling suka makan hidangan apa nih dari belut?",joy
786,iya ajgg ih benci bgt,anger
2857,lagunya enak banget trus liriknya related sama kehidupan kita sbg anak. yang mau kepoin nih,joy
3202,"yash, seneng banget hari ini dapet kabar jimin sembuh! i vote for for at the 2022",joy
7654,"semangat yaaaaa! kangen banget hari ini, harap-harap cemasnya pasti ga nggak bakal nyesel! 😊",joy
6851,"kalau bisa aku ingin mengulang waktu di tahun 2017, benci dengan keadaan sekarang. terjebak diantara situasi yang membuat harus berfikir banyak, hanya membuat tangisan di setiap harinya. apakah bisa memutar waktu kembali ?",sad
4187,itu mh suster pak eh bpk apa kabar?,neutral
11122,"cobaan aja ini, ngeri sih bila gagal",fear
10444,"gue sih ga makan di resto yg diomongin, nunggu hasil PCR aja, apalagi kl negatif gue ga mau makan di resto itu, apa ga jahat sih?",fear
4824,": aku menemukan kentang goreng yang sangat enak : aku akan memberitahu kalian nanti : tunggu saja : tidak sekarang, karena apa saja bisa dijadikan konten : aku akan melakukan apapun dengan diriku sendiri : jadi ini memakan waktu yang lama ^_^",neutral
2905,bales dendam aowkwowkw,joy
4626,pada seneng banget menghukum orang sih? setiap hari ada saja yang dihujat. pentingnya ngajarin kolaborasi sebelum kompetisi.,neutral
9275,"nah ini bukan keinginan lagi, tapi lebih ke tolol aja",anger
996,"nenek ma mak ku nih, tapi klo ada orang lgi ngomong kadang suka ikut njawab, heran banget",anger
6714,"sedih, tangan ayang buntung",sad
9128,"jangan beli motor dan rumah, kalau mau cash ya buat ribet salesnya kayak gak senang ngelakuin",anger
9345,"gemes deh, ngeliat orang bodoh ngomongin sesuatu yang ga ada dasarnya. Kelebihan ilmu agama, bisa bedain mana bunglon mana asli. Mesti ngerti, ga perlu dibikin baper",anger
5523,"menteri bumn erick thohir mengajak para warga manfaatkan lahan perumahan mjd lokasi pertanian. erick thohir pun mnggagas program energi tani (et). energi tani brtujuan mmbumikn semangat bertani shingga masyrkt mnghasilkn produk"" pertanian scra mandiri.",neutral
9821,"gak suka bgt sama yang terlalu .. gimana gitu, gemes deh",anger
156,aneh banget bego lu,anger
8291,"kenapa ya twt sepi banget, temen-temen pada ke fb semua?",sad
3085,ketika dokter pembimbing demanding suka nanya2 tetapi dia baik banget,joy
8777,"aku sedih banget, beneran sedih, gak bisa ngasih foundation buat ibu aku karena harganya mahal banget, ya gue sedih, gue sedih banget, gue sedih :)",sad
1552,iyaa. aku juga jadi takut:((,fear
8060,"sadar banget, luvies miskin gak bisa ngasih bantuan langsung di saat seperti ini",sad
12313,"aku rindu banget sama masa kecilku, sayangnya minatku ke foto2 masa kecilmu udah hilang gitu aja",love
10491,"aku cemburu, aku khawatir, aku bawel itu karna aku sayang dan takut kehilangan, itu aja.",fear
3795,suka banget godain dia,love
495,"satu sisi teriak-teriak darurat pandemi, di sisi lain melakukan hal2 bodoh macam ini. kasian sekali nasibmu rakyat",anger
6650,":"")) kesel dan sedih alias kecewa bro :( yg tdnya semangat wts jd agak loyo",sad
2321,"met pagi ya, jangan semangat",joy
6786,aku sedih,sad
9814,"waduh agama udah kacau, nanggung banget deh, manusia jadi sembrono, paham aja ga jelas, kayak monyet ngembangin sesama monyet. kalo aja manusia gak ngembangin monyet aja, ga usah deh dianggap manusia",anger
151,emosi mulu kek ahok,anger
6641,sedih melihat kenyataan dilapangan banyak rekan pensiun pakai aturan uu ciptaker inskontitusional uang pesangon yang minim,sad
9577,"gua ngeri aja nih, cowo mulu ga tahu ga mau ga mau nyesel. gini aja gosip sama cowo mulu, pas ditanya alesan nya bangsat banget saya ga suka dia bercanda nya sama yang lain selain sama saya bu anjingg",anger
12446,"aku suka banget sama gaya penampilannya, selalu cantik",love
8613,"gak abis banget liat foto sopinya dihapus, nyesel",sad
1738,kaget langsung bener,fear
3001,"bingung banget si, kaget..tapi mari kita hadapi dengan percaya diri dan dengan gayamu sendiri saf, semangat!",joy
11167,"aku suka banget, tapi aku lebih suka dia",love
9199,"emang sih anaknya jadi tertekan nanti, menikah tujuannya bahagia trus memulai kehidupan baru dengan orang yang kita cintai, jadi kalo mau punya anak gak perlu punya, karna itu pilihan mereka, asalkan mereka bahagia, dan kalo mau punya anak disarankan punya persiapan yang mateng bgt!! bukan karna ortunya yg heboh sana sini, aneh aja -_-",anger
7372,"weekend sblumnya, semangat buat hari ini, enjoy a nice day!",joy
11335,"aku suka bgt sama ending buku ini, kayaknya penulisnya juga suka banget sama karakternya",love
11049,"aku ngga mau tinggal di apartemen yang kotor, aku gak nyaman sama itu",fear
2883,"8,5/10 enakk bgt suka rasa kuah pedesnya, apalagi kalo lagi emosi makan ini auto hilang emosi ku",joy
3720,kenapa aku suka banget banget sama cilor..,love
11091,ngga bsa dugaan2 yg aneh gini,fear
10741,"ayoo, beneran nggak, jangan ngerjain dia kayak gitu dong. ntar kalau diliat sama mas anu, pasti bakal nggak enak. dia kan suka sama kamu, jadi kaget deh. dia lho, temennya kan cakep2 semua. kok bisa sih sampe naksir sama remahan roma kelapa kek aing gini? ga jelas banget sih.",fear
11124,"bgtu banget ya, kebetulan aku baru kenal gebetan baru aku, aku cuman curiga aja, takutnya dia suka orang lain",fear
5471,enak nya makan yang anget2 ni,neutral
9680,"gemes banget, siluman babi ini keliatan di mimpi, jadi aku benci sama manusia",anger
8091,"ya gimana ya, aku ngerasa bersalah bgt kalo dia nangis, sedih, ovt, dan sebagainya kalo aku ngobrol terus. tapi gimana lagi sih, ini emang hobi aku",sad
2276,"semangat terus ya kak, aku do'ain semoga kakak baik2 aja, percaya aja sama yang di atas, minta perlindungan, dan kalo ada masalah berdoa aja minta pertunjuk untuk jalan keluarnya",joy
4823,"i remember having over 20k air asia points tapi banyak dh expired, tinggal 12k saja",neutral
4704,dia makan mie di tempat biasa ibunya belanja,neutral
4461,"pesan saya kepada orang ahli agama atau ulama sekalipun,.berdirilah dijalur ilmu yg tegas dan benar jgn abu-abu sebab mereka para partai yg hanya butuh kalian disaat mereka butuh dukungan suara,.sifat yg demikian itu adalah munafik dan licik",neutral
343,pagi2 udh dibikin jengkel. heran,anger
12162,"aku suka banget sama jkt48, kalo jalan-jalan aku pasti nonton show theater jkt48",love
4136,"gm, bentar lg setahun tp sampe skrg ga ada kabar.",neutral
9088,"jangan marah-marah, nanti lekas tua. pagi-pagi sarapan saja.",anger
6703,makanya yuyur agak kecewa biasanya mhy pinter bikin baju bozz,sad
6784,ada yang mata nya sembab begadang sembari nahan tangis,sad
2223,"allahumma sholli ala sayyidina muhammad semoga hari ini penuh keberkahan untuk kita semua, pekerjaan dan diperlancar rezekinya semangat pagi",joy
4196,ganti saja dengan kata komplotan,neutral
2584,"telor dikocok, butter dipanasin di atas teflon, masukin telornya, dorong aja atasnya kagak usah dibalik. jdi yg bawah mateng atasnya agak stengah mateng jdi shiny dan lembut gitu enak dah cobain wkwk",joy
6390,"yaa nangis gue. takut banget. sepi banget. kayak, yaudah emang cuma ada lo dan diri lo aja. mau ngarepin siape.",sad
8742,"jangan takut nangis, kalo kamu nangis itu emang buat kamu lebih baik, tapi jangan lupa tersenyum lagi besoknya ya",sad
5081,bos aku kalau bad mood suka marah-marah ga jelas. untung aku tidak baperan,neutral
12348,"aku jatuh cinta sama aktor-aktor china ini, mau bikin list mereka, nanti aku share yaa",love
10095,"kalo denger aja bingung, ga bsa dugaan yang mau gua jadi",fear
12426,"aku sayang banget sama kamu, jangan jadi orang pi en ice, ya",love
4734,"terus ketemu al baqarah ayat 62 ""sesungguhnya orang-orang yang beriman, orang-orang yahudi, orang-orang nasrani dan orang-orang sabiin, siapa saja (diantara mereka) yang beriman kepada allah dan hari akhir dan melakukan kebajikan, mereka mendapatkan pahala dari tuhan-nya,",neutral
10109,"jangan marah ya, aku takut kamu jadi tua diniat",fear
1465,tp gaboleh panikk nnti kalo panik kamu ngeblankk nanti malah gabisa ngerjain gaboleh panik,fear
4593,"sederhana saja kami sadar bagi rakyat biasa, ""yang berjuang kalah dengan yang beruang""",neutral
2234,cie libur semesternya udah habis ya? semangat wkwk,joy
12279,"mantap aja, kalo gitu kalo suka banget sama bebek bisa banget nambahin resep bebek yang pedas dan gurih, sekalian bisa nambahin resep bebek surabaya yang bumbu kuning",love
3903,kaki wonie tuh suka kek gini.. gemes banget woy,love
5840,beberapa orang nangis bukan karena sedih. tapi karena fyp tiktok isinya moment earthmix.,neutral
283,selamat pagi mari memulai hari dengan emosi yuk mampir~,anger
11665,"woh suka banget klo ada yang komen done tp aslinya ga fw.. ya udah, aku suka sama kamu",love
11767,"suka banget lagu ini, rasa cinta tuh jelas",love
10797,"rasanya ga ada yg bisa aku up nyaa, bawaan gw gak ada apa-apa",fear
8655,"pernah jatuh cinta, pernah jadi seseorang, tapi gak jadi seorang yang aku impikan",sad
8001,"twt w mulai ngerasa ga nyaman, emosi aku berantakan, ga ada kesabaran lagi. harus ke dokter biar bisa normal lagi",sad
4151,"aurat itu dari bahasa arab iaitu aurah yang berarti aib. jika tidak menutup aurat, sama saja seperti membuka aib sendiri.",neutral
12176,"eh kasur tuh suka posesif banget, niatnya baik sih tapi",love
8513,"alhamdulillah si kecil sehat, tapi aku terus khawatir kalo ada org yang ngeremehin si kecil",sad
12587,"orang dewasa udah biasa menahan rasa perih, jadi samponya dibikin perih juga",neutral
2121,"selamat hari sabtu juga ibukk, semangat buat hari ini",joy
12424,"maaf ya, gue cinta banget sama mama, dia selalu kepedulian sama gue dan selalu mau ngertiin gue. Contohnya kalau gue lagi sedih dia selalu tanya kamu kenapa dek, ada masalah? Terharu banget rasanya, pengen nangis",love
5012,masih pagi kaga boleh emosi,neutral
5859,"gw bukan orang kaya, tapi gw orang senang. gw gak punya harta, tapi gw punya bahagia. obay kusut (cowok yg mudah dikenal sukar dilupakan) salam rock n roll..",neutral
9707,"gemes deh balas dendam si dia, melampau main game, aku balas msg dia. siapa rasa adil? cekidot",anger
10340,"moga-moga aku gak jadi bahan bullyan di hari ulang tahunku, ya Allah",fear
3161,alhamdulillah jiminiee. masi pagi udah dapet kabar baik! senengggggggggggg -pagi,joy
2630,hmm. enak sih. tp manis banget wkkwkw,joy
7745,"pagi' dapet kabar baik tentang jimin, aku happy banget",joy
10718,"gakut banget bro, takutnya nanti nyesel",fear
9097,"tiati gemes banget, bego abis",anger
12253,"omg, ini kayak yoongi banget yang suka ngeluarin ide lagu terus jungkook yang suka nyumbang adlibs di bagian yang kosong. kayaknya mereka dibuat buat saling melengkapi, yah ampun deh yoongi jungkook",love
1203,takut banget ada star syndrome,fear
8545,"aku rasa kita semua pasti berduka sama pengunduran diri denise dari SN, tapi aku tetap optimis kita bisa melanjutkan perjalanan ini dengan baik. semoga kita bisa menemukan jalan yang tepat dan selalu terus maju. ayo kita sama-sama berjuang untuk mewujudkan mimpi kita. kita bisa, kita harus, kita akan",sad
616,lagi benci banget dengerin lagu bucin,anger
1926,"cerah aja apa buat hari ini, aku mau ke jtp. ga lucu kalo ujan, terus gagal lagi.",fear
3114,setuju banget. ak jg orgnya ngantukan suka tbtb merem lg beraktifitas. minum kopi aja udah ga mempan tau2 setengah jam abis ngopi malah ngantuk bukan melek wkwkwkwkw,joy
2641,semangat o.w.l. ya!,joy
11289,"waduh kece banget bro, aku suka banget sama lo",love
2562,haloo minjuu habedee!! semoga sehat dan bahagia selalu,joy
6688,kita kecewa sama harapan yang kita buat sendiri.,sad
2728,"diyann rest well syg, semangat belajarnya! jaga kesehatan yaa",joy
5728,"namanya fani orang yg paling ga tau cara bersyukur orang yg kalo ko nasehatin, ngga bakal di dengar batu batu batu sedikit buat nyaman, bakal selalu dipercaya sedikit suka, ngga bakal di tegur sapa labil labil labil mudah stress kalo terobsesi, harus dikejar dan terakhir,boring",neutral
6127,yakaann sedih ga sii pdhl pengen pake jugaa karna lucu gemass,sad
9993,"bingung deh mau ekspedisi apa, apa yg aman sekarang?",fear
2126,semangat ych hari ini,joy
6830,"non txt sedih bgt denise ga lanjut di sn :( padahal nungguin bgt dan jujur aja member yg baru kurang sreg gitu di gue tapi ga hate deh tetep dukung, semangat denise dan secret number &lt;3",sad
10376,"aku kaget banget sama suami, padahal weekend, bangun pagi, jogging, nawarin aku mau makan apa, langsung dibeliin, sarapan bareng, apa kau sibuk apa?",fear
9643,"jangan kirim koin ke base, ini bukan rp",anger
10977,"kalo kejadian nanti pasti pacarku bakal kaget gaes, geli juga sih",fear
805,benci tau rasanya harus bertengkar sama perasaan diri sendiri,anger
4694,"akun yg 1 pasti masih kek biasa, balikin",neutral
6098,sedih banget ya jadi wanita,sad
6669,kd sedih si cuma pusing ja pang,sad
3140,pagi ku cerah karena dapet kabar baik jimin udah sembuh walaupun hari ini hujan deres bgt di dom ku vote for at the,joy
4280,susu yg biasa ku minum dymatize. mau?,neutral
5338,infp keknya panik di semua hal sih,neutral
9507,"lo berdua gemesan aja gitu, ga perlu pusing pusing, hehehe",anger
566,pen marah marah tanpa sebab,anger
6339,iyaa sedih bgt padahal aku suka dia bgt di sn:((,sad
547,"kalo dia marah sampe ngancurin barang kaya hp dia atau apa, plis tinggalin",anger
26,mau marah bangeett kenapa orang orang jahat bgt si,anger
7882,"semangat semangat semanggattt! ga ada kata terlambat buat perubahan yang lebih baik, mari kita berubah menjadi lebih baik",joy
3918,suka banget dong gw,love
4486,org mesti kata yaka aku byk diam. ye mmgla ckp banyak dgn close ones saja. tapi banyak diam dlm kenduri or gather with families especially aunts uncles. ckp byk salah. baik diam . sengeh jee pastu aku selfie bg ada memory. so okayla. nak cakap byk pun letih,neutral
9149,bangsat gini yang nyuruh rakyat kelaparan. semoga azab perih menimpamu,anger
5398,engga soalnya rambut gw jelek + malu auratnya keliatan kaya ga nyaman gitu kalo gw,neutral
12563,"bukan hanya hotel, tempat hiburan atau kuburan, tapi juga tempat ibadah yang sepi",neutral
10660,"aku khawatir, jelas aja gaes",fear
1221,"banyak yang bertanya, memangnya apa yang perlu saya cemaskan? semuanya terlihat sempurna dan saya memiliki segalanya. tanpa mereka tahu, bahkan saya cemas untuk sekedar tetap hidup lima menit setalah ini.",fear
7946,"ya, ketika aku merasa sedih aku akan mengingat lagu Viva La Vida yang sangat menghibur",sad
2548,ada ga si yg semangat siap siap kemana gitu eh sampainya disana jd bdmd gatau karena apa,joy
11927,"aku suka banget sama hampir semua genre, kecuali metal dan rock. sekarang aku lebih suka genre calming vibes yang enak didenger. coba dengerin lagu ini kak!",love
437,"aku benci banget sama kamu,hatimu itu bagaikan busway yg sering mengeluar masukan orang lain",anger
6958,kenapa w hrs ga enak badan pas weekend,sad
10655,"kekitaan, panik, kucing kota dikejer terus",fear
10851,"kaga yakin nulis menfess kayak gini, tapi gue kaget bgt sama tulisan ini, rasanya menarik, biarlah",fear
1861,iya makanya gue takut banget,fear
2699,yuk semangat yuk!,joy
8793,"rasanya ngeselin kalo sepi lagi nih, apa sih yang bisa bikin sibuk?",sad
7383,"semangat buat hari ini, kau pantas bahagia. ingat sarapan dulu yaaa",joy
2481,akhir pekan bukan akhir kehidupan walaupun tidak ada uang yang penting senang,joy
9145,"kok protes banget, gue jadi marah kan",anger
11013,aku takut banget kena congkak guru yang menantunya kena tapi masih ngajar,fear
2706,"gue juga lagi sebel sm keluarga, tapi liat u aku ngerasa kek masalahku gaada apa2nya dibanding kamu aku ngerasa malu:( buat kamu semangat ya kalo mau temen buat something talk boleh kok yuk dm an",joy
8072,"sedih banget, nyesel aja gitu",sad
326,tolol sampe ke dna nya ni orang..,anger
5135,emosi nya sampe ke kita ya nder pas nonton,neutral
5325,"introvert juga tidak sama dengan pemalu atau takut dengan sosialisasi. introvert sama aja kayak org pada umumnya, sosialisasi itu tidak sulit bagi mereka cuman sosialisasi itu menguras energy.",neutral
2499,"ra, terima kasih banyak! aku senang dengarnya ¹. wah, sama-sama suka jennie. keren banget soalnya dia.",joy
1004,"polos banget kamu v ada yang hate kamu malah kamu anggap bercanda, bener"" gak nyangka msh aja ada yng gak suka ama org baik seperti ini",anger
6745,"ore sedih, ore mau punya chingu la",sad
8665,"keh, kembali ke rumah sakit lagi, kamu kecewa?",sad
4011,sayangku wajamu genit mesra..aku suka banget sayy,love
12234,"gila si yujin, aku suka banget sama dia, gila banget cantiknya",love
534,"oii mangkuk ,sblm ph 22 bln pun harga ayam lat tesco mmg 5.99 bahalol untungla kontol + bodoh free",anger
3770,dear cowo : kenapa si kalian suka banget ga gasi kejelasan sama cewe apa kalian itu aslinya lagi deket sama banyak cewe dan ga mau mereka hilang,love
3960,"janganlah jadi serangga, jadi manusia, agar kita boleh sayang menyayangi, cia cia cia",love
9494,"ga geng banget deh, gak tau apa2",anger
585,si bego nyalain lilin semaleman alhasil bangun bangun dah habis,anger
10371,"ngeri banget kalau ditolak, ngeri banget",fear
8764,"susah sendiri nih di negeri ini, pasalnya kasus covidnya ga ada, ya kehilangan sosok contoh rakyat ini.",sad
7051,"kadang diriku suka ga paham sama perasaan diri sendiri ga tau mana yang beneran sayang mana yang cuma sekedar pura"" semua orang ku anggap sama ku beneran tulus buat temenan sama semua orang engga pilih"" juga allah aja ga pilih"" masa diriku manusia biasa pilih"" tapi sering kecewa",sad
5799,"jangan pernah merasa sedih dikala sendiri, coba lihat kelangit, mataharipun selalu sendiri tapi tetap memberikan cahaya sin",neutral
6834,pagi2 udh dibikin sedih aja sama dennise,sad
8521,"aku sad gitu, nyesel banget",sad
491,lah iya ya pernah agx tolol ak,anger
7628,"hi kak, semangat deh, jangan khawatirin apa yg belum terjadi, segala sesuatu pasti akan baik2 aja, coba deh jalani apa yg ada di depan mata",joy
7607,"yeay aku happy banget, semangat deh",joy
11592,"aku suka mutsuki karena senyumnya yang hangat, yuki senyumnya black prince banget. Aku suka hubungan mutsuki dan hajime, tapi aku ga suka hubungan yuki dan kyo. Mereka terus baku hantam, sedangkan mutsuki dan hajime justru berteman. Mereka punya hubungan yang hangat",love
7501,semoga yang menderita kanker cepet sembuh dan selalu semangat ya,joy
9886,"aku sudah lama terus kaya, tapi ingatanku tetep ngga ganti, ga bisa lupa sama kenangannya yang pahit",anger
3548,suka banget warnanya,love
11872,"aku suka aksen britishnya, meski ga paham namun suaranya enak",love
1916,kalo ditembak nanti pacarku marah:3,fear
3185,alhamdulillah jimin pagi yg baik kabar yg baik,joy
6092,bener sih waktu itu lagi pengen nonton yg sedih-sedih langsung cus nonton ini dan berakhir mewek nangis,sad
1910,qaqa jangan marah marah.. takut nanti cepat tua,fear
4034,"done all the rules, thanks for the ga aku ijin ikutan yaa wish nya ada di foto, takut kepanjangan happy birthday cutest maknanya i love you ;3 extraordinary day",love
6747,heleh padahl di hati terdalam kecewa luarbiasa,sad
1133,bisa gak sih langsung tanggal 11 aja gausah ada tanggal 10 gua takut banget mana 2 hari lagi,fear
10949,"gue gugup banget, rasanya udah mau mati, ga bisa nafas deh",fear
7709,"yeay mion, sukses banget ya, semangat ya",joy
2518,semangat yah,joy
9057,"pagi-pagi udah baper deh, gue dah kesal",anger
1317,aku takut nak baca thread ni. aku yg belum pregnant pun dah takut,fear
4368,kangeen mawar jugaa kamu apa kabar?,neutral
121,baca komenannya sungguh menguras emosi asu,anger
11106,"gue nemu menfess yang gue banget, tapi gue cemas bgt ngomongin",fear
2449,"semangat buat hari ini ya!! u deserve to be happy. anw, jgn lupa sarapan ola",joy
7254,"thank you ka, semangat pagi ya ^o^",joy
5662,"terima kasih ke dosen ""makasih"" ke orang yg ga suka ""maaciw"" ke temen deket ""mksh"" ke orang yg selalu ganggu hidup aing",neutral
7530,"selamat pagi Tapanuli Utara, semoga hari kamu berjalan lancar dan bahagia ya",joy
2601,semangat ka tinaa!,joy
1522,meratib takut raya lps tu upload gambar g jln2 tmpt viral,fear
3484,"saya menyukai banyak orang. aku suka teman-teman saya, oppa, orang ini, orang itu tapi aku masih tidak tahu apa itu cinta.  -iu",love
2173,streaming child pagi pagi enak banget selingannya ssfw sama we go up,joy
3283,alhamdulillah cepet bgt sembuhnya.. take a rest angel.. seneng bgt beb. padahal aku lg sedih ngedit si al nangis,joy
4554,"pagii, cesi apa kabar?",neutral
3605,"hehe, terima kasih, jocie. dan, halo mba calypso! i really like your name dan aku liat di cv mba kalau mba suka gambar, kebetulan aku suka gambar juga (walau hobiku numpukkin sketch sih t__t). oh iya, namaku erzakiel, bisa dipanggil erza atau kiel. salam kenal ya!",love
10853,gak yakin bisa kuat menahan gue beli laptop baru,fear
9431,gemes deh gue ngapain baca buku pas tau dia bakal daily pass,anger
6161,bener sih di tempat ku kerja suka ada kakek2 udah tua bgt mata nya katarak jalan nya juga pelan banget kesusahan. dia mikul jualan tape dll kadang udah sore pun dagangan dia masih banyak. aku kadang nangis sendiri ini anak nya mana. serasa ngeliat ayah sendiri sedih banget.,sad
11418,"dari semua cewek muda yang gue suka, yang paling gue tunggu pasti Khawla, dia keren banget, gue suka banget kalo dia ngobrol ama Mark",love
3768,terbaik jd kangen bgt mo nangis huee walopun beliau suka marah trs kadang cuek tp perhatian bgt nomer satuu ibu aku terbaik sayang ibuk perhatiannya tu yg langsung aksi gtu lo walopun tanpa kata kata hihi terus klo lg mood cerita asik bgt pokonya kangen bgt sm ibuk,love
8968,"page 36/365 jujur sih gak pernah tulus dari awal, tapi aku pikir dia akan ikhlas, tapi ternyata dia gak ikhlas, aku kecewa",sad
8628,"udah ga tahan deh, jadi risih terus, padahal aku suka banget pekerjaan ini",sad
4038,"aa lucu bgt sannie kalo takut matanya jadi gedee, imutttt :3",love
3502,"baru liatt aku suka yang kedua! lebih lucu gitu, kalo yang ketiga sama keempat bulet banget(?) modelnya, kalo yg pertama warnanya kurang sih tapi tetap suka modelnya ;3",love
1407,tetep aja ongkirnya bikin kaget,fear
4631,"alhamdulillah baek2 saja, pagi el..moga sehat selalu ya? sungkem buat bapak ibu",neutral
9485,"gemes deh bangke, mereka makin exis dan ga punya malu sama sekali, keheed keheed. Jangan sampe anak cucu ane jadi kayak gini. Anak jangan naksir",anger
7332,"semangat aja nih ngantornyaa, aku happy banget",joy
4935,itu perkara biasa dah,neutral
7771,"kaget banget liat notif, aku happy banget sih",joy
12398,"kak, aku sayang banget sama kaka, kaka bikin aku senyum tiap hari, setiap liat kaka update aku seneng banget hehe, rasanya kaya dapet kabar dari ay.. - makasih juga ya kak, udh sayang banget sama renjana, udh ikutin huhu aku..",love
2579,"aamiin allahumma aamiin,doa yg sama buat maak yaa sehat & bahagia selalu ya maak",joy
7615,lebih gembira dari hari sebelumnya,joy
3269,"alhamdulillah jiminie udh sembuh, jgn sedih lagi ya mangatss",joy
12036,"aku jatuh cinta sama dia, bgtz dah",love
1867,takut..,fear
5550,jika kamu melihat matahari saja tidak sanggup apalagi melihat sang pecipta,neutral
12428,"wow jadi sayang sama wonpil, kangen bgt kalo liat dia, eh tapi sedih juga ya",love
12486,"dia anak yang suka diapresiasi, jadi aku suka kasih kata-kata positif ke dia",love
6567,"temen gue lockeys, baca ini ikutan sedih bgt :(",sad
2521,semangat dinda!,joy
7070,"aku sangat bodoh, saat aku tahu aku jatuh cinta denganmu dan terluka, karena aku tahu bahwa itu akan sia-sia saja",sad
1820,dia doang yg melet2!!!! kaget akk,fear
7105,yeay pak mentri bumn erick thohir bumn hadir untuk negeri demi pemerataan pembangunan dan kesejahteraan masyarakat indonesia semangat pak,joy
51,"apa bedanya coba awal chat huruf kapital apa engga ? sahabat, kamu kok tolol",anger
3888,"terlepas kdg alurnya bikin kesel, tp terima kasih bu & team yang sudah membuat cerita yg epic dan masuk dlm sejarah sinetron, bikin banyak orang termasuk saya mau nonton sinetron lagi setelah belasan tahun vakum. maaf lahir batin bu suka misuh",love
5187,"jangan kesal klo dia masih bisa bawel u/ ngingetin km, justru km harusnya sedih klo dia udh ga pernah bawel dan ga pernah ngingetin km lagi.",neutral
8449,emang sad bgt kalo liat farewell giftnya yeppeoseo :((,sad
3577,"kalo dia nulis cerita, suka banget deskripsiin keindahan fisik ceritanya sampe lupa detail alurnya sendiri. how cute sampe kadang ada yang diem diem bilang ""tulisannya terlalu rapi jadi agak bosenin""",love
4565,perghh santai betul fav breakfast food kau :d,neutral
12463,aku rasa abey akan menyesal jika dia membiarkan karakter fiksi yang dia sukai terus berada di dalam kehidupan yang tidak seharusnya,love
10318,"oh my god, aku panik sekali, ujan gini bikin bocor lagi",fear
11181,"kalo kau sering marah, aku jadi ngerasa penasaran. kangen banget sama kamu.",love
10341,"oh my gosh, kaget bgt liat mas topo ngegebrak",fear
1858,ini si zam ngapain dm gue? gue takut anying,fear
8042,"aku sedih banget, nangisnya ga berhenti",sad
12008,aku suka banget sama kombo tawar ijo dan meses itu.. fusion banget aromanya. elah.. fusion!,love
4961,sesungguhnya allah murka terhadap orang yang mahir terhadap ilmu dunia namun bodoh terhadap ilmu akhirat (hr. abu daud),neutral
7968,"aku ngerasa salah, nggak enak sama diriku sendiri, aku sedih",sad
11975,"aku suka banget sama Jake Gyllenhaal, gila sih kecantikan dan kepiawaiannya",love
7838,"keren bgt lho gaes, mantap abis",joy
9050,"kebanyakan orang berteriak darurat pandemi, tapi ada juga yang melakukan hal-hal bodoh yang membuat nasibnya semakin buruk. kasihan sekali rakyat yang harus menderita akibatnya",anger
11615,gw suka banget sama Akumano Ko,love
5198,"masa kecik aku belajar puasa dari makan, minum, dan tak korek hidung (hahah). dah baligh sikit, baru rajin pergi tarawih. dewasa belajar kawal pertuturan, emosi, dan banyak buat refleksi diri. untuk selanjutnya, mungkin kena belajar sesuatu dari buku ni pula.",neutral
7796,"ya udah lah, semangat aja ya sya",joy
425,poin ke 3 tolol banget anjir astagfirullah,anger
4284,"2 korintus 3:14 (tb) tetapi pikiran mereka telah menjadi tumpul, sebab sampai pada hari ini selubung itu masih tetap menyelubungi mereka, jika mereka membaca perjanjian lama itu tanpa disingkapkan, karena hanya kristus saja yang dapat menyingkapkannya.",neutral
11002,"klo mau beli cushion shade, aku nggak tau yang mana yg cocok sama kulit aku, gue coba warna warm ivory, tapi ada yang bilang ga cocok, ada juga yg bilang cocok. Gue bingung milih, takut salah",fear
6934,"iya tp ga enak badanku keseringan pp, ni lagi nunggu si teteh buat ngerokin.. maklum remaja jompo",sad
228,"soalnya dari kecil udah dicekokin kalo yang cakep itu yang kulitnya putih, alias tolol",anger
9033,"jangan pernah liat plat B bawa kendaraan di luar Jakarta, ugal-ugalan padahal jalanan sepi kayak dikejer setan bego gitu",anger
2741,iya enak!!,joy
5137,gue si udh di tahap pasrah yaa. mencoba buat jadi orang baik sebisa mungkin tanpa mandang bulu. selebihnya kalo ada yang benci dan gak suka itu hak mereka. aku si bodo amaat wkwk,neutral
12542,"menurut penelitian, wanita berusia lebih panjang, karena lebih terbuka dalam berbagi perasaan",neutral
6560,sedih nderr,sad
7774,"udah gitu deh, aku sempet down banget karena pertama kali jadi komisi orang gitu. aku takut orang gak suka desain ku sampai sempat stress seharian tapi alhamdulillah dia mau nerima terus dijadiin desain baju jualan dia huhu",joy
2921,"marah gpp nder wajar itu, asal jgn berlarut"" ya, jgn jg doain jelek ke mereka, karena apa yg kita tanam itu yg kita tuai, jadi tenang aja, yg penting kamu ttp jadi orang yg baik okay? send love, u deserve better and the best partner",joy
6001,"bismillah.. assalamu'alaikum.. semangaat pagi.. ``yakinlah setiap hal yang kamu perjuangkan, pasti akan bertemu dengan hasil yang kamu inginkan. meski tak sama persis, meski jalannya penuh tangis, tetaplah semangat. kamu kuat, kamu hebat.``",neutral
5718,tim yang suka banget liat angka tabungan nambah tp teteup ga pelit sama diri sendiri apalagi buat makan + ga pelit juga buat beli beli kado dll. kalau barang mahal ya nabung dulu atau nunggu ada bonus baru deh beli. ga tiap bulan belanja barang mahal berkedok self reward,neutral
10180,"jangan diperlihatkan mukamu begitu ya, nanti bingung juga sama mas anu, dia suka sama kamu, dia temennya cakep2 semua, kok bisa sih naksir sama remahan roma kelapa kek aing gini? kan rada nggak make sense",fear
5583,"bagiku,juara itu posisi dimna ada rasa puas yg mndtngkan kebahagiaan untk aku,mkhlk sekitar,tentu juga tuhan.smpai2 tuhan&makhluk bahagia akan lahirnya aku cnth kecil semut yg bahagia krn aku mmbrinya sbutir gula i",neutral
10612,"om, kok gak gampang banget gaes, aku cemas sekali",fear
3653,suka banget buruk sangka ya wkwk. opini publik nya sampean kejam banget wkwk.,love
10820,"aku nggak bisa ngeliatin, ujan gini aku panik bgt, takut bocor lagi",fear
9676,"ngga ngerti kenapa aku jadi ngga tau ke siapa aku mau marah, gemes",anger
1128,"gue pernah datang lebih awal, sebelum waktu nya malah terus malah dibilang kek gini (kurang lebih) saking jombolnya jadi punya banyak waktu luang ya? gue ga tau mesti seneng atau sedih -_- jengkel ahhh",anger
8075,"ga sengaja banget, kalo di mute pasti nyesal",sad
2331,"happy saturdayy , semangat buat hari ini! have a nice dayy ;3333333",joy
2208,melihara tuyul aja enak,joy
12519,"ikannya kaya kita ya, biar seneng",neutral
11204,"ibuku almarhumah suka banget nolong orang, sampai sekarang aku selalu berdoa untuk mereka yang baik-baik",love
6693,bahagia adalah kecewa yang sudah lewat..:),sad
3153,seneng banget pagi2 dapet kabar dari ayang,joy
7073,"5 februari kenapa sih, pagi-pagi udah ada kabar sedih aja",sad
9871,"kek gilanya ini anjingnya mau ngeluarin kecoa di rumah, bikin marah banget",anger
11427,"anakku kagum sama suka nyanyiin lagu-lagu jingle, siapapun pasti seneng",love
12101,"aku suka banget sama tasnya, aku suka banget sama dia",love
4990,"karena di otaknya dia pen balas dendam, akhirnya sarafnya masih berfungsi buat jadi half zombie",neutral
2374,ini enak..semriwing,joy
1632,"soale takut ada yg macem macem, kalo bawa temen kan seenggaknya ada yg bisa bantuin.",fear
7695,"eh udahlah, jangan dianggep aja ya, aku cuma 1 follower, jadi gak terlalu penting ya",joy
2298,semangat dipagi hari,joy
8012,"sayang banget deh, nggak sengaja menulisnya salah",sad
4252,"dinilai menyindir, video tiktok maia estianty panen kritik",neutral
6224,"kertas hiyo cakep banget, baru liat sekarang, itu udah dari tanggal 23 jan, sedih. ini hiyo beneran cantikk",sad
2721,"disana menanti di sini menunggu .. gabutt naann ,, semangat pagii",joy
9620,"gimana gitu ya, pagi-pagi sarapan makanan lari ke perut, tapi pagi pagi kepala kejang",anger
6657,penonton kecewa,sad
7181,"aku gembira kamu sedih amat sayang, tapi jangan pernah libatkan orang lain yang ga peduli kamu. Terimakasih Yuan, selalu sayang diri sendiri dan menghargai masa lalu, jangan berdrama di masa depan",joy
10372,"jujur aku khawatir ketika jauh dari dia, aku khawatir dia akan terlalu sibuk untuk mengingatku, aku khawatir dia akan menemukan seseorang yang lebih baik dari diriku, tapi aku tetap percaya bahwa dia akan selalu mencintai aku.",fear
1736,aku mau komen tapi takut wkwk :(,fear
6818,"kalo tae sampe nge post ulang foto yg diledekin seokjin, i get it tae kenapa itu sedih banget buat kamu:((",sad
9344,"ini yang aku cari. aku tak mau marah-marah, tapi aku butuh healing",anger
5736,banget sama orang yang kalo di ajak bicara suka ngomong hah,neutral
9004,emang gak bakal percaya kalo ada yg bilang cakep harus putih. makan taii!,anger
6421,aku juga kecewa gabisa ucapin yang pertama.,sad
5094,"orang yang menulis menggunakan emoticon adalah orang yang berusaha ""meletakkan"" emosi dalam tulisannya. hargailah.",neutral
2640,denise semoga kamu bahagia y:)),joy
7452,"akhirnya berhasil juga dapetin youtube premium, rasanya seneng banget, makasii banget buat kakak, 2022",joy
8391,sayangnya aku masih belum bisa puaskan kamu,sad
6973,kapan sih bisa semangat ceriaa gitu pas berangkat kerja :',sad
8493,"semalam nonton drama Dew, drama remake Bungee Jumping of Their Own korea. Aku udah nonton versi korea dan memutuskan nonton versi thai karena katanya lebih sedih dan juga karena yang main Ohm Pawat. Dan emang benar sedih sih, aku lebih suka versi thai dari pada versi korea.",sad
10234,"iya aku emang bingung, apakah aku harus menerima ibel atau takut?",fear
2550,"semangat, gua kasih minum nih",joy
6734,"sorry to sayy, kbe harus takedown jujur sedih bgt tp mau gmn lg teh rasanya tuh aduh sekalian jg nanti ak mw debutin kisah baru mungkin ini kbe mau reborn tp ceritanya berubah 360° lah pokoknya jd lebih ringan alurnya aduh sorry bgt dan tungguin cerita selanjutnya yaa",sad
9731,"gemes banget, gimana bisa bodoh gitu",anger
938,"biasanya jga kalo titip2 ke aku toh? knp ke ibu? udh tau ibu suka lupa masih aja nitip ke ibu, biasanya jga nitip ke aku trs di bls ""apa, nitip apa? nyenyenye"" mlh ngegas gue kasih tau biar klo nitip2 ke gue aja biasanya jga kaya gitu ajg",anger
8106,"aku kecewa, stiker WhatsAppnya udah expired lagi",sad
11158,"malu sih, gue gak terbiasa pake baju begini, gue bingung juga ngapain dulu",fear
12553,"ya iyalah, tapi kadang-kadang jatuhnya malah mengganggu waktu tidurku sendiri, karena kadang-kadang bangun dan tidur lagi. Jadi, ada yang benar sih- kalau tidak bangun, pasti akan dibangunkan sampai bangun. Untungnya saja, ya.",neutral
12247,"bestie yang lagi suka galau sama masalah cinta, yuk ikutan webinar toxic relationship ini",love
4852,tidak biasa sekali sikapmu bre,neutral
2644,semangat ya kak ;3 pasti bisa ;3,joy
11007,"gue pas liat ada musuh yang pasang title, kalo gue pasang title juga, mungkin malah ngakak",fear
3165,beyb sabtu gini biasa rame gak ya.. btw semangat ya semua! semoga hari ini laris manis,joy
3639,"itu hidden gem banget menurut aku pas nemu trs nonton kayak lanjut terus wkwkw aku suka bgt yang ada si fujiwara karena ngomong japlish kocak gt, denjel suka yang mana? :3",love
5069,"umpama serasinya merah dan cinta, marah juga menjadi simboliknya. biru pula setia pada satu makna, laksana sebagai penyejuk mata. ada yang meraikan perbezaan, ada juga yang tegas pada satu pendirian. sekadar coretan tiada makna, merungkai cara fikir manusia.",neutral
6720,"krna kecantikan luar biazaahh maka kmu jd foto model, di foto ini konsepnya mikirin ""kenapa ya mas crush malah jadian sama temenku"" jd sedih bgt",sad
4487,"bukan cinta atau suka tapi lebih ke persaudaran yang sempat terjalin jangan sampai lepas begitu saja, saya masih mengingatmu dan tak akan lupa kebaikanmu ku tunggu di salatiga. meskipun ga pernah kontaka""an semoga kamu baca ini ya",neutral
2061,"semangat buat hari ini, have a great day",joy
4645,"pernikahan yang biasa saja, sudah tidak mudah, apalagi kalau anda masukkan orang ketiga",neutral
6835,"3bln setelah nikah ok aja mau dibilang apapun,tp makin kesini bahasa nya benerbener tidak buat enak dan stress sendiri sampe mikir mau kurus dengan cepat tp tidak mungkin,semua itu butuh proses untuk sehat jg.. sedih bangett",sad
2812,"iya, rupanya enak cosplay jadi nasa",joy
11815,"awalnya niatnya mau biasin day6, tapi malah jatuh cinta sama jae. gatau kenapa, tapi sepertinya dia jae yang save my life. tahun itu aku stress banget sama urusan rl, tapi karena dia, aku bisa bangkit kembali",love
10877,"udah capek banget, gak ada yang jadi",fear
12177,"aku diajak nikah sama jaemin, dia cinta aku, aku bahagia bgt, terima kasih",love
11318,"seru banget nonton acara ngobrol bareng dengan bapaknya, aku suka banget kek gitu",love
2549,mayan cerah buat nyuci,joy
8883,"awalnya aku suka banget sama band, soloist, sampe akhirnya aku sadar bahwa itu abis uang banget ya. Aku jadi sadar kalo aku sekarang kalo ga terperosok dr dulu",sad
7688,"aku ngga bisa tahan liat kabar kalau jimin sakit, rasanya nyesel. tapi jimin bilang kalau army ga usah khawatir, jadi aku pun berhenti nangis. sekarang dia udah sembuh, aku bersyukur banget. semoga selalu sehat ya jimin, aku cinta padamu",joy
6831,tl gue sepi amat dah :(,sad
9096,"hiks jadi aneh deh kalo udah biasa bilang adik aja, ga gajelas deh kalo aneh. mungkin lu aja yang aneh, cari apa lu, apa lu cari jadi pembelaan?",anger
4174,pagi pagi masih ngantuk,neutral
6162,rl ku sumpah messed up ku kira yg online udah fine fine aja jir. taunya.. ya udh kecewa bgt gk si,sad
11026,takut ngerasa gak nyaman dengan pc ini,fear
1024,"gue liat ada yg ampe bilang ""lo ngarepin apa dari fandom ini"". kayak, anjir bgt lo! kalo sekiranya lo ga nyaman ada di satu fandom, dan lo cuma suka sama salah satu membernya, tolong deh, gausah ngaku bagian dari fandomnya.",anger
4848,"imam al-barbahari rahimahullah: jika engkau melihat seseorang duduk bersama ahli bidaah, ingatkan dan beri tahu dia. jika ia masih saja duduk bersama ahli bidaah setelah mengetahuinya, jauhilah dia karena sesungguhnya dia adalah pengikut hawa nafsu syarhus sunnah 144/121",neutral
6391,sedih tapi juga lega. akhirnya ada kejelasan walaupun bukan announcement langsung dari agency. good luck mm we always support you no matter what happens,sad
11212,"wuih kalian cinta banget, kalian suka banget sama satu sama lain, kalian bahagia banget",love
1951,kdg suka ngayal nemenin doi wisuda beh bahagia banget kali yak rasanya wkwk. tp takut juga kalau pd akhirnya bukan aku yg nemenin,fear
7928,"Anthony Martial kena cuci otak deh, ceweknya nangis nangis, hiks",sad
351,"kurang tolol apalagi cb ni agama? tuhannya gak ngasih hukum cerai malah yg nikah lg dianggap zinah. dan gobloknya masih ada aja yg mau jdi kristen, emg sih setolol-tololnya monyet aja ga nyembah sesama monyet, lah ini manusia dikasih akal kok nyembah sesama manusia.",anger
11905,aku jatuh cinta sama semua yang ada disekitar aku,love
7689,eh? dari kesedihan jadi seneng? apa kabar?,joy
5480,"setuju. apalagi kalau ada edukasi seks serta aborsi yang baik, orang-orang jadi paham bagaimana harus memperlakukan seks dan akibat2nya. selama ini orang-orang hanya fokus ke makin bayak seks bebas, makin enak, dst. it's not even the point",neutral
12287,"aku suka sama kamu, jadi aku akan chat kamu lagi. Kita saling sayang",love
4797,"jangan selalu katakan ""masih ada waktu"" atau ""nanti saja"". lakukan segera, gunakan waktumu dengan bijak.",neutral
6193,"denise suara muu hcuwbxja omg sedih si u keluar dari sc tp gpp ayokk banyak"" up vid di yt and debut lg(?) wkwk",sad
3662,"waktu sma sering banget di giniin, tp yaudahlah. makanya aku kemana mana suka sendiri dan malah kena sindir jg, ya aku to the point aja. langsung bilang, lah biasanya gtkan gk pernah ngajak? kalo sekarang udh nggak, udh pada dewasa.",love
7995,"aku ngetik sambil nangis, ya gimana nih, apa ini akhir dari segalanya",sad
4657,"ibuku sering bilang, kalau kita menyisakan 1 butir nasi saja, tuhan akan menghukum kita! - genta kojima",neutral
9983,"aku ngerasa bingung mau registrasi apa enggak, jadi aku stop di situ aja, biar ga salahin aku yang ga registrasi",fear
3150,"alhamdulillah pagia"" dapet kabar baik",joy
11265,"nih dia aku suka banget, cinta abis gaes",love
6840,sedih w pake mati segala,sad
4813,masa pemulihan biasanya akan sangat membosankan tapi bisa juga menjadi titik utk berppikir jernih,neutral
6435,udah di share ke base blm fan? sedih bgt liatnyaa,sad
5969,"rangnick: ""sangat kecewa, kami seharusnya menang dan mematikan pertandingan di babak pertama. sangat disayangkan peluang yang terkena tiang gawang, penalti yang gagal dan banyak peluang. seharusnya 2-0 atau 3-0.""",neutral
8879,"kenapa dia bisa senang aja pas kamu sedih, ya udah gak usah bingung, kalo dia putus sama kamu, itu beda lho",sad
5143,"_harusnya anda bijak dalam kasih data,awal mereka bisnis itu sejak jaman sby atau jokowi..? . . _"" kalau bodoh diam,kalau pinter ajari "".. . .",neutral
2939,beh kaget tiba tiba makasii min wkwkwk,joy
7584,"keren bgt mobilnya, kaya di iklan, aku happy abis nih",joy
4510,"ini ruangan-ruangan favorit selama jadi mahasiswa, kaya hampir satu harian ngabisin waktu disini dan pulang ke rumah kaya cuma buat tidur doang. apa pas lagi santai duduk di koridor mandangin langit senja. kangen banget plis, masa-masa yang sekarang tinggal jadi kenangan.",neutral
1340,takut ujan,fear
11802,"aku sayang banget sama kaka, seneng banget liat kaka update hehe rasanya kayak dapet kabar dari ayah. makasih ya kaka, aku suka banget sama kaka",love
1391,lho kirain fest hahahha :'),fear
10991,"apa nggak malu-maluin kalo takut ada yang liat, kalo aku ga ada waktu",fear
7356,"alhamdulillah pagi ini aku dapet kabar baik dari jimin, aku bahagia banget",joy
9780,"aku mau marah, anjingnya ini kemaren mau ngeluarin kecoa satu susah banget kabur mulu",anger
8099,"jujur, ini luka terasa sangat berat dan menyakitkan, aku jadi trauma. Aku benci dia, tapi ya sudah, apa boleh buat. Aku sudah terlanjur, dan sudah terjebak. Aku ingin memutar waktu dan tidak mengenalnya dari awal, tapi sudah terjadi semua ya.",sad
7729,mesti la bwak gi makan2. boleh sembunyi2 n makan skali. dah kenyang baru senang nak shopping,joy
11639,"suka banget kelas 11, bahasa kita jadi beda, ga kaya dulu lagi, ngomongan kaya istighfar aja, kaya ga suka sama kita, kek",love
6146,sedih hati syafakillah my fav girl. cepat2 positive cantik n chumils jehh!! see you soon.,sad
1583,aku klu blh nk buat kerja gila pinjam hair dryer kt dept aku tp tulah takut plak kantoi dgn boss,fear
1412,jadi takut hehe,fear
11937,"gua pikir si Jaechan yang paling baper, karena seohamnya selalu memberikan perhatian 'lebih' ke dia. Dari adegan2 di drama dia keliatan banget suka terbuka terhadap orang lain, terutama setelah punya instagram",love
11022,"takut nih ditanya apa yang ditonton, padahal nonton film anak-anak doang",fear
2256,semangat vancaa,joy
11529,aku suka banget senyumnya mutsuki. senyumnya hangat banget dan senyumnya black prince gitu. aku suka banget juga hubungan mutsuki sama hajime. sementara yuki dan kyoko sering baku hantam. mutsuki dan hajime justru berteman,love
9038,"gua ngga ngerti, gue udah lulus kuliah juga tetep gue dipanggil adek, ade ade aje lu yee, pagi pagi bikin emosi ni maap",anger
6843,aku adalah seseorang yang bodoh dalam hal menyerah - naruto uzumaki,sad
2212,"wajar, aku bahkan baru bener bener bisa pake laptop di kelas 1 smk. ga harus bisa cepet kok, kalau keadaan ga mendukung yaa mau gimana? gapapa nder, semangat. mulai sekarang sedikit demi sedikit pelajarin yaa? ke sodara atau temen yang punya laptop, kamu minta ajarin gitu",joy
5603,semangat loyonya,neutral
2622,"kak kay maaf telat, makasii banyak-banyak kak buat ganya, youtube premium aman terkendali. telat bangett, padahal udah dari 4 hari yg lalu premiumnya huhu maaf kak. tapi serius dah enak nonton tanpa iklan tuh, makasii kakk, 2022",joy
8317,"ga pernah mimpi ttg treasure, sedih banget. gimana caranya biar mimpi ttg treasure?",sad
6004,"belajar memahami bahwa tak semua keinginan bisa terpenuhi, barangkali obat terbaik tuk mencegah kecewa dan sakit hati",neutral
5417,berani menahan malu demi menyusui anaknya itulah seorang ibu,neutral
4938,"pengelola mall kena denda 500 ribu. tukang bubur 5 juta. apa karena pengelola mall itu orang miskin ya, jadi dpt dispensasi? dimanapun oligarki berkuasa. sadarlah negeri ini sedang tdk baik2 saja (iwan januar)",neutral
12104,"aku suka banget sama hampir semua genre sih, kecuali metal dan rock. akhir-akhir ini selera musikku lebih ke calming vibes yang enak didenger sambil mengerjakan apapun. coba dengerin ini deh kak!",love
3624,ada juga anakku yang namanya nalle! dia bubbly dan suka banget yang namanya update tentang kegiatan atau lagi ngapain di timeline pastinya dia jago dalam hal yang namanya pda,love
6808,benerbener sedih pagii yg harusnya bahagiaa karena keluargasuami tp dibuat ancur dijam 6 pagi gini..salah keluar rumah di pagihari,sad
4267,"pcr atau antigen aja, di dewasa gejalanya mild biasanya kayak flue biasa",neutral
11308,"aku pernah suka sama benda-benda dilangit. pelajaran ipa tentang tata surya selalu bikin aku semangat, sampai nggak rela kalau jam pelajarannya habis. oh iya aku juga pengen jadi mermaid karena aku suka air.",love
463,kau lagi bodoh kalau percaya papagomo yang kau panggil papa bodoh tu buat video bertaraf hollywood haha,anger
1754,klo claimnya independent women aku khawatir si,fear
6595,buka twt sekarang rasanya ky sepi banget,sad
7309,"akhirnya minggu berat kemarin udah terlewati, puas bgt sama hasilnya. minggu depan lebih berat, tp setelahnya libur yuk, bisa yuk",joy
5638,"olaa its acaa! ayoo nonton sama acaa kebetulan acaa available hari ini dan seterusnya,, acaa juga suka banget nonton nanti acaa kasih watching list acaa! kalo sender berminat bisa langsung dm dan ini card acaa yaa",neutral
7008,"gaada:"") soalnya gue kurang suka yaa suka sihh tapi yaa ga banget banget gitu",sad
8192,"dulu gw pernah telat sekolah pake kutek pink, gara-gara kelewatan jadwal bus, bgtu malu banget, gak bisa ngelanggar aturan sekolah",sad
9549,"siapa yang ngerusak moodku, silahkan di-tag ya",anger
378,bodoh tdk apa tapi jangan dungu om said didu belajar mufon dari sakit hati om,anger
3106,"selamat pagi dari pku,tante baru bgn,nyenyak banget bobonya ga gerak2 semaleman semoga sehat n happy selalu teman2 se alter.yakin selalu ada rejeki tuk kita hari ini ya . cemilan dari momo juga ikut menemani tante visit pku,emg gitu tante suka bawa2",joy
4803,berarti biasa aja yaa,neutral
1335,"hanya karena pernah terluka, tak berati kamu harus takut mencinta. ada seseorang yg tepat untukmu di luar sana.",fear
11081,"gua bangeet ke lock, ngeri banget nih",fear
12210,"aku suka banget sama kamu, kamu juga perhatian banget sama aku",love
2716,"baru saja mau seneng ada aja hambatan, apa mungkin hidupku gaboleh bahagia ya.",joy
9664,"anjing anjing anjing, pagi2 anjing lagi nangis, mending lu kasih orang dah tu anjing daripada disiksa setiap hari. kesel yatuhan dengernya ikut sakit denger anjing nangis",anger
6942,"sueer deh kgn tu gk enak .. enak tu di kangenin, di perhatiin, di manjain, di bahagiain.. sedih kesepian menunggu doi",sad
12249,aku suka banget sama hampir semua genre sih. kecuali metal dan rock. akhir-akhir ini selera musikku lebih ke calming vibes yang enak didenger sambil mengerjakan apapun. coba dengerin ini deh kak!,love
11164,"aku lagi suka banget sama lagu ini, semoga kamu juga suka dan masuk juga di kupingmu ya",love
10506,"hiks, aku takut adek tingkat aku aja yang keknya. ini matkul wajib padahal bukan mkp :(",fear
8101,"nangis kalo baca novel, film, atau cerita apapun, kalo bikin aku sedih, pasti aku nangis. nangis banget tadi kalo baca zombie di all of us are dead",sad
1811,anjwengg panik dikit ada,fear
7945,"jadi kau rumah, aku pikir kau rumah, tapi bukan kau rumah",sad
7310,"pasti enak banget kalau kembang tahu, cuma belum pernah coba",joy
1894,malu tapi,fear
10691,"aku bingung sama para ms-nya, apakah mereka akan menilai saya dengan baik?",fear
9734,"kalo kamu mau jawab, jawab aja, gak perlu banyak omong kosong. kalo kamu gak mau jawab, gak usah omong-omong. dan kalo kamu mau berdebat, pake argumen bukan omongan aja",anger
11902,"hi, aku suka sama the8, dan kebetulan juga member favoritku svt. kalau kita ketemu, aku dengan love language woa dan physical touch gak lepas dari supportive dan sweet words buat pacar, juga suka hugs dan kisess",love
8081,rasanya sakit hati kalo orang tua bilang kau tolol,sad
7187,"kejadian ini fix gofar yang bener, mereka tinggal bilang gak suka sama kelakuan nya. Geser isu biar gak malu malu banget udah belain orang selama 8 bulan. Aku happy bgt gaes",joy
1189,"mau balik kampus nemuin kajur badan malah lemes gaenak badan jadi takut mau ke kampus lagi, moga aja ga kenapa"" aku",fear
5194,"dulu benci bgt sama picknava, eh malah dimanja terus tiap bulan.",neutral
11195,"apa jadinya kalo cinta nggak bisa disyukuri, ya gak ada cinta yang akan berlaku, terus gimana bisa ada cinta kalo kita sendiri yang nggak mau cinta itu kita sendiri yang nggak mau disyukuri",love
10980,"wah jelas-jelas mereka ga takut sama apa-apa, cuma aku aja yang merasa terancam. Coba liat, rokok pun ada label “mengandung racun”, tapi orang tetep aja merokoknya, kecelakaan paling banyak di jalan raya, tapi orang ga mau beli mobil yang aman. Apa lagi yang kau mau, ya?",fear
6473,semangat.. jangan nangis eiya air mata lu lebih berharga dari apa ye gue juga gatau :( tapi gue juga sedih si mana gak bisa ngedadahin :(,sad
3454,mawuu anakku sayang hanae apa kabar?? dia gak suka cemilin susu bubuk lagi kan?? kangen anakku,love
8310,"ya udah, aku paham kamu lebih bahagia dengan orang lain, tapi aku juga perlu kebahagiaan aku sendiri",sad
6957,"posisi sendiri itu emang enak, tapi kalo lagi ngerasa sendirian gak enak banget :v kalian gt juga gak si?",sad
6363,fak gue sedih bgt,sad
9195,"ga bohong, biasanya gue marah liat yang marah",anger
7914,"sedih banget deh, ga mau makan apa², malah makan perasaan aja",sad
8362,"ga tahu kapan aja ini terus, sedih banget",sad
9391,"bener bener ga enak deh bacanya, nafsu aja yang diujarkan, cinta gak dianggap sama anak setan lu",anger
4613,disegerakan saja,neutral
3992,"seriously it happened again. aku tau kalo suka sama orang dengan tipe itu ga boleh. tapi suka banget. sering denial, ga ga ini pasti salah. semua ini salah, ga bisa dan gaboleh aku lanjutin. tapi aku ga punya pelarian lain. tapi seriuss it's too sweet. akkkk, why it happened",love
11647,"aku suka suka ganti ganti fandom, tapi tetap suka yg biasa aja, bucin banget ke buzen",love
1030,"bener banget. gue exol dari jaman overdose. pas orang tau gue exol pada bingung gitu, kok gue masih suka sama mereka padahal mereka udah ga terkenal dan udah tua. pengen banget gue sumpel mulutnya pake kaos kaki. gue ga jawab karna takutnya jadi ribut, langsung gue tinggal aja.",anger
7399,"yeay akhirnya gajadi, aku happy bgt gaes",joy
2220,senang rasanya sehat kembali makan normal habis smpai bersih piringnya melihat senyum ibu2 semringah seorang penjual,joy
3774,serius tubatu tuh juara banget title track nya dari debut smp skrg gada yg ga suka huhu,love
8943,aku kecewa banget sama keadaannya.,sad
9758,"jengkel yaa, instagram suka ga kasih notiff, padahal aku pengen",anger
1755,"me tp kazuha ganti yae, alias takut tp ttp percaya diri",fear
7907,akhir-akhir ini gue sedih banget karena gue merasa terasing dan sendirian,sad
9211,"gemes banget, udah pagi aja udah ada yang bikin gundah-gundah",anger
8828,"udah pagi, aku jadi sedih dan kecewa",sad
4327,"semakin besar masalahnya, semakin dia akan berpura2 bahwa dia baik2 sajaa -oh my ghost",neutral
10758,"udah deh, kalo nggak gandengan tangan pasti kena ciuman dari orang gak dikenal, apalagi kalau kita berdua di tempat yang penuh orang, ntar pasti udah bau kencur juga",fear
110,"aku pura-pura tidak tau saja kebohonganmu yang terhakiki, entahlah aku pura-pura bodoh saja nanti juga akan ketahuan sendiri biar waktu yang menunjukkannya",anger
11945,"semoga nanti episode selanjutnya makin keren, aku suka banget sama gaya bahasanya dan cara nulisnya, bgtu nih seleraku, i mean, aku suka banget!",love
9343,"canggung banget sama orang ini, ga tau kenapa",anger
5731,"paling suka dg kisah nya danan dan cahyo sayang aku ketinggalan banyak, karena baru gabung di tweet aku baru baca kisah desa tanggul mayit dan gending alas mayit pengin tau kisah dari awal tapi bingung gimana nyari nya karena baru di tweeter..",neutral
2917,lahya? ngapain marah? wkwk,joy
12042,"alhamdulillah ada yang mengerti sisi lain dari aku. Sebenarnya aku itu orangnya lembut dan mudah untuk disayangi, apalagi kalau orang itu nekat ke Korea demi mengejar mimpiku.",love
1515,"gue takut di dpt guru, wml biar ga ketauan bk",fear
11899,aku ga suka kalau di domoinasi. jgn di gua kalau aku ya kesetaraan,love
11604,"ya udah, aku balas story si junior yang berkedok senpai, aku kan bilang bagus, dia bilang bagus banget, dan sekarang aku jadi suka banget sama anime ini, hahaha",love
11401,"suka banget nih baking, aku suka banget deh",love
10584,"gakut tapi gak bisa ga jalan, semoga berhasil ya Allah",fear
2263,sampai kapan kamu mau pura pura bahagia?,joy
7191,"gembira gaes, aku dapat kabar baik pagi ini",joy
7075,pagi saat seisi semesta sujud pada zat yg acap lupa kau sebut sebab kesombongan yg membalut pagi ketika angin berbisik lirih saat malaikat rahmat mengirim kasih aku yg buta mata hati masih saja sedih pada jiwa yg letih pada raga yg merapuh dan rambut yg mulai memutih,sad
10692,"aku bgt terlalu takut, yah aku takut bgt sih",fear
10562,ini sebenarnya aku ada rasa sama ibel tapi takut,fear
893,"malu-maluin punya temen kayak lo, idiot!",anger
1490,aduh.... klo solo ssr gini suka takut,fear
1850,"iya sih kalo pake jubah tp nonton sendirian agak malu, kalo ama temen masi agak ketolong",fear
9251,"di satu sisi, kalopun proses kemaren gagal, aku gapapa minum obat lagi. yang penting kelar. please banget. aku benci banget di situasi di mana aku cuma merasa sakit sendiri dan susah kemana-mana",anger
8030,"sayang banget aku sepi dan sendiri, aku mau lari jauh dan mencari mimpi yang belum terwujud",sad
324,jalanan masih luas lu ngapain klakson tolol depan belakang lu kaga ada kendaraan,anger
1215,takut banged loch(abaikan muka),fear
2933,"satu bulan belakangan lumayan sibuk banyak kegiatan di luar rumah.. terus beberapa hari yang lalu asam lambung sempet kambuh udah takut banget bakal drop lagi.. tapi ga disangka, puji tuhan hari ini kondisi aku udah jauh lebih baikkan.. thankyou jesus",joy
4689,"wkwk sama, aku juga keliling liyue dulu ternyata nyaru kaya npc biasa. tar besok di wanwen book store, met ngobrol sm abah",neutral
9322,"gemes deh ngajak panas-panasan di grup chat, ketemu langsung laah gontok-gontok ketok moto sekalian, tapi bar kui beres ga ono dendam/rasan-rasan",anger
10952,"eh nih siapa yg aja ibu gk tau, bingung juga sih",fear
10807,"yah memang, oldies lagi takut for booster sebab baca news tentang efek booster, ingat nak walk in ppv dkt pwtc tu je nanti hahah",fear
12310,aku suka banget banget sama konsep cb taeyeon kali ini,love
12248,"cowok jujur tu cowok yang bilang suka kalo dia suka, bilang sayang kalo dia sayang, dan kalo lapar, dia makan",love
1129,"telat lu ngasih tau faktanya min,kalo sblm pertandingan kasih tau fakta nya kan gw gk se kecewa ini",anger
10355,"waduh aneh ya, kenapa kucing-kucing paling suka cakar kaki aku? kalo udah kaget sih, tapi kalo lagi elus kaki ada luka baru, kan jadi malu deh",fear
2918,wkwkwk bangsat,joy
8686,aku ga excited lagi sama ayato pas tahu dia ke leaks duluan jadi aku kek kecewa dan ga excited lagi sama ayato mending drip marketingnya dari mihoyo langsung,sad
3084,baca di mf ini deh nder udh bnyk yg kasih review soalnya. tpi klo kmu suka drama ringan & fresh.. cocok sih.,joy
4588,papa kalian pikir 3 taun ga orgasme itu pencapaian yg luar biasa.. dia lupa kali nabi adam 300 taun kepisah ma bini nya.. lah ini br 3 taun nahan aja sombong,neutral
4304,"jadi diri sendiri itu gak mesti malu, dijudge itu hal yang biasa. hidup harusnya jadi milikmu bukan milik omongan orang lain. salshaabilaa",neutral
2795,semangat kerjanya ayang,joy
6329,ada sunyi di antara pagi dan aku; kamu,sad
798,"tbtb dikirimin kuis tebak mana fotoku dan salah nebak, malah marah marah, kan ga keliatan",anger
6232,dibilang sedih ya pasti.. tp bagaimana pun harus terima dan dukung denise. gak mau lama2 sedihnya karena cewek2 ini juga butuh dukungan kita. lockeys kuat,sad
734,"mantep tri, gk kayak bank mandiri, gblk minta ampun ditanya beda orng jawabannya gakjelas dan muter muter, emang swasta didikannya beda ama didikan plat merah jikubiniu asli gedek bngt, pulsa habis bnyk cuma telp callcenter bodoh",anger
10447,"aku khawatir ga nyampein waktu pcr, kalo kita berdua kaya layout mati lampu",fear
2244,markf! semangat 2±400k lagi buat mencapai target we can do it kok yuk semangatt,joy
178,bodoh banget gak sih,anger
8720,"berat banget hatiku, sad aja gitu",sad
9548,"bangsat masih berani nongkrong di media sosial, ga abis pikir",anger
1174,nyontek pas ujian seni musik. ya allah percayalah di sekolah gue semua anak lebih takut remidi musik ketimbang pelajaran eksakta lainnya soalnya susah dan males bgt gurunya paling killer seantero sekolah-,fear
6699,kecewa i guess ?,sad
10207,ngeri lihat harga yang terus naik,fear
1831,"walaupun danpuspom anak buahnya emangnya lu kebal hukum, tugas puspom ga liat lu jendralnya tapi liat kasus hukumnya. bilang aja dung emang takut dikerangkeng.",fear
10228,"eh aku suka covernya, tapi takut bgt baca novelnya, jadi akhirnya ga beli",fear
11595,"ganteng banget kalo ditanya siapa pria idaman, aku pasti pilih ajussi. Dia mungkin gak sempet populer di Twitter tapi aku suka banget sama karakternya.",love
10113,"oh my god, ada yang namatin? S1 itu si rou kok ga mau naik kereta? Tapi pas di eps7 itu di ituin sama temen2nya? Di dpn cassie? Aku kaget bgt",fear
1781,"kaga kak, gua cuma masih kaget..",fear
3201,pagi yg cerah dapet kabar baik dari bighit,joy
198,mungkin dia pengikut pimpinan pesantren yg cabul itu makanya bisa bikin opini se tolol gitu,anger
10331,"anjeng anjeng, kenapa aku ngerasa kagak nyaman deh sama laut, lebih suka bukit dan gunung, tapi kagak kuat dingin",fear
4087,"yukk gass, sudah siap mental siapa saja yang mau pergi",neutral
5193,"ga rugi ketiduran, match barusan sangat2 menguras emosi di pagi hari",neutral
548,"lah, tibe kena marah",anger
3339,"suka nih netijen yang kayak gini :) otak"" detektif gw like banget",love
11881,"aku sayang banget padamu, semoga kita bisa bersama selamanya, aku akan selalu mencintaimu",love
10089,ngeri ngeri sedap bacanya tapi bermanfaat bangettt,fear
7251,"yeay kalian tembak jitu luar biasa, badape kalian, wkwkwkwk",joy
7566,"kalian yang belum nonton, sebaiknya nonton saja, awalnya nonton ini karena d.o. tapi malah suka ke jo in sung juga) plot twist nya bikin nangis banget, apalagi scene ini",joy
2532,semangat snmptn,joy
11324,"jadi suka dengan geiranger, tempatnya penuh dengan alam yang indah dan sejuk, aku jadi ingat kenangan masa lalu",love
2314,enak loh,joy
9308,"jangan jahil ya, kalo gak tau jangan ngomong",anger
8962,woylah ga enak rasanya kalah,sad
10383,"deg degan bgt jadwal ujian sekolah sama ukk bulan depan, rasanya takut",fear
6341,ngeliat barang2 udah hampir kosong makin sedih -_-,sad
66,gw benci sekolah,anger
5127,"sikap terbuka lb menyenangkan. hasil penelitian washington state university (wsu), pullmanas,menunjukkan sikap tbk dpt mencipta kan perasaan positif.mrk yg berperilaku tbk jg lb menyenangkan,teliti,& memiliki emosi stabil. sebabnya mrk tdk terbatasi oleh tekanan luar (media ind).",neutral
4712,ayang membuat semuanya baik2 saja,neutral
5214,"marah itu gampang. tapi marah kepada siapa, dengan kadar kemarahan yang pas, pada saat dan tujuan yang tepat, serta dengan cara yang benar itu yang sulit.  (aristoteles)",neutral
3260,alhamdulillah pagi2 kabar baik,joy
5033,"bahan bakar marah & benci, juga kekerasan adalah rasa takut. kalau mudah marah & benci, bisa jadi di dalam diri penuh ketakutan. tanpa takut, seseorang enggak akan bisa marah & benci. tidak adanya takut barangkali di situlah sebenar-benarnya cinta",neutral
2572,"saya jual sale pisang 8k, ini enak bangett . dom tangerang 5 6,4k terjual",joy
10634,"iya, khawatir banget, pas ada yang positif kopit, semoga segera sembuh ya",fear
9060,"kesian dia sih, kalo orang India kena kencing, malu bgt loh, jadi marahnya jadi besar gitu. Cuman, dia cuma ngelapin kekayaan orang India, jadi banyak org India yang marah. Dia jadi terkenal karena marahnya, jadi dia jadi politikus. Tapi, jangan lupa, dia juga yang bikin LTTE, jadi orang India juga marah sama dia. Jadi, dia diwujudkan oleh LTTE. Jadi, dia kena kencing juga, j",anger
622,kelisa tu mmg marah sampai berasap hidung,anger
1681,"ade org kata simpan sikit,, takut esok nak guna haha",fear
6820,"kalau udah drop gini baru terasa. sepi, hampa, dan ga guna. :')",sad
787,"bikin emosi aja pagi""",anger
3332,"bagus banget buat akuu!! mungkin kalo suka genre drama trus genderband bakal suka fl-nya jg independent, tapi bukan tipe fl yg badass",love
7381,"bahagia itu sederhana, cuma suka di remed aja, lolos dari remed kebahagiaan banget",joy
6008,"hanya ada dua pilihan dalam cinta, bahagia atau kecewa. dan peringatan untuk siapapun yang bermain dengan cinta, harus siap merasakan keduanya.",neutral
7900,"wedang ronde jago salatiga ini beda banget, selain isian bolaa rondenya padat, ada semacam manisan jahe di dalamnya, renyah dan tentu saja nampah pedas jahe perlahan. mantap",joy
11017,"jangan nyolong, malu dong kalau ketahuan",fear
3280,brrti wa nya sepi wkwkwkwkwkwkwkwkwkwk ngkak,joy
8117,"sedih banget, rasanya mau menangis",sad
11743,"lagi-lagi bingung, kenapa aku suka banget sama si boker",love
11936,"bener banget baca ff karya ka shita, selalu ada jalan keluarnya dan happy ending gitu walaupun proses nya rollercoaster banget. Buku-buku lain karya ka rai juga bener-bener aku suka",love
8530,"aku mau sedih, tapi aku ga mau terus-terusan sedih. aku mau bahagia dan happy selalu.",sad
6486,"gue ngga sakit atau sedih gara"" foto itu sih,gue percaya sama bw siapa pun kapal mereka di series mereka bakalan always together, cuma gue sedih gara"" komen yg ngedrag w, sama ngebandingin momen bw sama kapal sebelah, yg jelas"" bedahnya tuh jau banget dan ngga sama",sad
10891,nggak percaya banget kenapa aku selalu takut begini,fear
515,"eps 7 saya kesal dengan gwinam ni ngapa kaga die sih? emang zombie immortal yak? udah jatoh dari lantai 4 bos, apa harus di shot gun baru die ni orang? terus namra bisa feel gwinam, tapi gwinam nggak bisa atau nggak ngerti?",anger
6158,taktau tapi kecewa dengan diri sendiri .,sad
478,maksudnya apa ya. orang ke begini sengaja atau memang bego presidennya? anj,anger
10184,"ah jadi ketakutan, siapa tau ga beres",fear
7760,"akhir pekan bukan akhir dunia walaupun uangnya ga ada, penting senang aja",joy
8615,"eh kok sedih aja gini, eh kok pusing aja gini, eh kok kangen rumah aja gini",sad
2647,nangiss bahagia kak,joy
10322,"aku jadi takut ke kampus lagi karena badanku jadi lemes, semoga ga kenapaan",fear
8857,"entah kenapa aku merasa sedih, meski kita hanya sebatas teman",sad
8157,"nyesel banget, ga kebayang bisa bikin orang lain sedih",sad
1033,guru gue campur campur aksennya anjir.. suka kudu teliti banget liattin gerak bibirnya t_t,anger
7465,"mantap banget, di pondok ini mereka belajar dan fokus sama apa yg diampu. semangat untuk kalian anak papua",joy
2598,"selamat pagi! semangat nge ba nyaa, semoga banyak req dm",joy
8940,"ga mood lagi buka paket shopee, sedih banget sih ya",sad
6191,ah aku sedih dengernya,sad
7174,"yeay kabar gembira di pagi ini, semoga selanjutnya juga bisa ya",joy
6847,". . bagaimana? sudah sadar betapa lucunya kamu yang pernah bodoh untuk seseorang yang bahkan tak pernah menganggapmu? . jika sudah mari tertawa bersama, ngetawain perjuangan yang sia-sia. serta harapan fiktif dengan luka yang nyata. . .",sad
8532,"aku merasa sangat bodoh, karena aku tahu aku jatuh cinta dgnmu dan aku merasa terluka, namun aku tahu itu sia-sia saja",sad
7242,"happy morning, seneng banget hari ini",joy
344,"eeee bak je baca ni ak gamau emosi sndirian, dia yg minjem kok dia yg ngatur pantek ajan leme cicingan ne",anger
5521,"belum coba keduanya sih. btw, ada gaksih yang pake serum vit c bukannya tambah cerah malah hiperpigmentasi alias tambah gelap mukanya?",neutral
6472,asli gue sedih bgt tai,sad
1871,"ke papua takut melanggar ham kata nya dung dung, beraninya sama rakyat sipil yg tidak bersenjata banyak banyak istighfar liat nya",fear
2977,"trs kalo ciput, kalo kena itu disuruh pake atasan mukena!! awal2 liat kaget trs kayak mau ngetawain gt, tp makin lama makin biasa. atau engga, kalo lg ada pemeriksaan trs lg ga pake ciput, kita pada muter balik ngadep tembok masang ciput ga nyampe 15 detik lol",joy
8718,aku terus merem dulu 30 menit tapi malah terbawa mimpi dan aku jadi sedih karena aku tidak bisa mengendalikan mimiku sendiri. Aku masih belum bisa menghentikan mimiku dengan perasaan yang kuat dan kekecewaan.,sad
3986,"pengen banget bilang suka,tapi apalah daya aku yang gengsian ini '_'",love
12103,aku suka banget sama orang ini. kayaknya aku naksir deh.,love
2888,wkwkwakw ada kambing yg marah..,joy
10749,"ga perlu takut malu, ntar aku kasih palu aja deh",fear
4623,"dengan beredarnya vidio ini, semoga media2 online tv atau cetak, pada stop gausah beritain koronal koronol omrica omricon mercon lagi. biar semua kembali normal. karena kuncinya tuh ada di berita!",neutral
4818,"oke, kak wulan. sama-sama ya. beyar senang mendengar kabar baiknya. selamat menikmati layanan indihome-nya kembali dan selamat berakhir pekan :) -beyar",neutral
11066,"aneh banget, orang mau minta maaf malah malu, padahal kita yang kena kesalahan, malah tertawa aja",fear
7225,"bangun pagi langsung dikejutin kabar bahagia, bikin happy",joy
220,nah ini satu lagi cebong tolol nongol..,anger
11571,"sayang banget sih ngeliat foto masa kecilmu, tapi kenapa kalo liatin bikin terharu, padahal sebulan lalu kalo gak sibuk mungkin ga pernah liatin",love
10848,"ngeri banget sih, serem gitu",fear
7665,"selamat jalan, semangat dan jangan lupa makan yaa",joy
10476,"mukanya aja yang bikin malu, pengen banget bikin blink selca tapi malu",fear
9942,"gemes deh, akhirnya mereka turun juga ya. Sial, aku jualin produknya berapa hari lagi aku jualin. Aku udah pake lipstik, eyeshadow, blush on, foundation, dan krim. Aku harus pake yang lain lagi. Aku ga mau ketinggalan jualin produknya.",anger
6492,"smnga cpt selesai yah,, sedih lihatnya mrka ptus tpi masih slng syg g' tega jdinya ikut sedih",sad
9260,"nggak tahan lagi, aku gak bisa menerima diriku sendiri",anger
4016,"mimpi ada abang jual sepatu bagus banget, abangnya ganteng banget. ada yang tau ga suka mangkal dimana? tadi nyesel ga beli",love
8349,"entah kenapa aku teringat lagi film yang ditonton di sekolah dulu, film itu sangat sedih dan bikin aku nangis sampai perut terasa sakit",sad
4248,jangankan untuk sekadar bicara. menatapmu saja aku tak kuasa.,neutral
12283,"aku rindu banget sama papuy, pengen pergi bareng, tetapi ternyata vespaam juga rindu kepadanya, aku suka banget sama vespaam",love
11523,"gw suka banget sama gofar, gw cinta dia, suka semua karyanya, gw suka banget sama gofar, gw suka banget sama gofar, gw suka banget sama gofar, gw suka banget sama gofar",love
8819,"rasanya malah makin kecil harapan gua untuk kuliah, malah kakak gua ga kuliah, padahal kakak gua udah kerja, malah gua ga mau kuliah, padahal gua harus kuliah, tapi kakak gua ga mau kuliah, gimana gua bisa kuliah?",sad
10549,"terus ngeri dihantui pikiran gila siapa tau, apa yang bakal terjadi",fear
5868,"antara seneng ama sedih, seneng nya dapet skin harga jutaan rupiah, sedihnya ga dapet skin yg dipengen ya allah bkn hamba tidak bersyukur, tp hoki seumur hidupnya kok mode on sih",neutral
6888,"nemenin adekku main genshin di ps, dia nyeritain soal gamenya panjang lebar pake bahasa inggris tapi aku cuma ""ohh"" ""hahah"" ""iyakah?"" gangerti soalnya anjir berasa bodoh level akhir",sad
1264,kalo udah deket hari ultah bawaannya makin panik makin ovt,fear
8127,"enggak kok, emang sedih kalo bener-bener ngerasain diposisi pram atau niskalanya",sad
4241,ist belum ada kasi kabar tentang anak anak??,neutral
5650,"ya walaupun kadang gue kalo kesel suka kelewat batas. tp skrg gue lg berusaha banget biar ga negatif"" amat jadi orang minimal sopan lah",neutral
8866,"aku kecewa sama penonton, mereka malah nggak suka sama acaraku",sad
11446,"aku ga suka kalo aku merusak sesuatu, aku suka sama dia, aku peduli sama dia",love
7787,"makasih udah selalu support, akhir pekan jgn lupa semangat ya :)",joy
11560,"sayang, kota ini cantik banget, aku suka gimana kamu selalu menghubungkan orang-orang yang kamu sayang dengan setiap sudut kota, seperti mereka ada di samping kamu. aku setuju ya, memang penuh dengan renjana, kita bawa dia ke polaris sama-sama ya?",love
7482,"thank u ya brill, aku ga nyangka bakal ada yg baca twittku, semoga aku semangat melakukan apa aja kecuali scroll2 hp.",joy
8740,"sedih banget rasanya, tapi semoga tahun depan bisa merayakan ulang tahun jisung lagi",sad
2881,Bahagianya ketemu pacarkuuu,joy
1677,"iya kk, ni kucing oyen sy galak banget betina pada takut :((",fear
9751,"siapa yang ngetik seperti itu, orangnya mesti mati aja, ga enak banget, kasian orangnya",anger
8247,"apa sih yang salah gue, kenapa nggak ada yang mau ngobrol sama aku?",sad
901,kok enak e kerja woi!! dikira duit datang dari langit apa,anger
9622,"gemes deh di-chat sampai 20 pesan, ternyata tadi gue mimpi bangstt",anger
2296,"bismillah, yuk semangat pagii",joy
3402,and he did! kl lu perhatiin fancam my treasure dia pasti dia seriing bgt senyum dan ketawa2 apalagi sama jeongwoo t^t makanya gue suka bgt my treasure soalnya dia enjoy the stage banget,love
10734,"bangeet banget kenangan masa lalu, malu banget",fear
296,fagg benci bgt gue liatnye.,anger
11553,"aku suka banget sama lagu2nya, langit biru slalu indah disana",love
4153,bismillahirrahmaanirrahiim.. joe biden saja kritisi ikn tapi pemimpin negeri ini kan dri pdip maksain ikn ya bagi yg paham karena terima kasih yg berkenan rtl tagar.,neutral
10229,"kayaknya ada yang ngejek deh, bingung mau ngapain nanti",fear
6983,"padahal aku suka banget supergirl tapi dihilangin dr channelnya, adohhh sad bet",sad
27,kadang suka emosi baca beginian tapi orang goblog emang susah kalo diajak ngobrol,anger
7018,"pernah suka, pernah sayang, tapi gak jadian. ;/3 :')",sad
9327,"gemes deh pe yg kau benci siel ngan aku, ga abis pikir",anger
3829,"dari becanda-becandaan, jadi suka-sukaan, jadi sayang-sayangan dan sampai akhirnya saling takut kehilangan. :)",love
6244,"sedih banget, gua yg ngurusin segalanya gua yg gak ikut:((",sad
8727,"aku ikutan sedih baca kabar ini, keputusan berat tapi aku yakin denise udah pertimbangkan segalanya. yang terbaik untuk denise, semangat juga lockeys.",sad
3248,pagi pagi dapet kabar baik huhu nangis banget makasih ya allah,joy
6454,"sedih ya bu melihat negeri yg indah elok permai ini dirusak oleh bang*at"" bangsa yg memangku jabatan yg kata berkuasa atas sgalanya",sad
9969,"ga tega ditinggalin terus, kecewa sih",anger
4391,oke saya berangkat sendiri saja,neutral
2580,yok semangat yooooooook,joy
7012,"ngilunya nyebar keseluruh badan, bikin lu jadi sesek napas juga, jadi kek gw suka lupa buat napas lagi saking mending gua tahan napas aja. pokoknya sakit banget ga kuaat tp gw keukeuh gamau berobat kek malash wkwkkwkw jadi gw diemin ajaa",sad
9364,"gemes deh anjing pagi-pagi udah ribet, lu bangsat",anger
8563,"eh aku sedih aja gitu, tp happy ending sih",sad
1370,kaget bgt lg mam mie trs nonton all of us are dead ada scene zombie yg lagi ngacak ngacak usus dr perutbodohnya gua tetep lanjut makan sama nonton,fear
12419,beomgyu yang sekalinya muncul bikin aku nangis soalnya aku kangen banget sama dia yang sweet banget,love
10481,"aku takut bgt kalau di mainin, jangan dengerin aku",fear
10434,"wah kok bisa, iya sih kagak nyaman liat dia",fear
5551,"para kecoak dan tikus curut setiap pagi sarapan dengan melakukan onani imajinasi lewat tagar yg mrka but sendiri. iya, karena cuma dengan cara itu mrk bisa merasakan senang dan menang",neutral
10990,"rasanya ada yang ngeluarin jari-jari di badan, masyaAllah",fear
5254,claire tersenyum kecil dan menerima permen tersebut dengan suara terima kasih yang pelan. ia membuka bungkusnya dan dengan tanpa ragu mengambil salah satu manisan berbentuk kacang tersebut dan mencicipinya.,neutral
681,nah si cwe bego ini lah contoh pengguna tiktok yg bego nya udh smpe dna.,anger
11722,"aku rindu banget sama doi, cinta abis",love
4775,kalau gitu nol kan saja mereka di jabar.,neutral
5422,"erick thohir ajak pr warga manfaatkan lahan perumahan mjdi lokasi pertanian. erick pun gagas energi tani. gerakan ini utk membumikan semangat bertani dlm masyarakat bisa menghasilkan produk2 pertanian secara mandiri.,",neutral
3159,"uri markeu selamat buat solo stationnya yeayy proud of you, makasii udah nyiptain karya yg luar biasa, makasi jg udh nyiapin banyak hal di thn kemarin dan thn ini, sehata"" trs ya mark, aku tunggu projek selanjutnya, speechless bgt dan smg karyanya bisa jadi motivasi ya mark",joy
9156,"gemes deh, tuh orang bego",anger
2987,wkwkkw ga jadi malu sefandom,joy
4908,luar biasa.. parah,neutral
1882,si indy malu sampe ke ubun ubun,fear
9014,mantan gue ini jadi yang paling gue benci,anger
8722,"nemenin adekku main genshin, dia nyeritain soal gamenya panjang lebar pake bahasa inggris tapi aku cuma ohh hahah iyakah? gangerti soalnya anjir berasa bodoh level akhir",sad
1940,"aku gak pernah minta nebeng kecuali emang ditawarin, karena ya ini dan gak enakan juga soalnya waktu itu ada temen yang cerita dia sebel banget minta ditebengin mulu mentang"" searah. jadi suka kepikiran kalau nebeng dia keberatan apa enggak",fear
3296,"minta maaf abis cerita gitu? aku jadi bersyukur banget punya bestie, dia yg kujadiin tempat cerita sedih selalu ada, buat cerita random juga selalu ditanggepin sama dia. dia juga gitu ke aku, kalo nyeritain pacarnya bisa sampe berjam-jam.",joy
3534,"klo interaksi sm dia ngga degdegan berati bukan suka tp cuma nyaman dan aman aja sama dia, anjay wkwkwkwk",love
6975,ga enak badan karna hasil overthinking,sad
3729,"sleeping masknya ini packagingnya cantik banget. udah gitu nyaman banget pas dipakai, teksturnya enak, wanginya enak dan beneran bikin kulit jadi terhidrasi dengan baik pas bangun tidur. suka bangeet .",love
490,"kasian nih org, istilah ""anak kolong"" aja gak tw.. bisax main medsos tp malas membaca, bego beud",anger
8029,"pagi mulu, sarapan nasi + chiki boncabe, hmm perut mulu ga enak",sad
1181,iya kann aku aja sampai kaget katanya mereka juga udh pada tau klo mirip,fear
1375,"prnh ga sih lo lagi iseng nyanyi nih di dpn pasangan tp ga asal nyanyi gtu, bnran nyanyi. trs pasangan lo terkesima, kaget, shock lalu blg ""lah aku baru tau trnyta suara kamu bagus"" krn literally emg ga prnh nyanyi pas lg sm pasangan, malu geys",fear
5014,pasti rasanya kek pengen marah sama pacarnya ya nder,neutral
8253,"ingat dulu waktu sekolah, aku pernah telat dateng pake kutek pink, ga kerasa kutek itu warna yg salah, telat banget sih, malu banget juga, udah telat jelas2 ngelanggar aturan sekolah, kalah banget, akhirnya dihapus",sad
8437,"akhirnya selesai juga belajar wml, semoga kesehatan baejin dan jaehwan cepet sembuh ya, ajaib liatnya",sad
626,ws ra emosi tp weruh koe reply hawane pengen ngamok,anger
4758,"restu apa kabar, sarah?",neutral
11436,"ga semua cewe suka cowo yg ganteng, ada juga cewe suka cowo yg bikin cewe jatuh cinta",love
2112,tepuk semangat se ma ngat se~ ma~ ngat~ *yeayy*,joy
8697,"aku berusaha tak bisa melupakannya, aku berusaha menanggalkannya, tapi kenapa aku selalu tersiksa, kenapa hatiku selalu berat, kenapa aku tak bisa melupakannya",sad
10823,"aku takut banget kalo kaoru nge-tot, harusnya lebih hati-hati",fear
10844,"gila panik bgt ujan gini, bocor lagi nggak sih",fear
1767,ya allah aku takut kalau ada host yang main ratio sama fanbase kpop :(,fear
9946,"mendingan tolongin fitur unsend, gua malu banget bngt jancok !!!!",anger
4180,2 bungkus saja,neutral
9535,"aku marah banget manajemen RS ini, gak bisa bikin orang cepet sembuh",anger
6624,astaga sedih bgt.. denise tuh fav bgt dah suaranya,sad
1462,hmm takut tapi tetap usahakan percaya diri lah pokoknya :(,fear
6379,sedih mulu :(,sad
2887,"betul ah tu, aku selalu kena marah sebab tercegat kat depan kuali padahal sementara nak tunggu masak tu boleh buat benda lain hahahaha",joy
7021,"aku pikir aku salah makan atau apa, karena aku sendiri kadang suka bandel klo urusan makan jdi aku pikir maag biasa tapi pas diperiksa itu katanya lambungku infeksi, mana obatnya banyak banget hiks makasih banyak ya kmu juga sehat2 teruss",sad
684,ihh kok marah marah sihh,anger
4539,"jumat 280122 tes ag hasilnya negatif. santai aja. seninnya sidang offline. ketemu banyak org sampe malem. selasa ngurung diri di kamar. rabu sore akhirnya pergi ke rumah temen krn mo ambil brg, banyak bgt. pulang malem juga. hehe..",neutral
4514,iya gpp kok santai aja ^^,neutral
9682,"kaga bisa ga ya, jadi parasit, cuma numpang hidup, nggak ada yang buat",anger
6453,"berbisik mengingatkan. tentang sepotong kecewa yang tak kunjung usai. di balut dengan luka yang tak kunjung di obati. luka, luka, luka dan ditutup lagi dengan luka. sedikit terselip rasa bersalah, menolak untuk mengakui.",sad
9904,"aku nolak semua omong kosongmu, kebohonganmu yang terhakiki, aku nolak semua omong kosongmu, kebohonganmu yang terhakiki, aku nolak semua omong kosongmu, kebohonganmu yang terhakiki, aku nolak semua omong kosongmu, kebohonganmu yang terhakiki, aku nolak semua omong kosongmu, kebohonganmu yang terhakiki, aku nolak semua omong kosongmu, kebohonganmu yang ter",anger
1366,ga deng beneran cemas karna pd posting dikit2 kelar sidang kan jd cemas,fear
3916,suka banget sama part rapline disini,love
12352,"eh btw maafin loh liana, gue spam lo terus, makasih ya sangmilnya suka banget loh",love
2639,"terimakasih sllu dukung bang,selamat akhir pekan sehat dn bahagia",joy
11917,"ga usah ngira aku cuma bikin delivery, aku juga suka ngobrol sama kamu, aku suka banget pada dasarnya, aku orangnya gengsi dan males banget",love
5602,"oalahh.. yowes dh, semangat",neutral
11366,"salam kenal mba jocie, aku suka nama mba calypso, dan mba suka gambar, aku juga suka gambar, namaku erza atau kiel, salam kenal ya",love
5729,"huhu jiheon graduation yaabakalan kangen belajar bareng jiheon,aku kalo ngerjain tugas suka sekalian nonton vlog jiheon yg belajar. biar kaya belajar bareng jiheon gt sedih banget jiheon ga bisa datang gradupadahal pgn liat dia",neutral
5730,"film ini semacam tribute untuk dunia jurnalisme. penggemar wes anderson sudah pasti bakalan suka sama film ini. tapi buat aku yang hanya penikmat film biasa, nonton the french dispatch kyk abis lari 10 km, capek. banyak sub plot dan banyak banget hal yg mau diceritain. tapi..",neutral
9065,"pagi2 pasti stress, kenapa ya",anger
8710,"gua sedih banget ayang, gua cuman berdua sama gua di sini",sad
2300,"mun ujar jhon tralala ""semangat cantik""",joy
4787,"good morning! saya masih avail, tapi regular only if you don't mind. kebetulan side faceclaim saya mark lee. saya orangnya easy going dan flexible, suka banget diajak ngobrol santai. saya juga perhatian dan bucin banget sama pacar. titip carrd saya ya, boleh dibaca-baca dulu.",neutral
2938,"rendah sekolah ku jumlah kuota eligible mipa ada 95, dan aku rank 85 dg rata' segitu sempet takut bgt kegeser krn ada byk murid yg data nilai' nya salah, tapi alhamdulilah ya allah tetep masuk eligible",joy
5659,"jadi bakal lebih bagus kalo lu minat baca dan suka sama b ingg, karena sumbernya juga kebanyakan berbahasa inggris. 3. kalo lu males hafalan atau benci banget sama banyaknya teori. karena awal lu masuk aja lu bakal berkenalan sama teori teori umumnya tokoh tokoh psi",neutral
8607,"lagu yang gw dengerin emang bisa bikin sedih. Tapi gw ga gitu banget, emang ada yg bisa bikin gw sedih juga. Lagu gw dengerin itu emang bisa bikin gw sedih. Gw udah hampir mati ngeliatin orang yg gw kasiang. Gw udah hampir mati ngeliatin orang yg gw kasiang. Gw udah hampir mati ngeliatin orang yg gw kasiang. Gw udah hampir mati ngeliatin orang yg gw",sad
10903,eh iya jujur sih aku takut ketauan,fear
11920,"mimii, kamu paling keren, aku bangga banget sama kamu udh bisa ngelewatin semua sakitnya. kita bisa lagi ngakak, kita bisa lagi ngelakuin hal-hal baru. aku sayang banget sama kamu, kamu jga hrs bahagia sehat selalu",love
1979,"aku mah masa tiap harii sama kadang nih paginya ga ngapa2in tetep aja ke logout , makanya ini suka degdegan banget takuut",fear
5979,sedih? apa itu sedih?,neutral
3803,menyesal.. kesal.. gak bilang.. sayang.. cinta.. kamu.. padahal aku suka.,love
4534,meski sudah tiada tapi jasa glenn fredly dalam industri musik tanah air sangat luar biasa. karya-karya yang diciptakan glenn fredly sampai saat ini terus dihati masyarakat indonesia.,neutral
9964,"ga bisa nonton serial favorit aku karena si jessi muncul di setiap scene. malah lebih baik liat konflik antara reyna dan kuyang. tapi ketimbang liat jessi, lebih baik aku liat kuyang",anger
10904,"kaga ngerti ngapain lagi ya, kaga paham sama apa-apaan",fear
9522,"gemes deh kalian ngajak ribut gini, tapi matcha enak banget loh",anger
7278,"jangan pernah putus asa, semangat terus",joy
7533,"inget banget sama video BTS ini, ada satu adegan yang bikin kuperut, jungkook ngepel kamar dengan baju yang nggak pas, padahal biasanya ganteng banget, tapi yang namjin itu ngerjainnya aja, nggak bawa baju yang pas, ngedragin jungkook jadi gak baju ganteng, aku vote buat jungkook, ya",joy
9449,"yah udah lah, ga ada yang bisa kita lakukan untuk kalian, buat sendiri saja",anger
4800,gpp dek. santai aja. gw pernah kok tahun 2008. tapi bedanya ga jadi kalah. kalau ini ga jadi menang awikwok siiuu,neutral
2280,"bismillah, pacar 2, dedek 2, gimana uas kemarin? semangat! tinggal seminggu lagi, tapi kangen :c",joy
7065,bagaimana kalau aku tidak baik-baik saja,sad
6596,pjj lagi pjj lagi. sedih ga ketemu ayang,sad
4469,"itu normal utk manaa"" investment verification.",neutral
5133,mamah kamu udah marah marah belum pagi ini,neutral
10468,"ngeri deh, suami jadi ibu, bangun pagi, jogging, nawarin aku mau makan apa dan langsung dibeliin, lanjut sarapan bareng. apa yang kubikin?",fear
998,"bapak sialan ya gabagus buat contoh, songong, bgst, capek bgt pasti punya bapk kek gitu. ha ha ha, arsen zeyeng, suka bgt gaya lu broo sayang arsen banyak2",anger
4130,mode biasa mode mengintai,neutral
5266,yah smsm ayok... yaudah siapa takut,neutral
8878,"kenapa ya aku jadi foto model, sedih bgt gara2 kecantikan luar, muncul pikiran kenapa mas crush malah jadian sama temenku",sad
12357,"aku sayang banget kamu, aku suka banget kamu, aku cinta banget kamu, aku rindu banget kamu",love
1784,anjir jun malu bgt nggak.. terus diapain abis itu..,fear
3182,"bangun tidur dapat kabar baik tentang jimin seneng bangett, jagoanku udah sembuh",joy
10913,"ternyata ada yang menfess tentangku, tapi aku masih ragu mau repotin atau tidak",fear
494,bangsat ini siapa yang setel lagu galau pagi pagi,anger
9671,"gemes deh kalo yg tbtb kata mba nya bilang mau putus sekolah, ky nya bukan mak w aja yg marah, bapak w jg lebih marah lagi, jgn lupa tetangga pun pastinya ikut bergonjang ganjing atas hidup ini wkwk",anger
9778,"ga ada yg lebih nggak ngerti dari lo, gilak",anger
6779,"sedih sihh, cuma gmna.",sad
2860,"happy milad ya uni ku .insya allah diberikan umur yang panjang,diberikan kesehatan selalu,keselamatan,bahagia dunia akhirat untuk uni&keluarga.tetap semangat uni ku&tetap berjuang bela rakyat jelata",joy
2038,joonyoung.. paling merinding sama sedih jadi 1,fear
4041,"pacaran ga pernah berantem, ga pernah bosen. sayang terus enak juga ya.",love
9660,"kok negara tdk stabil, 10 tahun negara tidak aman, bahkan sby menyuburkan ormas radikal, intoleran, teroris, yg berafiliasi ke partai tertentu..narasi klhtn intelektual tp bodoh..",anger
2897,"cocok temen sekelas gue waktu sma loyal dan kompak buat lekas bahkan waktu dulu sahabat gue yg cewe nangis karna dibentak adek kelas, anak cowok langsung pada emosi dan nekat mau nemuin itu ade kelas wkwk",joy
366,aduhh si tolol keceplosan,anger
849,"aku butuh kepastian, bukan harapan palsu!",anger
11178,"aku jengkel bgt sama teman gue yang bilang aku suka Korea, tapi aku cuma suka Bts, tapi aku juga suka Nct, aku gak tau apa yang aku mau. Tapi akhirnya aku makan kue kuning jadi aku bahagia",love
7044,"suka tapi dipendam. ya, gue banget :')",sad
11107,"jadinya gak berani upload foto, khawatir nanti jadi trending topic",fear
7037,aku suka kepipinan muda yg diisi oleh orang muda. tp sayang. kenapa join ph..,sad
2653,"hi, kak langit. waah mantap ya kak. semangat terus wfh nya kak. semoga sehat selalu. -diar",joy
3503,"tapi mak gua ada buktinya anjir mantannya masih ada yang suka sampe sekarang, trus ada lagi yang namain anaknya pake nama aing ada lagi mantan yang udah cerai sama istrinya, trus deketin mama lagi (papa udah gak ada) mama: ""ogah banget mama ngurusin laki orang.""",love
8679,":(( kadang aku merasa sepi, tapi beda lagi sepi yang membuatku merasa kehilangan. Aku merasa asing banget.",sad
6095,sedih banget :((,sad
1541,kami takut pada yang tidak berwujud,fear
6625,"gue sering ada di posisi sedih jadi waanjai. satu sisi, mewgulf itu sumber kebahagiaan buat gue, dan mereka itu candu. tapi sisi lain, gue tau kalau ini tuh salah. tiap malem overthinking, do i've to leave them? tapi gimana caranya gue pergi dari sumber kebahagiaan gue?",sad
11161,"mamaku cantik banget, tapi sayangnya dia ga punya pacar, aku pengen pacaran tapi ga ada yang naksir aku, sementara mamaku cantik banget tapi ga punya pacar, aku pengen pacaran tapi ga ada yang naksir aku, sementara mamaku cantik banget tapi ga punya pacar, aku pengen pacaran tapi ga ada yang naksir aku, sementara mamaku cantik banget tapi ga punya pacar, aku pengen pacaran tapi ga ada yang naksir aku, sementara mamaku cant",love
322,"habis itu sakit hati, tolol banget emang",anger
2031,"mana pulangnya kan malem ya, eh jalannya tbtb sepi gada lampu jalan :"" agak gimana gitu",fear
5089,"semakin sakti manusia mk semakin bodoh akalnya, semakin tdk punya apa2 (kesaktian) mk semakin kenceng sandaran pada al 'aziz allah swt.",neutral
7540,"hola kak wawa, jangan lupa sarapan ya, semoga hari ini berjalan lancar, diberkahi dan dijauhkan dari marabahaya. Selalu ada dalam lindungan Tuhan. Jangan lupa vitaminnya ya. Semangat! Senyum terus hihi, stay healthy & always be happy. Have a great day kak",joy
813,dah la paksa paksa pastu nak marah,anger
2528,good tetep semangat bilang,joy
11807,"aku suka banget sama sempol ayam, bikinnya mudah banget loh, coba deh yuk bikin sendiri",love
7107,"ya udah, aku juga nggak keberatan dipanggil bestie sama makji, gemes banget sih",joy
6375,sedih bgt:(,sad
6280,"makasih yoongi udah bikin jumpalitan semalam dahal lg sedih, hush sedih pergi hush hush",sad
11580,"gua bingung, kenapa kucing-kucing yang gua beri makan selalu berantem, padahal mereka semua harus bekerja sama untuk menggulingkan gua sebagai manusia kapitalis yang memegang kuasa akan sumber makanan mereka",love
10731,"gw gak mau ngasih nama asli gw, ngeri banget kalau kena teemn",fear
5274,"oalah roomnya mau ada yang pakai ya, kirain kenapa tbtb end soalnya",neutral
1079,"gue yg mutusin emang, tp yg pamit rest emg siapa tau2nya gue dpt kabar begitu. disuruh keep it private dikira gue gatau apa kalo dia juga nyindir gue mulu, diem diem asu apanya yg diem, kalo ada main qrt gitu jadi ajang buat jelek2in gue",anger
2226,"pagi pagi di keadaan gue yg ga enak badan ada kabar baik banget, alhamdulilah jimin gue sembuhh",joy
9834,"ga bener banget ya jnt kurir kurirnya, sering bobo paket orang, ga bener apa gimana sih",anger
11502,"jangan kira aku cuma ngirim pesan, aku juga bisa ngobrol sama kamu, aku suka sama kamu kok",love
3515,hooh.. km suka banget kan yaa..,love
2705,di chip enak biyanget,joy
9423,gemes deh liat bangsat ganteng yang lagi nongkrong di depan,anger
6765,"maybe sedih? tapi ya mau gimana lagi. kalau dipikir pikir itu bukan hak kita lagi. mau pc nya di gimanain pun tetep bukan hak kita lagi. cuz kita kan udah jual barang tersebut ke dia, dan dia udah bayar barangnya. so barang tsb udah sepenuhnya jadi milik dia",sad
1164,kenapa nak hasut orang tak vaksin? pastu bangga sangat bila orang vaksin takut nak cerita side effect kat dia.,fear
3261,"idm selamat pagii!! seneng banget dapet kabar jiminie hari ini buat kalian, sehat2 terus yaa!! jgn lupa sarapan",joy
6741,enakan yg goreng atau kuah siih? kemarin beli yg goreng kaya gada pedes-pedesnya jd kecewa,sad
6673,hal paling sedih itu di saat gue ga tau mau ngeluh sama siapa,sad
1450,takut tgk harga,fear
6126,dirumah sepi karna lagi pada pergi tanpa diriku,sad
4229,mungkin karena orang dewasa sudah biasa menahan perihnya kehidupan. makanya samponya dibikin perih juga.,neutral
8446,"gemes deh liat liriknya, jadi penasaran siapa yg merasakan ini, nyesel deh, bisa-bisa idolan kita terluka gitu",sad
3862,"tapitapi welcome paus babyl, kayanya aku jg masih baby sih, cuma 3tahun lebih dulu(?) tp sayang aku lagi suka adeknya, gasih karna mereka hiatus aja, besokk papi aku pulang wamil, kangen updatetan ig papi olkay",love
2936,"eng! guys aku abis bikin poem bahasa inggris lagi hihi, pada nangkep maksudnya kah? takut ga nyampe meaningnya",joy
10646,"kaget banget sih, tapi aku pikir dia tahu, dia berani. Aku sih nggak tahu, tapi aku pikir bisa aja",fear
3917,chen suka banget sama lagu machine karena sewaktu rekamannya susah banget jadi ngga terlupakan buat dia,love
5487,"usul oppa diterima ! senyuman pun diberikan pada pemuda; sebanyak apapun kue yang dia makan, bukan masalah. sebab ia suka makanan manis itu . oppa tau tempat beli kue paling enak tidak ? kalau tidak tahu, eun ae tau sekali.,",neutral
7791,pagi cerah ini diawali dengan sapa-sapa manis,joy
10256,"jangan sebar berita bohong, aku ngerasa cemas gitu",fear
1723,"wordle 234 3/6 kaget sendiri, bisa-bisanya tebakan ketiga langsung keluar",fear
9281,"gemes banget, aku marah nggak cuma ke temen aja, tapi juga ke diri sendiri",anger
12333,"aku suka banget sama keluargaku, mereka semua keren dan keren aja",love
7159,"ngga usah pikir-pikir, asal ikut aja",joy
4056,"hari ke 17, selamat pagi safiya, semangat terus ya nak, pagi ini ayah ga kesiangan, nunggu dokter idham dateng, nanti ibu dateng juga ya, semoga kita bisa ketemu semoga ada kabar baik hari ini ya sayang aamiin",love
11981,"aku suka kasih kasih sayang tapi kalo di sayang balik jadi geli banget, hehehe",love
2999,iya kebalik lah wkwkw mana ada ngaruh wkwk yang ada mereka yg ganti jadwal aja kalo bareng biasanya mereka yg takut wkkw,joy
7836,"selamat ulang tahun ya, semoga bahagia selalu ya, kalo bisa sehat ya, semoga",joy
11351,"gw suka banget akumo no ko, cinta abis gitu",love
1231,"malu tp gw gak diapain2 mer wkwk udah dibalikin gitu aja, dia tes detak jantung doang kali ya. gw beneran deg2an soalnya tapi ya tetep gak ada yg berubah, cuma emang tau sih kalo dipretelin, tettep takut",fear
1514,takut sha.,fear
2313,semangat..,joy
9229,"nyesel banget, cuman aku malah ngomongnya kasar, minta maaf ya",anger
1451,khawatir tidak jelas,fear
10569,"gila aku malu, kaget, ngga tahan aja",fear
11038,"aku cemas banget ya, malu sekali",fear
10091,"gue kaget banget nih, aku ngerasa jelek mulu",fear
8637,"aku kecewa banget klo orang suka buang sampah di halaman rumahku, sedih harus bersihin terus",sad
10739,"ngeri banget loh, ga tega mikirin",fear
4321,"pengen nyari trophy tapi males battle ? bot kami menyediakan fitur auto search th diluar, th snipping , yang dengan mudah bisa memenangkan banyak trophy dengan pasukan sedikit. minat? cek bio pesan sekarang",neutral
8537,"hiks, aku sedih banget, dh",sad
838,"iyalah ci aku yakin 100% pas aq ribut sama akun aja dia ada dm ngaku2 mantanku trus tujuannya apa coba kalau gk jualan cerita palsu dia, babikk bener orng itu , dan laporan buat si udah tak cabut tak suruh dia buka dm nya dlu yg ngaku2 mantanku, kesel",anger
12490,"aku cinta banget sama dia, dia baik, baik banget",love
6470,hmch twitter w sgt sepi sadly,sad
7366,"yeay akhirnya jimin udah sehat, aku happy bgt gaes, seneng bangett",joy
10617,"aku pengen merasakan perasaan sendiri, tapi takut kecewa",fear
3899,"dan gue harap sih ke jadian, si te suka sama ggvk bucin cinta ama dia tapii semuanya terlambat karna ggvk dah pergi biarin dah dia idup dalam penyesalan hidup dalam penyesalan tuh lebih sakit dibanding dikasih karma yg datang cuma sekali",love
10702,"nggak tahan lagi ditakutin, malah jadi ngeri",fear
3567,lagi suka banget lagu 127 yg the rainy night,love
12366,"aku suka banget sama loch, cinta-cintanya",love
5452,hoam semangat kerja,neutral
3087,terima kasihh! aku kemarin sempat down banget karena pertama kali jadi komisi orang gitu. aku takut orang gak suka desain ku sampai sempat stress seharian tapi alhamdulillah dia mau nerima terus dijadiin desain baju jualan dia huhu,joy
8388,"aku ngulangin lagu child di repeat sampai nangis apaansaa, sedih bgt",sad
10886,"ngga sih, ga usah cemas, aku yakin kelar semua",fear
4546,sebaiknya d kasi penghargaan saja,neutral
4692,lama gada kabar,neutral
1714,takut :(,fear
10900,"gak mau hujan, ngeri, berat, ga enak",fear
4270,"simpan saja dulu, setelah pensiun dari anggota dpr ditindaklanjuti lagi",neutral
339,makin jeblok suara pdip di jawa barat ..buat orang sunda semangkin benci ..,anger
11583,gila banget si taemin pake baju ini cantik banget,love
4086,beredar kabar haji faisal kini mulai pasang tarif rp 5 juta untuk sekali wawancara,neutral
8146,"aku lagi di fase ga ada yang bisa aku cerita, gue jadi senyum sendiri",sad
10240,"oh gak sih, dua hari ini aku ngerasa flu tapi gejala omicron gitu. semoga aja sih emeng flu biasa, bismillah, meski aku takut",fear
8626,"kenapa weekend aku selalu pusing badan, apa ga enak ya",sad
588,ramah tamah rajin marah tak mau mengalah,anger
3365,iya bener!! aku demen banget cookies and cream,love
2670,siap sayang!semangat yak!,joy
5515,"tumben banget pagi pagi udah semangat, biasanya lelah letih lesu",neutral
3589,kayaknya paraga suka banget ngajak wgl akun chaewon ya.. awas aja kalau di prank lagi:),love
34,dari turunkan ayam 2 kupang baik buat polisi majukan industri sumber makanan negara. kita negara tropika kot apa jadah harap makanan ternakan import? bodoh sangat ke orang malaysia sampai dedak ayam pun tak boleh buat sendiri?,anger
28,si mutajir mancing emosi sih pagi2,anger
2395,semangat bebebkuu,joy
11546,suka banget sih sama dia,love
8046,"eh ini kecewa nih, aku mulai dengan 3 pointers semalam harini",sad
5506,"kalo emak ku koleksi kopi top yg gratis gelas kata mas kopi nya enak, yaudah ibuk beli, sekalian dapet gelas nya",neutral
7305,"aku bener-bener ga sabar nunggu episode berikutnya, aku udah ga sabar nih sama episode selanjutnya",joy
2170,"wkwkwkkwkwk semangat nguli, cla",joy
8409,"udah bener-bener kangen dengan kkakkung couple, ngebayangin mereka nanti di dunia nyata, ya ampun, udah bener-bener gemes deh. aku harap mereka bisa bersatu di dunia nyata, dan aku harap yessung oppa cepet-cepet menikah, sudah waktunya menikah oppa. kami menunggu undangannya",sad
7434,"aku juga suka baca volvoreta, jadi pengen ngulang baca, tapi gak ada lagi part ekehm nya, gak tau kenapa kakak suka banget baca volvoreta",joy
889,"itu rizki orang kenapa dia urus. coba saja, apakah dia bisa dibayar ceramah dengan bayaran sekian? harusnya malu untuk membicarakan penghasilan orang lain yang diperoleh secara sah, dan tidak diatur oleh negara.",anger
3878,"suka banget sama toko ijo, beli barang harga ratusan sampe jutaan ongkirnya ttp 2k doang",love
3322,"awalnya mas firman suka masak ini karena suka nonton masterchef australia season 2 pada 2010, nah mulai dari situlah benih-benih cinta terhadap masakan mulai muncul. untuk chef favorit atau panutannya sendiri ada gordon ramsey, sebastian fitarau dan marion grasby.",love
11833,"gila, aku suka banget sama kamu, kamu bikin aku kangen, kapan lagi bisa ngobrol bareng?",love
3514,"halo sayang!! si cantik-cantik ini suka banget pda, udah lulus s3 bucin di tl ada kak cei , kak lyora , kak vee , clara , cici iko sama kak lila ini carrdnya sukses yaaa",love
7040,"suka sedih sama orang yang ""benci sama diri nya sendiri"". kaya please banget disaat diluar sana orang orang jahat dan gak suka sama diri kita.. please lah cuman satu orang yang bisa cinta dan sayang sama kita yaitu diri kita sendiri. aku yakin untuk mencintai diri sendiri itu”",sad
10498,"aku ga takut hasilnya jelek, tapi gue takut makin parah deh",fear
5673,"manusia suka banget sm angka, salah ga menurutmu?",neutral
8694,kebahagiaan itu terasa manis karena kita pernah merasakan kekecewaan,sad
2774,aduh nggak enak banget nih kel kalau misalnya klaksonin..,joy
6559,"sibuk banget sama kuliah, apalagi udah praktikum offline, jadi bolak balik lab tiap hari, terus balik kost suka capek, jd ga sempet buka twt :( sedih",sad
3733,"ls lama, tapi suka banget",love
7488,"seneng banget deh, aku ga bingung lagi, kagum, dan percaya diri",joy
11924,"oh iya, lo cinta gue, kan? iya, lo cinta gue, iya iya iya, iya iya iya, iya iya iya, iya iya iya, iya iya iya, iya iya iya, iya iya iya, iya iya iya, iya iya iya, iya iya iya, iya iya iya, iya iya iya, iya iya iya, iya iya iya, iya iya iya, iya",love
9589,lebih baik elo kaffir dari pada berbohong sebagai muslim. Malah mengotori ajaran agama dengan tindakanmu,anger
4528,semoga saja lah menang,neutral
1654,yep truee lagi lagi the oldies kan semua macam takut for booster sebab baca news regarding post-booster effectsi mmg ingat nak walk in ppv dkt pwtc tu je nanti hahah,fear
4274,"ada yg salah dlm , , formal apalagi informal. saya sendiri mengalami dua kali. musibah tdk dibantu ee malah dijarah. bhw sbgn diberikn itu biasa, tp ini rampok vulgar tdk pake mikir, diatas kesedihan orang lain",neutral
11929,"dia suka bgt sama aku, sering banget foto di kaca ini, berarti dia cinta yaa",love
223,"mereka ini ga pernah liat orang negro apa ya, rasis banget bangsat",anger
10858,"ngga jadi kiri, kalo kanan soalnya banyak banget yang bergerak, aku khawatir kepentok",fear
6939,"ihh pdhal enak yang beras merahh, malah diganti, syeddih",sad
9432,"waaah aku ngerasa dikejar-kejar ciuman, aku takut jadi geli gitu",anger
5982,"sama lah juga, cerita sedih hutang negara 1 trillion, rakyat siap menderma dalam tabung harapan, alih-alih kau meeting minum gloria jean's, minum evian. benda bebal ni menyebabkan ph tumbang dalam prk dan prn. marhean kepala hangguk.",neutral
4239,"biasa ada mau nya manis dulu dukung rakyat, sudah kecapai maunya ya gimana gue, menjelang 2thn lagi pemilihan lagi ya manis lagi, ke pilih lagi ya gimana gue lagi..",neutral
5882,selamat pagi,neutral
1590,"kaget lg ke toilet udh banjir, ternyata d-1 langsung cek flow dan wow ternyata benarr akurat jg flow yakk selama ini gue pikir gue haid selalu mundur atau kecepetan seminggu",fear
8832,"sebelumnya aku ngga bingung sama hal2 yang bakal kudahin, tp sekarang jadi bingung karena quarantine, dan aku makin stress, sedih, dan gak percaya diri lagi",sad
3256,aaa..senang banget baru bangun udh dapat kabar baikk,joy
7346,"jangan terlihat begitu sedih minato, aku bahagia, kebahagiaan itu karena kau mencintai aku -kushina-",joy
7370,"10000?0?0 mantep banget, gak nyangka bisa bener2 bikin bahagia, liriknya juga relate banget",joy
7596,"wikk semangat ya, jangan lupa makan ya",joy
2181,pngen bgt baca sejarah tentang avicenna lgii heuheu ayo semangat bacanya kii :),joy
7965,"aku baca dulu artikel ini sebelum dengar lagu mark, jadi bila dengar tadi ingat tweet ini. kesedihan do senanya lagu ini",sad
9411,"anjing u kontol bangsat memek, gimana gitu nih kalo karakter s1 diperpanjang? kalo lanjutnya s1, endingnya ga bagus",anger
7826,"rakyat sejahtera, gembira dan bahagia..semangat gus ketum",joy
6165,sedih banget temen gue.,sad
6103,"maaf tadi awal liat ketawa. kirain lagi cosplay jadi pocong. pas tau emang emengnya meninggal, jadi sedih. maafkeun ya emeng",sad
7879,"hi mas jnt, terima kasih sudah mengantar paket kesayangan saya, tapi namaku gak jelas",joy
10912,"gw ngga bisa bayangin csm scene yg muntah di sensor, apalagi kalau ga bisa diakses",fear
9912,"rasanya bodoh banget ngomongnya, malah jadi kena omongannya",anger
4817,yg buat cewek nyaman tuh; 1. perhatian 2. pengertian 3. gak egois 4. gak ilang2an 5. gak over 6. menjaga ceweknya. 7. selalu ada kabar,neutral
10242,"ada amplop dibalik hanggar yaa, apa ini ada isu? (perhatian: tambahan kata-kata apa ini ada isu disisipkan untuk memperkuat makna dan emosi)",fear
10467,kalo ga jangan2 nanti nyesel,fear
6521,"astungkaraa , oh grgr ini sedih",sad
6507,makin sedih,sad
1209,"mo bilang kicep, takut..gitu aja kok malu saadd kasad..",fear
6865,"klo inget ""gua bego bgt ya jadi cwe "" kadang sampe pgn nangis",sad
421,[cuping marah],anger
11015,aku ngga habis pikir kenapa bisa terjadi hal semacam itu,fear
1706,"orang indonesia ga ada takutnya kali cuman gw rasa mereka takut dengan agama baru yg dipaksakan percaya yaitu c19 rokok aja ada label orang sakit tulisan membunuh tetep aja dikonsumsi terus kecelakaan terbanyak adalah motor, usernya makin banyak ada bom aja deketin/kontenin",fear
1158,"klarifikasi di ig nya mz katanya ke resto sblm tau kl positif, itu lg nunggu hasil. pdhl kan bisa nunggu di mobil trs kl mau makan ya tinggal drive thru, gue nunggu hasil pcr aja ga kemana2, ngeri kl hasilnya positif bakal nularin, lah dia malah santai aja anjir",fear
2306,"aku sangat senang kamu mendapat atensi dari seluruh dunia atas kemampuanmu. dan akhirnya kamu berhasil menempati posisimu untuk debut. senang sekali. melihatmu berjuang dr awal karirmu, kamu pantas mendapatkannya walaupun harus naik turun dan jauh dari rumah. shen xiaoting yyds!",joy
273,masih pagi gue dah emosi.,anger
171,lu yg tolol anjir,anger
3956,"sayang ini indah banget.. aku selalu suka gimana kamu selalu mengasosiasikan orang2 yang kamu sayang dengan setiap pelosok kota, kesannya mereka bener-bener ada di sana di samping kamu. aku setuju chan memang penuh dengan renjana, maka kita antar dia ke polaris sama2 ya?",love
5606,"kamu boleh kok, dan kalau butuh temen cerita kamu bisa dm aku yaa. semangat nder",neutral
11809,"aku suka banget sama anime yang dianimein itu, terus aku nyoba balasin storynya dan aku jadi suka sama dia juga",love
4865,ga nikah aj aku klo nurutin ini maaf saya cuma wanita biasa yang kurang ilmu agama,neutral
9862,"kenapa ya poin 3 yang dibahas, ngeles gini, gak pernah denger",anger
3188,"jiminn, makasih udah berjuang untuk pulih seneng banget denger kabar kamu udah keluar rumkit tinggal masa pemulihan, istirahat yang banyakk yaa malaikatnya army",joy
1725,mvs euphoria s1 sender baru namatin yg s1 kok si rou ga mau naik kereta brg jules? trs pas di eps7 mcky beneran di ituin sama temen2 nya? di dpn cassie? sender kaget bgt,fear
6839,anjrit gue lagi sedih baca ini malah gajadi sedih,sad
10752,"karena ramai banget soal kolbuk, aku jadi panik dan ngeri",fear
1564,"hi kak, mohon maaf terkait kendalanya. terkait kendala tersebut, untuk saat ini kami tidak dibekali informasi tersebut. apabila ada kendala lain jangan ragu untuk menghubungi kami ya kak. terima kasih ^wh",fear
1782,"i want to ask as bvyer klo kita dm minta pl dan over bvdget kita boleh ngabarin ""maaf ya kak over bvdget"" gitu gak sih? takut gak enak.. atau ada saran kalimat lain buat blsnya?",fear
843,anjirr ini akun gilak bego dongo bikin gw kaget aja,anger
11772,"waw filmnya bagus banget, gw suka banget sama dialognya seohyun, makin ditonton makin suka. film ini ngasih tau tentang bdsm, consent relationships & sexual harassment. jujur gw ga expect akan semenarik ini dan ngira paling gw bakal bosen di 30 menit pertama",love
7110,"jangan menyerah kak, selalu semangat, pasti bisa, good luck",joy
904,"rambut rontok, depresi, gila, overthinking, kangen keluarga, ngerasa hancur sm hidup skrg, gabsa ngejalanin semua skrg. hancur semuanya, gak kuat ngelewatin nya. kenapa segampang ini km hancurin hidup orang? dan skrg km bahagia diatas hancurnya hidupku sendiri disini?",anger
3494,happy bbovely dayy!! selamat bertambah usia teteh cantikku park bo young meski wajahnya tetap tidak menuaa.. ditunggu projek2 lainnya __ (fotonya rada ngiklan tapi suka banget sama foto ini),love
12186,"gue suka banget sama logo dan warna dasarnya Flash Coffee, gue selalu suka datengin, makanannya juga enak",love
8144,"si denise udah lama ga ada kabar. lagu day6 yg di covernya bikin aku nangis, sayang banget",sad
1547,takut banget..,fear
10508,"aku takut tenggelam di lautan luka, rasanya aku berada di tengah laut yang terlalu dalam, aku takut tenggelam di sana",fear
2080,"mjb, yanfei bisa, enak banget malah",joy
9617,"kalo aku yang kau benci, ya aku nggak peduli, gak akan mengubah apa pun",anger
10005,rasanya pengen beli pc baru lagi tapi aku khawatir jadi boros,fear
7157,"jangan sedih ya, semangat dong, ayo bersyukur",joy
3985,"gak tau, tapi aku suka banget tatapn nate(?) di sini",love
10459,"ga mau maluk takut dosa, ga mau gak maluk mubadzir, astaghfirullah ya bestie",fear
8470,"emang belom kirim paketku, udah dari dua hari lalu mesen, meni sedih ih asa lilaa:(",sad
9140,"gemes deh, fiel jelek banget, mleyotin orang, ngajak gelut, aneh…",anger
9241,"gemes deh ujung-ujungnya jadi bangkai, duit aja yang buang-buang, proyek2 yang dibikin gak ada yang sukses. Mau tambol tapi keterusan",anger
10317,"ketemu ex di tlp biasa aja, tapi ketemu di dalem hati rasanya panik",fear
4677,kalo ke upgrade sendiri kayanya nanti bisa balik kaya biasa lagi. coba clear data?,neutral
6533,sy kmrn kecewa dukung ps di tps kini..semua sudah terbuka jati diri yg sebenarnya.,sad
3820,"lagi suka banget dengerin lagu memories-nya one piece, apalagi kalo tau artinya",love
5209,padahal fans secret number sendiri aja sebagian besar benci vine ent. keliatan banget kayak gak ada tegas-tegasnya mengurus artis atau mengklarifikasi berita.,neutral
2646,"soalnya my biggest mistake utbk kemarin aku hopeless duluan, terlalu banyak kekhawatiran kalo aku ga lolos dan itu bikin ga fokus ga enjoy yaa kekhawatiran itu beneran terjadi taun kemarin wkwk semangat buat sendernya ya!! pasti bisaa!!",joy
7095,"seneng bgt denger pasangan mertua ibuku adalah guru kimia favorit aku, suka kimia karena ibuknya baik, sabar dan enak banget ngajarnya",joy
9646,"lo bener2 jahat, aku ngga suka sama lo",anger
9233,"kometu bangsat semua, ngeri aja baca",anger
256,"jangan buat gua spill lu di rl ya njir, gua udh sabar udh hps twt udh ganti username tapi lu kayaknya emg nyari ribut sm gua ya cwek bangsat",anger
8300,"ya kan yang kuburu jadi rebutan? Jangan sedih yah, seharusnya kita bersyukur karena Allah memberikan yang terbaik untuk kita. Jangan pernah lagi mengambil yang gampang, karena itu tidak baik untuk diri kita.",sad
9546,"ga usah pake waktu lu gue, gue ga mau lagi",anger
4350,"satu hal lain yang kami rasa perlu untuk dibahas, adalah sebuah agenda 'politik' yang dihadirkan dalam plot film yang begitu kentara dan terlihat jelas dari awal hingga akhir film. kami pribadi sih tidak terlalu ambil pusing, dan lebih memilih menikmati filmnya saja",neutral
8885,"jadi cinta mas crush aku, tapi dia malah jadian sama teman aku, aku ga bisa menerima hal ini, aku sedih bgt",sad
12061,"cintanya ke pacarnya udah bener-bener ngedumel, pukisnya kalo lagi di kantor, pake senyum kalo di depan, kalo di belakang tuh pake pukis penuh perhatian, aslinya tuh penuh banget sama perhatian",love
5923,sepi euy,neutral
6365,pagi-pagi sedih karena dari tadi ngegambar tapi hasilnya aneh semua wkwkw /tertawa miris/,sad
9749,ga abis abis aku benci kau,anger
2155,"selamat pagi mbak,salam sehat penuh semangat dan selamat beraktivitas selamat berakhir pekan",joy
9201,"hahah aku marah dan harus kena, tapi aku tak marah, aku tak marah, aku tak marah",anger
12377,"aku suka banget sama drama ini, ceritanya seru banget. tapi sayang endingnya ga jelas",love
6685,sedih blm dikabarin sama ayangk,sad
3715,"silahkan, nggak usah ditanya karena aku suka baca tulisan btari. cantik banget",love
4057,selamat pagi taehyung. aku mencintaimu. kabarku baik baik saja. apakah kamu sudah makan?,love
10449,"niatan mau nonton kukira kau rumah, tapi jadi takut jadi ga jalan",fear
10440,"geli deh, gw terus lupa mau curhat ke mereka, tp mereka tempat gw curhat, serius",fear
3622,"si jleg, anaknya random banget, baikk, kadang emosian, galak, sibuk bngtt, bucin, pengertian, ramah, friendly bangtt, suka ngetik huek dah gitu pokoknya :b",love
5648,"kayanya dlu gua suka honeystar deh, udh lama banget ga makan cereal",neutral
7111,"aku suka banget film bulgasal, gak cuma ceritanya yang seru tapi juga hubungan antar manusia, bikin happy bgt",joy
6403,pagi pagi sedih,sad
3102,"mamakku itu, emang cantik banget mamaku dulu mamaku suka porotin duit cowok wkwk sekarang alhamdulillah tidak mendukung ke anaknya",joy
558,"kayaknya netizen di tiktok, jauh lebih tolol dibanding netizen sosmed lain deh",anger
7865,"gemes deh, aku buncit dan pacarku malah suka banget. dia suka cubit2 perutku kalo lagi motoran",joy
12125,"keren banget nih mark, so sweet dan cool. aku suka banget sama stylenya, cocok banget sama dirinya",love
1436,panik panik ada yg panik,fear
507,"hdeuu gw marah yhh tempe digituin, pdhl tempe makanan terenak dimuka bumi inie",anger
5275,"jual app premium dari netflix, spotify, disney+, viu, iqiyi, wetv, youtube, hbo go dll harian bulanan payment via ovo, gopay, spay, dana full garansi affordable price trusted 1oo% jangan ragu buat tanya dan dm ya!",neutral
4472,denger kabar kageyama jualan baju koko ditanah abang,neutral
1869,takut - takut,fear
5663,njir dlu gue suka banget baca komik. ga tau pokoknya banyak dlu mah.. tp komik yang seri nya dikit,neutral
7104,aku suka banget kalo denger musik wagakki band.,joy
5930,"jangan kesal klo dia masih bisa bawel u/ ngingetin km, justru km harusnya sedih klo dia udh ga pernah bawel dan ga pernah ngingetin km lagi.",neutral
8797,"dulu suka banget sama jajanan pasar, jajanin dawet, cenil, pecel, jamu dan banyak lagi jajanan pasar.. kangenn banget.. sekarang udh gapunya mbah putri .. swargi langgeng mbah",sad
755,"iy anjink ngakakk sampe kudu menampar diri sendiri trs kek hidup lo, bego ",anger
8176,"mata-mata ini terlihat tidak ceria, rasanya sedih",sad
2339,"aamiin semangat yaa, tim arkeolog juga nihh",joy
4050,"aku sangat mencintaimu. aku harus melakukan ini, karena aku ngga ingin melihat kebahagiaanmu terhalang oleh ku, semoga kamu bahagia bersamnya.. aku akan tetap menyimpan cintaku terhadapmu, Ily",love
8292,"ngga kuat aja, Denise kapan lagi ada konser di sini",sad
3836,"haechan ini setiap fansign pasti ada aja gombalannya. manis bgt emang orangnya, semuanya aja dikasih kata-kata yang bikin iri. bener-bener deh suka banget godain orang.",love
4386,tentu saja,neutral
6332,dia macam sedih / strees sbb xde duit tau. tah la,sad
9079,"jengkel banget sama tetangga yang baik dan keren banget tapi ternyata nyari uang dari investor bodong, jadi takut juga, banyak yang datang ke rumah dan meminta informasi, malesin aja ya anjir",anger
6621,pasar lagi sepi :(,sad
2118,"orangtua kita selalu bahagia melihat kita, selalu tercurah kasih sayangnya buat kita tanpa batas..",joy
9704,"siapa sih yang mau dimarahin, aja lah mau jadi pembalasan",anger
729,"manusia bodoh, sm anak kecil aja begitu. kalo gk suka yaudah tinggal skip. jgn rasis gitu, hadeehh setan setan, itu yg komentar pasti lebih serem dri setan",anger
501,"nyenye nye, cowok sekarang banyak yang bangsat",anger
12246,"emang baju-bajunya kaya ngga ada tuh yang aku pakai. kalau di kasihin ke orang, aku ngerasa sayang nanti juga dipake lagi. padahal yang dipake ya itu-itu aja",love
643,"hadehh, bego bgt dah",anger
7921,"aku terharu melihat para pahlawan kita yang sebenarnya, mereka bukanlah yang kita duga",sad
1539,takut banget,fear
8939,"klo lockey sedih, yg paling sedih itu kita yg harus kehilangan denise. klo lockey kecewa, yg paling kecewa itu kita yg harus kehilangan denise. klo lockey kecewa, yg paling kecewa itu kita yg harus kehilangan denise. klo lockey kecewa, yg paling kecewa itu kita yg harus kehilangan denise. klo lockey kecewa, yg paling kecewa itu kita yg harus kehilangan denise. klo lockey kecewa, yg p",sad
1211,"ga ada waktu, apa takut ada mata2 ww",fear
9294,"cuy, apa yang dibicarakan tentangku, kau bikin kesal!",anger
11482,"exfo serum emang seru, tp somethinc memang bikin jatuh cinta",love
672,"begini nih kalau punya netizen goblok banget! ini bahas bola apa mau bahas tentang apa?! emang lazio gak di roma?! pinter dikit kenapa? apa harus semua di jelaskan sejelas jelasnya?! kalau kagak paham diem, jgn norak! kalau bilang lazio ibukota prancis nahh protes gpp. tolol.",anger
4915,"apa saja sih masalah kota ini, kok suram banget kayaknya",neutral
6106,kecewa,sad
6887,satu hal yang saya benci; terlambat menyayangi seseorang.,sad
3377,love banget ama doiii,love
4476,respect sama mu mampu nahan tim tebaik bornmounth adu penalti saja wkwk,neutral
5615,beliin mama rukuh biar semangat ibadah njoo,neutral
11068,"ngeri bgt, bgt ga enak rasanya",fear
1464,"minta tolong unit barunya lgsg dipasangin semuanya sm dicek flashnya bisa atau engga udh worry aja dari awal beli takut ada apa2 makanya smpe gosend instant taunya bener aja kena apes, untung sellernya baik mau ganti unit baru",fear
4745,"bukan ranah bin. kecuali mau ditertawakan, silakan saja.",neutral
11232,"gue suka banget liat dia bergerak, bikin jatuh cinta",love
1192,ihh kaget tiba2 ada comback lagii ihh ya ampun sampe hiatus,fear
3793,suka banget asli deh ungu ungu gini aa,love
1872,ini gegara sebelom tidur gw panik akun ltmpt panik jurusan kuliah,fear
3590,"dua-duanya, asalkan coklatnya ga manis banget aku suka.",love
6360,sedih bangett :(,sad
3158,alhamdulillah jim kamu udah sehat jangan lupa kasih kabar ke army ya ?,joy
10168,"bangun pagi telat banget, ngeri rasanya kalo telat sekolah, setelah inget kelasnya jam 12.40, tenang aja, ga ada yang nangis",fear
505,"di anyara anggota dki, aku pingin macarin model kasino marah aja lucu sewotnya, apalagi pas ngerayu cewek",anger
243,lagii rame kalo suami boleh pukul istri yaa. kalo pukul bercanda ga bikin lebam aku sih biasa ajaa tp aku tipe org yg gasuka disakitin jd kalo aku dipukul kupukul balik soalnya sayah semasa hidup gapernah pukul aku marah aja ga pernah krn ak anak satu2nya,anger
6719,ko sedih,sad
5678,keringet itu reaksi tubuh yang normal dan gak bisa kita kontrol ini peraturan nyusahin banget terutama buat orang yang gampang keringetan kayak aku. lagi duduk diem aja suka keringetan. makanya pas istirahat banyak yang lebih milih duduk diem aja biar gak keringetan wkwk,neutral
506,"benci bgt liat seorang profesional begini, keliatan bgt tukang nyinyir. emg di kedokteran gak ada kode etik yang mengatur tentang etika bersosmed ya?",anger
10298,"aku takut ketemu orang berzodiak aquarius, kenapa sih aku malah sering kena sakit hati dari mereka",fear
6501,sedih ditinggal pendidikan,sad
9338,"udah ga mood dari pagi, pas main ml jadi emosi aja",anger
7058,a”luar biasa banget :( kadang suka iri sama anak ipa 3 dulu kenapa bisa ambis dan kompak secara bersamaan :( anak kelas gue malah berkelompok mulu kalo apa-apa jadinya males :(,sad
4717,"baru saja mengirim foto brebes, jawa tengah, indonesia",neutral
6222,"innalillahi wainna ilaihi rojiun semoga almarhumah ibu diterima amal baik nya dan diampuni segala kekhilafannya yang sabar ya jayen,pasti sangat sedih kehilangan orang tua.",sad
7348,"akhirnya aku bisa tweet lagi! semoga sinyal tetep baik-baik saja, dan semangat untuk hari ini!",joy
7947,rasanya jadi sepi dan hampa pas udah drop aja. apa artinya?,sad
11658,enak banget buat aku yang suka klepon dan cinta mati sama eskrim,love
1773,"ini belum mulai dm, udah mules takut di block.",fear
6861,"emg saya ateis? saya kan pemuja fol ges. coba jelasin secara rinci ateis yg ga abal2 itu gimana kalo kamu emg pakar ateis, kalo kamu gabisa jawab pasti kamu bakal ngatain saya cewe bego kayak tadi:(",sad
3010,"ada jg razia yg ga upacara. pas kelas 8 pernah sekali sok sakit jd stay di kelas sm 3 preman kelas tp ketauan gt trs pas disuruh turun ke lapangan, 2 org lain jalan jongkok supaya ga keliatan (kelas w lt 2) dan w sm yg satunya lg jalan biasa trs dikira bolos buat pacaran ajg malu kawkawkawkkakawkka",joy
7819,"happy jadi aku ga mau di ganggu, jangan sampe bikin moodku berubah",joy
10286,"bingung mau positif gimana, takut ceweknya jadi iri gitu, masalahnya aku bukan Jennie",fear
797,dijamin emosi,anger
3618,"good day cantik! selamat pagi, udah sarapan belum? aku udah makan tahu bulet tadi sama sotong, enak banget deh, kamu suka ga? suka aku maksudnya :p kamu cari yang bisa pda? pas banget all packages punya aku udah inc pda, karena emang ini anaknya bucin puoll",love
2381,"allahumma sholli ala sayyidina muhammad semoga hari ini penuh keberkahan untuk kita semua, pekerjaan dan diperlancar rezekinya semangat pagi",joy
2829,semangat pagiku bocil,joy
9955,"wong gue jawab salah gue dikatain nyontek, gue jawab benar gue dikatain nyontek. oalah, gue dipanggil banci gue dipanggil debat karo banci. gue isin wakak",anger
12046,"aku sayang jimin, selalu khawatirin dia, jangan lupa makan ya, makan nasi jangan makan rameyon",love
11010,"kaget banget nih, gambar yang dizoom itu keren banget",fear
4633,"ml! tadi main brawl bingung, kok valentina dari awal sampai akhir nggak copy hero musuh yah, ternyata buildnya ngaco. ini pasti gara-gara liat video toktok yang ngide pake hero mage tapi build mm. udah berkali-kali ketemu di ingame yang kek gini, pantes saja di loading",neutral
312,"halah hidup kok cuma modal kontol tapi pengen cewek banyak, berlindung dibawah sunah rosul. nih nabi yg denger pernyataan lo kayak gini nangis anjir, sesat bangsat! belajar agama boleh, tapi jangan sampe mabok kayak org ini ya teman.",anger
6510,dimana-mana kamu dimana gatau dimana sedih gaada dimana-mana,sad
746,"kenapa w benci bgt ptm di saat kayak gini, krn adek udah mulai ptm, dan dapet kabar temen2 sekolah nya pada sakit massal, banyak yg sakit, gatau apakah emang c word or not, yang jelas adek w juga tiba2 sakit dan ya w berasumsi awalnya dari sekolahnya",anger
3569,"beri aku 1 cwo suka kpop, wibu, anak it akan ku sayang sepenuh hati",love
790,ekspresif marah di tl iya ke temen juga iyaa,anger
2476,"oalah, semangat bi",joy
6120,"sejak hari itu, ga ada satu orang pun yang gw percaya lagi. teman, sahabat, saudara, orang tua bukan orang yang tepat buat gw cerita segala senang, sedih, bahagia maupun susah gw. bahkan tuhan pun sepertinya enggan gw jadiin tempat mengadu.",sad
7623,"matur nuh, selamat liburan, semoga sehat dan bahagia ya",joy
11747,"jadi cerita, dulu aku pernah ditembak nih, dia mau bawa teman-temannya juga, dia punya niatan untuk bawaku cokelat, dia tau kalo aku suka cokelat",love
2570,ih enak bgt aa mau jg,joy
5753,"usaha banget cari duit.. btw yg jajan di kantor ku suka gitu pas misal gak masuk apa gk jajan maksa gitu nitip2in jajan .. akhir nya besok nya tak bilangin .. ""besok2 jangan gitu ya.. soalnya emang lagi gk pengn jajan.. """,neutral
8314,"jadi kesian bgt, ternyata ngekos sendirian ga seenak yg aku bayangkan, mending ada temen kamarnya jadi enak ada temen ngobrol",sad
10887,"aku boleh jatuh cinta lagi? takut dibilang sasimo, nih",fear
6448,jgn gt nmbh sedih nie,sad
5599,jangan lupa bahagia,neutral
9213,"dia call, siap-siap aku akan dihukum. Tak ada uang, hutang tak tahu",anger
4355,"baru saja diresmikan presiden jokowi waduk pidekso giriwoyo wonogiri menelan korban, seorang bocah tenggelam terperosok ke dalam bekas galian sedalam hampir 2 meter",neutral
2163,nggak dong~ aku beli loyang 14cm 1 biji juga kemarin wkwkwkwkwk sempet mau beli yang 14 itu 2 sekalian kan enak kl mau kasih incip tetangga. tp nggak jadi beli 2 jadi besok gak bisa langsung ngovennya,joy
9248,"hatiku penuh dengan pikiran negatif, ga abis pikir",anger
9068,"rame banget mall, kenapa semua orang pergi ke mall hari sabtu minggu aja sekalian. gemes deh parkirannya, susah sekali.",anger
380,"padahal de gea baru dapet penghargaan, udah dibuat sedih lagi sama tim tolol",anger
11463,"anakku suka nyanyi, aku sayang banget sama dia",love
1292,beuhh kaget,fear
1912,plis yah gua tuh benci bgt kalo udh rapi tapi tiba tiba kebelet berak,fear
10388,"ga bisa dihindari lagi, ga bisa sembunyi, ga bisa dibilangin kalo tau, akhirnya ketahuan juga",fear
599,udah lah lu tuh bodoh jadi mereka ngira lu nyogok gitu aja,anger
3892,"waktu aku mulai tau, kalau ternyata dahyun twice aslinya tenang dan misterius banget.. padahal awal aku stan twice karena dia, dan ngiranya dia bobrok abiess tapi gapapa sih tetep sayang",love
4141,"tahajud, dhuha tiap hari aja powernya di aku udah luar biasa nder",neutral
5540,"dulu pake pinguin, beli merek yg ad tasnya aja gitu. bei yg ponco aja lebih enak dinpake",neutral
1652,"enaknya tuh makan bakso makji soalnya dari pagi hujan terus pengen beli makan tapi takut tiba"" hujan deres lagi",fear
3634,"film ini cinematographynya cantik banget, ngga kuning kayak film jepang biasanya wkwk. ceritanya termasuk 'ringan' menurutku, yang bikin aku suka sama film ini yaitu bagian theatrenya keren banget asli 8/10. ah, btw ini adegan 18+nya ya",love
6795,"hwaa denisee!! sedih sih, tapi yg terbaik buat denise dan semoga sukses untuk kedepannya ya. kamu sangat berbakat denise",sad
9923,"gemes deh di tempat kejadian itu ga ada yang mau nolong abang, dia telepon ke bunda, pada nolong perempuan itu, dia cantik apa dia, dia yg ditolong duluan, abang gue kakeknya robek aja gk ditolong",anger
1893,"jujur gue juga panik, bikin keinget rasa sakitnya kayak apa selama 3 minggu :(",fear
1944,sumpah bukannya gue ga nyaman cuman gue takut malah suka sama lo kenapa lo ga peka sih kak gue jadi lebih diem tuh biar gue ga jatuh lebih jauh,fear
3395,"ya allah gw cinta banget sama ss501 high quality vocal mereka, lagu""nya catchy dan lumayan gampang pelafalannya buat dinyanyiin org indo variety show nya jg lucu"" menghibur bgt paling suka let me be the one, all my love for u acapella nya",love
3388,what if abey ngebucinin karakter fiksi/anime/film yang dia suka banget terus mr perfectly fine jealous,love
6502,"aku meriang jadi ga nonton juga, sedih:(",sad
4362,kuncinya satu perjuangan atas nama bangsa dan negara atau atas nama pemimpin atau partai itu saja. tetap fokus pada perjuangan menjaga nkri gak usah masuk kekonflik kepentingan itu kuncinya. tenang saja org gak mau pak jokowi turun ganti nya itu ngeri2 sedap.,neutral
12573,"kemarin malam aku sehat, tidur pun pulas. Tapi tadi malam badan aku sakit banget, susah tidur. Akhirnya aku bisa tidur pas subuh, tapi jam 6 malah ada yang menghubungi aku",neutral
375,padahal kubu kamu juga buat naik daun kan anis rakyat juga gak bodoh tolol,anger
1966,"iya, sering. terus, suka mikir, ""ada berapa bayi yang lahir hari ini, ya?"" random banget njir gue :"""")",fear
3957,tipu lah kalau i tak rindu guy yang suka buat lovebite dekat tits i,love
6195,"setuju, padal aku termasuk orang yg kepo bgt sama ayato pas tahu ayato ke leaks duluan jadi kek kecewa dan ga excited lagi sama ayato mending drip marketingnya dari mihoyo langsung..",sad
11052,"gak yakin apa yang akan terjadi hari ini, panik banget",fear
4423,ada dunia yang lebih indah walau kecil didalam semesta yang luar biasa ini,neutral
5351,jangan takut aku ga gigit kok,neutral
5696,tentastic! halo unis aku mau nanya boleh? kalo emoticon (?) ptg apa ya? soalnya aku kadang suka bingung kalo ada update gitu aku masih baru banget jadi gak tau huhu tia!,neutral
1243,"mon maap tapi sy ngerekam nya ga niat malu bah, jelek bgt wajah sy :'",fear
8719,"mama, maafkan aku. aku sayang banget kamu. aku merasa kamu tidak melindungi aku dengan baik. aku terlalu sibuk dengan pekerjaan. maafkan aku. sembuhlah cepat, meskipun aku demam, tapi aku merasa seperti tidak demam. tapi malam ini aku melihat kamu seperti itu, aku sangat sedih",sad
10152,"aku gak bisa duduk tenang nih, ngeri gitu",fear
11711,"aku suka sama sunwoo, tapi dia ga pernah ngegues sama aku. Aku suka sama eric, tapi dia ga pernah ngegues sama aku. Aku suka sama hakyeon, tapi dia ga pernah ngegues sama aku. Aku suka sama lu, tapi lu ga pernah ngegues sama aku. Aku suka sama hmz, tapi dia ga pernah ngegues sama aku. Aku suka sama siapa aja, tapi dia ga pernah ngegues sama aku.",love
941,"friendlyy banget ofc ke cewe, playing victim, suka bgt umbar - umbar dia lagi deket sm cewe lain ke gue, mksdnya apa ya kak? suka gedeg gue tuh",anger
9006,"cek cek cek, apa yg kau maksud? gimana sih lu ngeliat aja gitu",anger
1471,"ada sapol juga tapi takut tiba"" yong drop sesuatu:'))",fear
3346,"kadang suka mikir kenapa ada orang ky mama. mertuanya toxic banget suka adu domba tapi beliau ga pernah benci. kalo punya uang, beliau suka pake buat beli makanan dan satu keluarga harus ngerasain. mau dibikin nangis ky gimanapun beliau tetp sayang.",love
4522,"kalah udh biasa , menang kaget",neutral
2657,mengeluh bukan berarti menyerah kok semangat,joy
2853,semangat abang,joy
4506,"kadrun ngebet bener mau melengserkan jokowi. yang gak bisa kerja serta jelas2 membuat situasi dki morat-marit saja gak bisa lengser, apalagi presiden yang berprestasi dan yang menetapkan standard baru bagi pemimpin nkri.",neutral
11940,"kokomi, yang sebelumnya aku benci banget, kini mulai digunakan banyak orang di abyss, aku tertarik untuk mencoba juga wkwk",love
11311,"hi taehyung, aku cinta kamu. kalo kamu punya masalah, boleh nanya, kan aku selalu ada. aku tanya, kamu udah makan belum?",love
12316,"suka banget film romantis, pengen nonton bareng ama si dia. tapi udah ga punya partner lagi, ya ngajak temen? ga, dia juga udah punya pasangan. jadi gimana ya? ya, gue nonton sendiri aja",love
4045,"asaa i lop yu pul monyetku cakepku, sehat-sehat asaa aku cinta kamu really so sangat-sangatt, bahagia terus asaa",love
8211,"ngeliat adekku main genshin sama ps, dia nyeritain soal gamenya panjang lebar pake bahasa inggris tapi aku cuma ohh hahah iyakah? gangerti soalnya anjir berasa bodoh level akhir",sad
4062,"kami menyayangi jimin, selalu khawatir dengan kesehatannya, selalu sehat dan baik2 saja, makan teratur, makan nasi jangan makan rameyon, ya",love
5326,"menurutku ya secara acting dah ga diraguin lagi ya si prilly, dapet pesannya juga kok. cuman dr segi alur agak gak pas. bikin kaget kenapa bisa begini/begitu, akhirannya agak gantung juga. 7,5/100.",neutral
12440,"aku suka banget sama mie goreng ayam bawang, maknyus bgt",love
6578,aku jg sedih,sad
9990,"biasanya aku yang ngejalanin, tapi kadang aku jadi takut, ngerasa keluarga aku malu",fear
11159,"sedih banget aku dapet notifikasi itu, ngeri banget",fear
4306,agus andrianto menduga berdirinya kerangkeng seluas sekitar 6x6 meter selama 10 tahun itu dibekingi organisasi kemasyarakatan dan pemuda (okp). kita sebut saja pp.,neutral
9401,"ayo kita bicara, nanti kalo ga sejalan aku bisa marah, tapi jangan lupa aku emosi aja.",anger
5139,"salah satu manfaat revenge kill them with kindessâ adalah gaperlu musuhan, ga perlu cape marah marah, ada saatnya mereka see your worth and come to you.",neutral
7768,"aku suka yang cepet-cpet, makasih ya! jangan bosenin kasih aku makanan dan kawan-kawannya",joy
9703,"waduh, aku emang udah ngakak kelelahan, ini gue ga ketolol aja, tapi udah ga ketolong",anger
298,bisaa dong yah! jgn bikin emosi dulu pagi-pagi !!,anger
3990,sunwoo ga peka itu kuncinya jadi sabar ya eric kedua hakyeon sayang ga gitu konsepnya tapi ya giman ya kalau kamu ngomong sepolos itu jadinya gemes ketiga apakah lu ga sadar sih nu lu tuh suka sama eric tapi lu sikapnya kayak hmz sekali,love
1049,"di rl sering banget nemu model cwo begini, bucin sma istrinya pamer ke mesraan di sosmed jadi udh biasa liat cwo model begini, tau"" pny simpenan dan suka check in sm cwe lain makanya smpe skrg susah banget percaya sma namanya laki-laki apa masih ada cwo yg tulus dan setia",anger
10285,"ga sabar nungguin yangti turun tangan, cuman aku khawatir ga bisa berbuat apa-apa",fear
3823,"oh jadi gitu ya army harus banget wajib banget suka semuanya, padahal setiap orang punya kriteria idolanya masing masing mengejutkan ya",love
8347,"kok nyesel banget, padahal udah berusaha",sad
10087,"ah, aku selalu takut deh, kalau nggak punya ld",fear
2035,ni nhapa sepi amat dah ngerii,fear
4039,"denger kamu kecelakaan kaget banget, dan khawatir bagaimana keadaan kamu. aku nggak tau seberapa sakit kamu menghadapi ini semua, tapi percayalah kami selalu ada disampingmu i love you bunny",love
8861,"aku hanya bisa mengagumimu, senang padamu dalam diam, dan sungguh mencintaimu. Karena untuk memiliki kamu adalah mustahil.",sad
8236,"jam segitu udah bangun, aku sedih bgt ya",sad
11782,"cewek itu suka menutupi masalahnya, dia gak mau ngerusak hubungannya dengan orang yang dia sayang, dia gak mau bikin mereka khawatir atau bingung",love
1972,mbakk.. aku kalo jadi kamu bakalan malu banget sihh coba bikin statement permintaan maaf dulu trus abis itu rest hehe tp semoga ga blunder lagi ya soalnya aku liat tweet kamu akhir2 ini suka blunder,fear
7602,"seneng bgt liat semangat orang2, terus bersemangat",joy
2099,"wow sangat berbeda hahah, semoga hari sabtunya ikutan cerah juga",joy
1499,"sumpah wak malu bgt. niat utk praktek efek deterjen ke ikan, lah ikan nya malah loncat dari wadahnya. gw refleks kaget dong, anjir jadi bahan tertawaan murid mana muridnya yg udah gede2 lagi",fear
5205,orang islam gk butuh orang bodoh.,neutral
3512,gue suka banget liat pergerakannya dah,love
6947,"enak bgt pjj, aku ptm:((",sad
8822,"ayo, biarkan mereka hancur sendiri, aku ga perlu khawatir",sad
652,"kenapa sih, dapat yg tulus maunya yg brengsek bodoh",anger
170,asli asli tolol bat gw yaampun,anger
6828,"nyesek dipendem, kangen dipendem, cemburu juga dipendem, kecewa dipendem, bahkan nangis juga dipendem..sampe sakit dada :')",sad
4085,"pagi ruby, apa kabar?",neutral
242,hukum bangsat hanya buat bangsat !,anger
9936,"ga suka mu ngegantangin aku di grup WA, ntar aku ngerjain mu",anger
5798,kenapa hati mu lagi sepi ? ya karna kalau rame lanjut part 2,neutral
11808,"thank you! aku kecanduan exo, dan aku suka sama kyungsoo, aku berharap ada rezeki untuk bisa ikut konser exo",love
4371,aku ini multi talenan karna ketutup sm rasa malas saja jd nya tidak terlihat bakatku,neutral
1644,tapi takut ketuaan juga di jalan ya kan wkwk walaupun gue wfh selamanya,fear
6355,sedih,sad
5594,"maksutt? bukannya malah enak kalo ada pc yaa, bisa ku kolek, kalo station brrti gaada album n pc nya?",neutral
2756,"selamat pagi kk ku,tetap semangat dan ceria kita ya kak",joy
5794,"mrk 6:31 lalu ia berkata kepada mereka: ""marilah ke tempat yang sunyi, supaya kita sendirian, dan beristirahatlah seketika!"" sebab memang begitu banyaknya orang yang datang dan yang pergi, sehingga makanpun mereka tidak sempat. -- jangan lupa sarapan. selamat pagi.",neutral
8027,"aku kecewa banget sama desainnya ayangto, beda banget sama yang lain",sad
9697,"apa lagi dah, mesti keluarkan statemen minta maaf, ga abis pikir. hehe",anger
9466,"selamat pagi, bawa kisah kebodohan seseorang yang memang pantas dikatain bego, saya anjir ga sanggup lagi",anger
8639,baru kali ini aku nggak bisa keluar rumah beberapa hari karena sakit. hari sebelumnya karena nggak ada yang perlu dilakukan.,sad
5231,aku masih megang cs juga (buka preloved buku) dan suka dapat pertanyaan detail kaya gini meski mereka gajadi beli. awal-awal agak males sih tapi makin kesini aku sadar juga karena zaman sekarang banyak yang jual barang palsu dgn harga normal. jadi penjual emang harus sabar,neutral
2076,"semangaatt kak! buat ga dengerin kata orang susah banget emang, tapi saya berdoa semoga kakak punya support syatem yg baik. tetap semangat ya kak, semoga lekas sembuh, gbu",joy
4103,"benda paling sakti saat ini bukan nuklir tapi doit..ia bisa do it..do apa saja,,hampir semuanya bisa dibeli..",neutral
12045,"kita nggak peduli siapa yang bilang apa, kita cinta sama kita, kita sayang sama kita",love
3996,"10/10 cuma filmnya yuki kato yg buat gue wajib masuk bioskop, hanya menurut gue dia kurang pintar pilih project. sayang banget aktingnya yg luar biasa itu, berharap yuki bisa main di film yg berkualitas dan di dukung dari semua sisi, suka banget skil akting dia",love
4801,"hidup terlalu singkat jika hanya menyesal. hidup hanya sekali, namun jika digunakan dengan baik, sekali saja cukup!",neutral
5968,secreto ku sepi yh setelah ak ga update au:d,neutral
7717,"semangat yaa hari ini, kita pantas bahagia, jgn lupa sarapan yaa",joy
7801,"seneng bgt, cerah aja gaes",joy
10329,"gakut banget gaes, aku takut kecewa",fear
8739,"sedih bgt, jibin nangis di rooftop, nyesel, bye bye",sad
7669,"pagi yang happy, seneng banget rasanya",joy
11804,"aku suka banget sama kamu, gak bisa hidup tanpa kamu",love
7549,"semangat semangat ya, interviewnya nanti jangan lupa",joy
6754,sedih aku tuh melihatnya,sad
8360,"emang pendek bgt ya, klo ga buka ig kadang notif live masuk bikin sedih",sad
5849,"jangan sedih ,, indonesia merdeka itu karna bersatu bukan berdua..",neutral
7336,"aku ga mau dengar omongan orang, aku malah mau baper deh, aku mau yang dijamin puas hati. Kalau kamu mau puas hati, kamu ga akan puas kan? Karena manusia ga pernah puas.",joy
12041,"aku suka banget sama lagu2nya, langit biru selalu indah di sana",love
10469,"takut kecewa, ga mau coba-coba dulu",fear
4661,daftarkan diri kaka buat raih kesempatan menang puluhan juta cukup modal 10.00 saja !! daftarnya bisa pakai rekening apapun tanpa dipungut biaya admin!! untuk daftar klik link disini ya,neutral
4078,apa kabar dunia twitter ? masihkah selucu dan seabsurd dulu ?,neutral
6054,"akun wayv sepi, akun w jdi ikutan sepi dh jrang ngetweet",neutral
12026,"mamaku cantik tapi ga punya pacar, kakak gemes, aku gak ada yang naksir, sibuk sama cinta cowok kpop",love
5974,selamat pagi mih dede fatih dah bs selfi donk pake hp de ahma ne lagi mau ucapin selamat pagi ah ma . tetap jadi orang yg humble ya ahma. tetap jadi org yg bahagia sebab setan itu datang dari perasaan tertekan dan sedih sekian tausiah dede fatih,neutral
640,lu berdua sodaraan tp lg flirty tolol gini aku yg stress,anger
1270,jd malu trims,fear
7307,"lihat orang lain bahagia di relationship, jadi aku pengen",joy
2778,kudu semangat,joy
4603,muda sih tp tao cocok saja,neutral
4932,"foto ootd yang aesthetic bisa dimana saja, tantri namirah tampil kece di depan warung dan bengkel",neutral
6060,"kalo gigit bibir termasuk ga sih kak? ky aku kalo lagi emosi, lagi sedih, tu bawaannya gigit bibir bagian bawah sampe rasanya kebas gitu, pernah saking kencengnya takut sobek",neutral
1985,"terus tadi gue sempet stalk ig nya gitu terus lo tau?? gue ga sengaja click like anjir demi allah gue langsung ah mau menghilang dari bumi!! terus kalau di sekolah kan suka papasan gitu gue suka pengen nyapa tapi takut, duh gimana ya cara kenalan nya? kasih tips dong",fear
3861,"kaya suka banget mikir ""gimana ya kalo grup a pake cb ini?"" ""grub b keknya cocok deh pake konsep kaya gini."" dan pls ingin gue wujudkan",love
3480,"siapa nih yg ketagihan nonton all of us are dead (2021) di netflix? walaupun takut, tapi rasanya kenapa ya gak bisa berhenti nonton? kenapa ya kita suka banget nonton film horor? ternyata ada alasan ilmiahnya, lho! yuk, kepoin di sini",love
1534,takut ga bisa makan,fear
325,"eh tiba tiba si a ini masuk jadi kelompok aku, aku yg emng agak punya dendam *maaf ya allah* kaya dih apasih, udah mah dia bawa kating tanpa ngasih tau ke aku dan temen aku t lagi",anger
5764,"nnti kasih tau aku via dm yaa klo km udh follow akunku, masalahnya kdg aku suka gatau ada org follow",neutral
2338,butuh ayang biar semangat skripsian,joy
7388,"lanjut tidur deh, enak bgt rasanya",joy
3980,"waktu awal suka banget tuh karena sering dicengi di kokomz perkara gua pasang bio leebit di rp jadi dicengin lee kn*w cubit bgstt padahal itu nama skzoo-nya lino. -,- terus lama kelamaan baper sih gua.. maaf baperan terus confess, ternyata cubit menerima confessan gw.",love
9462,"yang cakap gini ya, tak bodoh kan namanya..",anger
7508,"kaka ngga cuma cantik, dia juga wangi gitu",joy
4054,"selamat pagi, matahariku. kamu memberiku kebahagiaan luar biasa. terima kasih telah menjadi orang paling fenomenal di alam semesta. aku sangat mencintaimu.",love
2237,semangat pagi juga,joy
5229,download video 2021 indonesia terbaru,neutral
9605,"jangan dulu unfollow aku di fb, ya, ingat aku bodoh",anger
4571,biasa didamel teh demi menafkahi diri sendiri,neutral
12286,"pengen belajar lagi deh, karena belajar itu menyenangkan banget, jadi makin penasaran dan pengen belajar lagi",love
5474,"ceria dan bersinar selalu itu aku melody | oshimen melodyjkt48 & officialjkt48 | share info , quiz , games | |",neutral
7562,"keep streaming, guys! Semangat ya",joy
864,kemaren haha hihi haha hihi pas skrg mau simpen permanen portalnya error ajxbsggxhsb panik x kesel,anger
9216,"ahahahaha kamu pasti salah, beneran dong, saya ga paham sama kamu. kamu juga ga tahu ya? hehehehe",anger
4942,"dari sebuah rumah pinggir jalan, seorang pria tua keluar membawa sepiring makanan. aku tidak memperhatikan isinya, lalu ia meletakkannya begitu saja di gang sempit samping rumahnya. tiba-tiba ada yang menghampiri, kira-kira 5-6 ekor. aduh, kalian, apa tidak pakai jaket?",neutral
2253,"makasi kembali ka, semangat pagi ^o^",joy
6010,"wah, timeline saya masih sepi sekali *menyapu timeline*",neutral
6911,"gue tuh emg suka gimik, suka bercanda, tp kalo gue lg serius ya tolong ikutin serius lah ky pls baca situasi juga, masa krn gue suka bercanda lu jd suka hidungmu suka, dari ujung rambutmu sampai ujung kakimu semuanya aku suka, malu 3x ku tapi mau, sedih",sad
8243,"pagi-pagi udah nangis, rasanya kecewa banget",sad
6998,"alay, but pkn. se-gak suka itu aku sama pkn, dan kebetulan dikasih tugasnya banyak banget:')",sad
371,tak sah tak bodoh,anger
9039,"anjeng gw kan puasa, kenapa pada bilang semangat puasa. bikin sakit hati aj",anger
11942,"dulu suka banget sama si pangeran kodok, mantap sih",love
609,kalo boong aku mau marah pokoknya :(,anger
7534,"asli enak banget, ga bakal lupa kesan ini. apalagi ketika mereka desah kencengg",joy
10531,"ngeri, apalagi ga ada yang bisa bantu",fear
10974,"terus terang aku cemaskan, semoga ga kejadian apa-apa",fear
8779,"kenapa ya aku ikut sedih tuh tiap ada member boy/girlgrup keluar, padahal aku bukan bagian fandom",sad
11695,"weekend adalah waktu yang sangat penting, aku suka banget weekend sambil nonton drakor sepuasnya pake indihome ditemenin jajann, kamu gimana bestiiee",love
9841,"waaah, kamu memang nggak tahu diri kamu sendiri. Kamu ini penghina besar, kamu ini penghina besar. Aku jijik banget sama kamu, kamu ini penghina besar. Kamu ini penghina besar, kamu ini penghina besar. Aku jijik banget sama kamu, kamu ini penghina besar. Kamu ini penghina besar, kamu ini penghina besar. Aku jijik banget sama kamu, kamu ini penghina besar. Kamu ini penghina besar, kamu ini penghina besar",anger
12154,"aku cinta dia, aku suka dia, dan aku sangat mencintai dia",love
9490,"pantesan, cowo gini jadi biasa banget",anger
5830,gk tau mau sedih apa seneng,neutral
2364,semangat cii,joy
3213,yey ada kabar baik pagi ini. love you jiminie,joy
5456,dia memberi kekuatan pada yang lemah dan menambah semangat kepada yang tiada berdaya,neutral
911,"dh mbak ga usah dilanjutin debatnya. cowo cuma mikir enak mah, udah mbak stop aja capek ntar. Bikin kesel aj",anger
11382,"aku cinta banget sama kamu, kamu keren banget, aku suka banget sama kamu",love
10983,"anginnya kenceng bgt, aku cemas, ya ampun",fear
3789,"ga semua cewe suka cowo yg ganteng, kadang ada juga cewe suka cowo yg ganteng banget",love
9215,yang mau kasih info gimana dong!?,anger
10604,"anginnya bgt kenceng, ngeri gtu",fear
5581,enak dong,neutral
7507,"semangat yaa, biar bisa lebih baik lagi",joy
9220,"dia ini paling ngeselin banget ke aku, suka banget ngegosipin, tp dia itu jadi andalan para guru, wibu (cuma gak banget), produktif tidak seperti aku, social butterfly banget, gampang akrab sama orang",anger
8809,"sungguh bingung kenapa boyband ini bisa menembak hati, lagu sepi mereka beneran bikin aku sedih, tapi aku tetep sayang sama mereka",sad
5060,c hasya comel ba kan lexi kecil2 macam mira filzah dia konon marah aku disperate sama c merald yang sudah berlalu sudah la kan lexi hasya abang fazlee sudah kerja di jkr kota marudu mungkin jumpa jodoh lagi terbaik dari merald doakan lexi hasya,neutral
6842,"ahaha sedih banget tau gakk, mau sampe kapan gini terus",sad
1423,takut dewasa,fear
12354,"aku jatuh cinta sama mukaku, jadi suka ngeles sama diriku sendiri, padahal aku lagi haid",love
479,"gue kagk,gue suka jedotin cewe gue ke lampu merah karena benci gue lamer lama banget,lbh lama lamer drpd masak mie",anger
662,itu namanya pembodohan.. kok mau ya kdrt dihalalkan demi menutupi aib pria.. ini ustazah bodoh.. bukannya membela kaum perempuan malah memberikan kesempatan pria besar kepala..,anger
7153,"ngopi +pisgor pagi begini bener enaknya, kebayang kalau nggak boleh",joy
6437,"madam ""sedih"" katanya",sad
11304,"cinta kita kayak sejarah, penuh cerita dan suka cita",love
10226,"aku ga mau, cewek itu tabu banget, kecilpun itu masih sensitif, dan jadi kebiasaan kalau di lakukan terus menerus, sumpah ini ngeri banget",fear
2988,"tiba-tiba keinget, dulu pas ospek ada senior yang baik banget sama aku, sampe diajak ngobrol pake bahasanya dia, aku gak ngerti dong, ternyata dia pikir sekolah asalku dari provinsi dia padahal beda haha tapiya tetep baik sih, cuma dia agak malu aja tiap ketemu",joy
1119,"bangke ptmt, kelas gue jadi sepi banget anjir",anger
2776,"d-day aku bener"" berdoa yang terbaik buat kamu, semoga bisa sehat"" dan bahagia selalu, diberi kelancaran dalam setiap hal yang dilakukan.,makasih banget udah terlahir jadi jungmo, yang senyumnya selalu berhasil bikin aku mesem-mesem.,(part 1)",joy
4535,alhamdulillah kabar baik,neutral
11179,gampang gitu banget tapi aku suka banget,love
10670,"oh my god, anginnya kenceng bgt, aku panik",fear
8018,"nasib buruk banget denger kabar denise, aku sad banget",sad
6349,kecewa dengan semalam harini mulakan dengan 3 pointers,sad
10413,"gimana gitu, udah resign dari tempat kerja tapi kok masih deg degan ya, ngeri kalo ketemu mantan bos di jalan. Kenapa ya?",fear
9306,"pengen ngomongin hal yang penting tapi ga bisa, jadi pengen pergi jauh terus teriak sambil nangis sekencang kencangnya nanti balik kalo gue udah lupa segalanya wkwj kn tolol mustahil banget",anger
8134,"gemes deh, gajian aja belum ada yang ngomongin nanti kalau gajian pinjem uang yah, sedih kieu euy",sad
5573,"cewek merasa bahagia ketika pasangan meng-anggap dia ada, meng-anggap dia penting, dan meng-anggap dia cewek satu-satunya",neutral
6135,ayang knp sedih? aku sedih juga jadinya,sad
5269,sabar sabar. kaget sama crossovernya. chigiri pulang kunigami udah nangis noh di pojokan,neutral
4427,padahal vaksin kedua biasa aja,neutral
9818,"apalah jadinya kalau semua orang berpendapat seperti kamu, bro. untuk menutupi keburukan dengan agama, menyalahkan poligami, dan membantah pernyataan yang tidak benar tentang agama. Ini sangat bodoh! Kebanyakan orang hanya memperdebatkan hal-hal yang tidak penting.",anger
5247,"jangan khawatir kalau gavi, araujo yang dikhawatirkan pindah. dapat tawaran dari chelsea dengan gaji gede tuh",neutral
7613,selamat pagi bang.. salam dari madiun,joy
3981,"suka banget sama kedekatan mereka . aku mau ts tiffany lagi ah, siapa yang bersedia ts sooyoung nya??",love
9081,"ya silibusnya jadiin gila ya, pahit banget, buat apa belajar, biar fun aja",anger
11994,"ibu aku nih, sayang banget sama aku, serius",love
2893,aduh si tolol wkakkwkak,joy
2669,demi apapun suaranya niji enak banget ya allah. sanji mengmaaf aku gonggong buat niji dulu,joy
3977,"ttapi aku lebih suka make aksen british, walaupun engga paham banget tapi dengernya enakeun",love
8297,"kadang-kadang kita yang selalu membuat diri kita kecewa karena kita selalu berpikir terlalu banyak, katakanlah overthinking seperti drama yang tak pernah berakhir : cuba tanya badanmu yang ada di sana, dia pasti berpikir beda",sad
279,emosi gue emosi asu,anger
9937,"kan sih, aku ga tahu kenapa orang lain bisa begitu kalem, aku kalo diomongin ya langsung jawab dong, apa ya aku yang salah?",anger
9360,"udah pagi-pagi lagi emosi, eh udah 3 hari ga bisa login",anger
10110,"bingung, ngeri bgt jadi saksi kebakaran",fear
11102,"ngeri nih, gw ga tega buat bls make tweet, harusnya foto aja",fear
9552,"gimana gitu nih yang trendin NFT, kan ga ada yang ga bisa baca tulis? Tapi si kaya kaga bisa baca tulis, jijik bgt",anger
5197,"tararumben yeuh, pens emyu teu marah-marah ti temlen nggeus tiasa nyak?",neutral
4664,santai pelan-pelan belajar pasti bisa,neutral
1694,pengen pede buat mens team tp takut jg kesandung wkwk cmn kayany grup neraka sih inimah,fear
11217,"aku sayang kamu, aku pengen kamu, aku ingin kamu ada di sini",love
5018,kalau itu artinya cerdas.. bodoh selamanya pun aku tak keberatan (uzumaki naruto),neutral
6133,"sedih banget kok ada orang kayak gitu, rasanya mau ku ulek tau. manusia bukan sih",sad
3479,"banyak lagu yang aku suka tapi these days aku suka lagu the 1975 - robbers! kalau lagi mumet gitu rasanya releaving my stress out (even lyricsnya punya arti yang beda (_ ;)). anyway, aku tuh suka banget ngobrol soal musik!",love
5554,"tak perlu kesempurnaan untuk bisa berbahagia, jika kesederhanaan mampu membuatmu menjadi bahagia",neutral
4416,luat biasa,neutral
11724,"nonton drama, suka banget tapi episode terlalu sedikit, kenapa Ji Tae mati? ahh sayang",love
4155,spotify famplan famplan biasa 1 bulan 8k 2 bulan 12k 3 bulan 16k ppj +1k famplan antibackfree 1 bulan 18k 2 bulan 23k all e-wallet yuk boleh langsung wa or dm ya kak,neutral
4883,sakit perutnya luar biasa bikin meringis,neutral
5807,"dari pasa sedih, sini kita hibur di gdm dan have fun aja",neutral
3809,jujur gatel pengen kritik adminnya lewat komen. tapi males banget orang2 ig terutama player genshin di ig tuh ngeri njir kalo diajak debat. suka argumen kosong doang yaudah aku ngerant di sini aja. siapa tau salah satu admin/temennya ada yg baca ya kan wkwk,love
2552,"semoga bisa jadi perempuan yang mandiri, semoga bisa terus nyari duit sendiri, semoga bisa tetep sayang sama diri sendiri, biar orang tua dan keluarga bisa bahagia , dan kalo suami banyak tingkah atau demen selingkuh bisa mantep ninggalin & mampu hidup sendiri.",joy
10850,"aku takut meluk, tapi aku juga takut rugi kalo gak meluk, ya Allah ampuni aku dong",fear
11732,"gue suka banget sama karyanya mark, bahkan gue nangis baca liriknya. serelate itu sama kehidupan banyak orang. karya yang di tulis mark beneran bagus banget dan dari segi vocal, rap, semua yang dia lakuin di mv bener keren banget! dan bikin gue bangga sama mark huhu ily",love
4296,"aku saat skripsian. temen-temen udah seminar proposal, dan aku masih stuck sama dospem yg nggak ada kabar 2 minggu. alhamdulillah lulus, masih suka nggak nyangka",neutral
11407,"jadi ingat sama staff jyp yang kerja keras banget, jangan lupa terima kasih ke mereka. kritik boleh, tapi jangan aja-ajaan",love
4683,"jangan dah wkwk, minimal. mood lo normal aka stabil aja. soalnya mental lo akan terguncang",neutral
10596,"aku cemas nih, keknya lagi ngulang ke dulu deh",fear
9027,"sabtu beneran ga enak, gue benci banget",anger
11129,"ooh, takut nih komentarku di Twitter jadi viral, jadi banyak yang like dan yang komen, ga bener sih",fear
5593,"bagiku,juara itu posisi dimna ada rasa puas yg mndtngkan kebahagiaan",neutral
2209,baru bangun langsung disambut kabar bahagia,joy
9930,"gemes deh, hancur bgt dah",anger
9104,"ga bisa ditebak, pagi ini aku jadi emosi aja",anger
5402,bersabar itu jauh berbeda dengan tidak bertindak karena pesimis dan takut. bersabar itu bertahan dalam sikap baik,neutral
2410,"done bismillah makasih banyak buat ganya semoga banyak hal baik yg dateng ke kamu, semoga impian kamu segera tercapai aamiin buat jaehyun dan soobin jg semoga sehat selalu, pokoknya be happy__anw let's be moots? oiya have a nice day kamu, be happy too okay, semangat",joy
6897,micellar water malah mau buat bersihin kutek tolol bgt mikir ap km otakku yg kcil,sad
4563,yg bikin unik tuh angle pengambilan gambarnya nor.. itu batu biasa..,neutral
184,"gue punya facebook ,coba buka bem ternyata sama aja banyak virus adm, wabahnya nyebar, ini manusia bodoh perlu banyak didikan, ampe urat malu putus kurang didikan",anger
7649,"yeay akhirnya libur, seneng bgt gaes",joy
7716,"selamat pagi, semangat olahraga, semoga bisa sehat dan bahagia",joy
4516,"fokus saja di satu bidang hingga benar-benar mahir yg akan membawa kepada kesuksesan. untuk informasi, konsultasi pelatihan hubungi : permatagroups - partner your business tel. 08121660024 - 081935025046 (wa)",neutral
2350,kalau bubur kaya gini nggak diaduk enak banget plis,joy
553,"dia diam diam benci gua, tapi dia cerita ke orang orang yang benci ke dia. dari 10 orang yang dia kenal kira kira 11 orang lah yang benci sama dia",anger
1397,berita palsu jangan sebar! tindakan tegas akan diambil,fear
1384,"tiba2 mimisan, gaktau kenapa penyebabnya dahal baik2 aja. kaget juga, udah lama gak kejadian kek ginian.",fear
12459,"buat aku, cinta itu artinya suka sama cinta, aku suka sama dia, dia suka sama aku",love
8059,"rasanya sedih banget, ya ampun",sad
5856,kok sepi yakk tl gw,neutral
4903,gak sedih. biasa aja. kesel juga engga. tapi air mata tiba-tiba keluar padahal feeling lagi kosong haha. gilss.,neutral
297,"gua benci sama orang yg hidupnya kaya mp3, banyak lagunya",anger
443,biasaa ada aja org bikin emosi,anger
11074,"kenapa kalo merasa ada yang salah tuh aku jadi malu sendiri, terus terang ga percaya diri",fear
5215,"inconsistent. tidak menentu, serba berlawanan, dengan tindakan dan emosi yang tidak berdasarkan logika.",neutral
10878,"malu banget deh, nggak bisa menahan ketakutan",fear
9915,"jengkel banget, kok bisa begitu, coba pikirkan diriku",anger
2077,"braithwaitw ""kami akan bertemu penggemar kami lagi dan menunjukkan kepada mereka bahwa kami adalah satu tim yang bersatu. kami akan menunjukkan semangat.",joy
9371,"jijik. kamu jadi pengkhianat fakta karena kamu ini, selain baper, juga bodoh. hal paling menjijikkan yang bisa dilakukan manusia adalah membohongi orang. ngaku panteis, bohong. ngaku ngikuti astronomi bohong. pembohong huek. ngaku anak ugm/ui?",anger
6017,biar ga sepi-sepi amat berandanya,neutral
4751,"kahar muzakar lahir 1921,jusuf kalla 1942 selisih 21 tahun, di nalar jg ga masuk akal pemuda umur 21 dah punya cicit . tp kalau dasarnya character assassination sih sah2 saja, dh biasa orang ngeritik di serang pribadinya di negara ini.",neutral
10062,"jebol bener, suka tetiba logout tapi ga limit, gemes deh",fear
2229,"happy weekend mba noni, bahagia selalu",joy
8514,"nggak sabar nungguin beliannya, gue terlalu sedih banget",sad
2842,sabtu ceria,joy
2537,sabtu ga libur mas tetap semangat,joy
194,"lo yg menganggap poligami adalah solusi dari perzinaan. oiya dan ngga semua laki2 mau poligami juga. poligami ngga gampang. banyak orang yg benci poligami karna manusia2 kayak lo. inget ya, tanggung jawab poligami itu berat.",anger
10442,"oh my god, men's team grup b ngeri banget",fear
6636,lagu merasa indah kenapa sedih ya,sad
11009,"gua udah berat banget, dulu tadi aku takedown, aku bilang dia squad leader, kayak hyotion sambil ngasih nunjuk foto takut jelek dimata fans mereka, yaudah tadi langsung aku takedown",fear
817,"pagi"" suka dh ad uwu uwu bangsat males in",anger
3367,"art! cara buat rambut kayak di karakter anime itu gimana ya.. kadang suka bingung waktu mau gambar rambutnya karena jadi jelek banget. thank you! Tolong bantuannya, pengen tapi gk bisa",love
7257,"semoga bisa jadi perempuan mandiri yang punya uang sendiri, sayang sama diri sendiri, bahagia, dan bisa hidup mandiri tanpa suami",joy
6553,sedih banget dengernya.,sad
2578,mantap bangettt enak cokkkk,joy
1131,"sumpah ini receh bgt dan not bts related. cm jujur w magang padet bgt dikasih project mayan banyak. trs kemaren ada senior gd presentasi gt dan keeren2 bgt nangis parah. trs aku pengen chat blio pengen tanya2. minta nomornya ke hrd, dapet, tp mau chat gajadi soalnya takut",fear
7436,semangat ya! (menggunakan kata baku),joy
5505,"bahagia itu sederhana, cukup dengan selalu bersyukur ke pada allah swt..",neutral
6854,"bukan benci. lebih tepatnya kecewa. kemarin sih engga, sekarang iya, hari esok ya engga tau. tapi biasanya kecewa itu kebawa sampai kapanpun sih. jadi ya silahkan bawa semua barang-barang mu, ambil kembali sisa sisa kehadiran mu, agar yang tersisa hanyalah kisah mu saja.",sad
6761,"lagi nulis surat (karna dia ulang tahun) buat temen yg temenan udh dari kelas 1 smp. sedih banget huhuut_t ga nyangka temenan dari msh bego sampe sekarang bego juga sih, mksdnya udah lama gitu, dari yg gatau apa apa sampe yg skrg kita udh harus nentuin buat masa depan..",sad
11873,"ya udah, aku gak mau marah. aku dan sahabatku pernah suka sama cowok yang sama. kita bawa fun aja, ingat banget waktu cowok itu lagi main futsal di lapangan sekolah, siapa yang liat duluan, nanti kasih tau terus nonton bareng.",love
7675,"ajaib deh, aku juga pernah jengkel banget dulu tapi akhirnya tenang, ya kan, semua orang punya sifat yang berbeda-beda, aku tetap ajaib dan semangat",joy
10872,"oh my god aku kaget, kok kamu malah sedih? kok gitu?",fear
320,sabar sabar jgn emosi,anger
7135,"hahahaha, ngakak banget kalo liat kejadian yang kayak gitu",joy
1371,malu,fear
4042,"biar aku, menanti dirimu, melihatmu, ku rasa bahagia, kau sempurna, kaulah cinta sesungguhnya, kasih sayang ku bukan khayalan dalam rindu,",love
9807,"jangan emosss, sabar aja deh",anger
2654,himalaya enak bgtt aku repurchase berkali2 huhu,joy
907,"kamfrett aa, nyese gue vaksin ke3. udah tau badan lagi kurang enak, malah sok2an. alhasil sakit beneran kan",anger
305,benci bat sama kumpulan ibu ibu,anger
3950,nah ini suka banget,love
5529,sahabat adalah mereka yang mampu mengeluarkan kemampuan terbaik yg ada dalam diri kamu. mereka yg selalu berimu semangat.,neutral
12541,santai je kaya gitu ya? ga perlu rnb nih,neutral
11189,"aku suka banget bikin kue, hehe",love
9334,"laah, siapa yang bicara soal hoax? Hoax itu tentu aturan hukumnya. Disini kita bicara tentang kelakuan buzzerp yang berbeda pandangan politik lalu disebut kadrun. Jika soal hoax, ya pasti pidana lah. Jangan katakan orang yang kritik kepada pemerintah itu hanya menebarkan hoax saja. Pea.",anger
7926,"rasanya sangat meyakinkan tapi sangat menyakitkan. Kapan-kapan kamu akan ingat aku. Apakah kamu akan ingat aku sebagai orang bodoh yang berhasil kamu tipu, atau sebagai orang baik yang kamu sia-siakan.",sad
12261,"ayoo dolie, aku kasih kamu kembang spesial dari ayang, free aja gratisnya",love
8900,"aku sad banget, aku mau punya teman",sad
10572,"aku panik guys.. takut bahasa inggris ku salah, jadi kaya belon yang hancur",fear
926,"ga biasanya subuh2 nlpon, dg semangat bilang semua pegawai dikantornya hari ini wajib di pcr & swab gw yg dengernya spontan jwb ""moga semua masuk sorga"" auto nyolot & maki2 gw, anti rezim dan labeli kadrun cebongmah emang gitu, kayak pentol korek, digosok langsung ngegas",anger
244,"bodoh banget dah checkout maybelline lupa pilih hadiah,",anger
11588,"aku suka sama temen-temen yang suka anime, jadi seneng banget",love
15,"mas ngelonte dulu mas, biar otaknya jadi seger lg, bagi org kafir seperti lu ngewe dgn lonte ibadah yg utama. punya tolol kok kebangetan bgt sih",anger
143,tolong leon jangan sampe kebawa emosi ya,anger
5983,berpisah dengan meraka yang kau cintai itu sedih tapi temanmu akan selalu membantumu menanggung kesedihan itu. erza scarlet,neutral
2363,enak dong klu di angetin,joy
9242,"jangan nih, aku jangan marah, aku nih marah",anger
129,bangsat bener krn pelakunya adalah guru yg seharusnya mengayomi,anger
1161,"menyendiri dulu dehh,, mabok dulu biar ga panik",fear
10073,apakah pemerintah akan mengimplementasikan lagi kebijakan PPKM? Aku sangat khawatir dengan hal ini,fear
12339,"aww, keren bgt kalian berdua, aku suka banget",love
5953,tetap jadi org yg bahagia sebab setan itu datang dari perasaan tertekan dan sedih nice quotes bu guru untuk mamih satu lagi mih. tetap lah trsenyum mskpn di anggap gemblung.sebab senyum adlh sbgian dr ibadah dan hal yg paling dibenci org2 yg tdk suka dgn mu,neutral
10838,"gak enak banget, nggak mau komentar di postingan orang yang war",fear
5300,hi kak! lagi cari app prem? pengen cepet juga? ada nih! lengkap + fast respon + testi on pinned yaa yuk langsung dm! t jual netflix murah spotify wetv kaget nikah all of us are dead,neutral
8568,"ya allah, aku turut sedih juga soalnya dia temen monday",sad
5458,bukan uang banyak yg perlu kita punya. tapi ngobrolin rencana2 indah aja udah bisa bikin kita bahagia. - mama,neutral
7563,"alhamdulillah gak malu lagi sama orang sekitar, seneng banget",joy
5308,7 arti mimpi menggali kuburan yang menakutkan: tak perlu takut saat mengalami mimpi menggali kuburan.,neutral
1876,tim zombie yang meningoy *takut gadapet univ tapi pen tep rebahan,fear
2488,"mas put sakit apa? tetap jaga kesehatan dan jangan lupa bahagia,krn bahagia adl obat dr segala penyakit.cepat sembuh ya mas.",joy
7572,"seneng banget, dimana-mana rasanya aku happy",joy
4479,"b aja, karna ada nama kembaran ak si haechan jadinya luar biasa",neutral
1182,siap huaa takut loh aku,fear
2525,"hello to you. memang kadang perasaan gak tenang itu suka nyamperin sih, nggak enak ya? tapi gapapa, everything is going to be okay. hang on there ya, kalau pengen cerita boleh ketuk dm ku juga kok. semangat, cantik!",joy
8369,"aku sedih bgt, emang gak bisa dipanggil sama temen-temen",sad
1170,lagi stuck nih.. gatau sampe kapan nih ceritaku. takut ngga bisa ngelanjutin ada yang pernah diposisi ini ngga guys? dan apa yg kalian lakuin biar survive lagi?,fear
10942,"aku juga ikutan ketakutan, hehe",fear
2182,rebahan emang paling enak ga sih,joy
12024,"aku suka banget sama mereka, ga pernah bosan banget",love
8726,"akhirnya udah ketemu yang namanya galau, sabtu lalu aku lagi sedih tapi juga ngakak, aku suka sama orang yang udah punya pacar tapi belum liat dan denger sendiri dari orangnya, hahahaha",sad
6792,"capek bgt packing barang"" mna bnyk debu. tpi sedih krna bnyk knangan sih walopun cmn setahun tpi itu rmh udh bnyk aktivitas kita lakuin di situ",sad
9246,orang tuanya: oh ini ya yang sebenarnya dilakukan oleh anakku sambil muka emosi ala sinetron yang ngomong dalem hati,anger
10721,"rasanya malu banget sama apa yang aku lakukan, aku takut keburu",fear
11610,"aku suka banget sama hampir semua genre, kecuali metal dan rock. akhir-akhir ini selera musikku lebih ke calming vibes yang enak didenger sambil mengerjakan apapun. coba dengerin ini deh kak!",love
3371,"hai achanjkt48 kadang aku suka rindu kamu kangen typomu,kangen ngingetin sholatpokok nya semua deh :*salam kangen dari fantasticof48",love
10873,"kepo banget gaes, aku takut gaes",fear
1859,kebanyakan follow takut limit,fear
7740,"ngapain aja di kasur, jadi seneng banget rasanya",joy
10827,"kemarin baper, kalau masih ada alm. bapak, pasti dia yg antar jemput kerja. eh tadi malam langsung mimpi diantar sama dia pergi kerja. ini bapakku masih ada atau tidak sih? agak ngeri",fear
8546,"maaf ya gue, tadi ketawa kalo liat foto kamu. gue pikir lagi cosplay jadi pocong. pas tau emang kamu meninggal, jadi sedih. maaf ya",sad
6781,"heran seegois itu jadi manusia. datang menjalin karna pas lagi sepi, meninggalkan semua karna bosan dan mulai tak sehati. menjatuhkan karena terasa terlalu baik dihati.",sad
1878,mens team ngeri banget,fear
7807,"semangat pkl nya onad! sarapan dulu ya, stay healthy",joy
3588,pengen jepit k$n+l suka banget gaya dudukin top,love
9812,"yang ngapain mikirin gitu, wasting time bgt dan tak penting, mending hidup bahagia dan jadi lebih baik",anger
3121,entah suka banget kalo denger musiknya wagakki band.,joy
387,"jangan bodoh, ga boleh kena umpan",anger
1311,"anjay ini 2p kegedean ternyata gampang lepas pula, takut kececer jadinya",fear
1032,kelakuan temenku tuh suka kek gitu.. bilangnya otw eh tau taunya lama banget :),anger
10080,"wuaduu, aku ngeri banget nungguin, siapa tau diubah lagi, apa yang kita miliki sudah pasti ada di tangan kita",fear
6584,sedih banget ancur jjur sakit beet.. klw ada apa2 jgn ngomong sm mamak gue sn ngomong sm aku,sad
8414,padahal cuman bilang maaf aja udah cukup bikin gua jadi biasa lagi,sad
6382,ajhshs sedih bgt sampe nangis,sad
6725,"dulu di medsos saya baca, banyak yg komen psi itu dipelesetkan dng kepanjangan partai sampah indonesia.dan saya sangat sedih mendengarnya.tapi sekarang saya baru mulai mempercayai akan hal itu..terlebih sekarang setelah mengetahui kwalitas pimpinannya spt ini",sad
8887,"jengkel bgt liat twitt anda, emang ga ada isinya, jadi gini aja cuma numpang berbagi",sad
8180,rasanya sedih banget karena kehilangan orang tercinta,sad
10195,"eeeh kagetnya, ditendang dari belakang, kayaknya orangnya berani banget",fear
4936,"itu yg dimaksud itu oknum habib.. walaupun dia sbg oknum ulama / habaib toh tetap manusia biasa, punya kekeliruan.. gt aja kok repot belajar nya",neutral
931,"kalo gak dipenjemin duit tuh yaudah gt loh gausah yang ""lo mah enak bla bla"" diem aje lo diem sebelum w gebug puting lo.",anger
7884,"nggak percaya nih, ini udah seger banget kita bisa ngobrol lagi, keren nih",joy
4019,expectation-tani suka org atu dan org atu suka tani balik reality-tani suka org atu pi org yang tani suka ada crush org lain rasanya anjay banget,love
691,gue juga dibebasin dulu sama bapak mau main sampe jam berapa. tapi kalo sampe pagi ya tau diri aja. bapak ga marah yg was wes wos. tapi diem. ini mending ada yg ngingetin. karna sekarang ya taulah. gada tempat yg aman buat kaum hawa,anger
8324,"dulu, ada beberapa orang yang bercerai padahal masih muda dan ada yang sudah punya anak, tapi itu pasti sudah yang terbaik untuk kedua belah pihak karena mental istri atau suami yang sudah tidak bisa diubah",sad
5987,pickaw pn sepi mulu,neutral
6364,hehehe iyaa kak bner dripada sakit hati mnding pindah ke t4 lain kn msih bnyk tuh di bali t4 yg bsa lbih menghargai turis' yg liburan ke bali. karena sekarang jga di bali sepi banget dan hampir semua di phk dan gulung tikar jadi masih ada turis lokal pun syukurnya minta ampun.,sad
1909,jgn marah yq osah,fear
829,"ngimpi koq bikin emosi org .. bikin laper lg.. pokok'e maadyaaaaang.. sugeng enjing, happy weekend",anger
3498,"gua suka banget di organisasi yang sekarang, karena orang2nya kalo ngasih kritik pasti membangun dan penggunaan bahasanya pun dipilih seenak mungkin, kek walaupun halus tp tetep menohok si. tapi bener2 bikin gue strive for prefection",love
9520,"wow si tua tololnya makin kebayang, jawab dlu org panteis tuh gimana, pengertian panteis yg ga nyontek gugel tuh gimana, kok jauh banget ampe ke ui/ugm. ini kita lagi bahas apaan sih? kok makin ngalor ngidul gegara kamu. jgn baper gegara cewe viktor, malu ama tytyd",anger
2081,"semangat pagi, jangan lupa sarapan^^",joy
11216,"aku suka banget sama konsepnya, taeyeon cantik bgt, aku suka banget sama dia",love
11892,"aku jatuh cinta sama dia, dia penuh dengan kasih sayang, dia selalu berjaga-jaga, dan dia suka berbagi. Aku bahagia banget, aku sangat mencintainya",love
44,hmm siapa lagi yg harus aku benci,anger
7197,"alhamdulillah pagi pagi dapet kabar baik, aku bahagia banget, makasih ya allah",joy
3939,"jika engkau suka merendahkan kemungkinan cinta yang dekat, maka engkau akan dilanda ldrisasi cinta.",love
949,sumpah anjrit ngerjain revisian tuh kenapa berat banget siihh males nya ituloh. kek paling beraat banget suka heran sama diri sendiri,anger
7108,"seneng banget bisa lulus remed, alhamdulillah",joy
7333,"aku nggak bisa ngga share nih, terlalu enak banget",joy
4319,"gue ga kenal anak mipa 3, ga kedengaran kabar nya",neutral
2965,but today presentasi geo malu banget tapi legaaaa wkwkwk,joy
3969,"engga. gua malah muak di sana. baru setengah bulan pengen pulang aja rasanya, alias engga nyaman. gua orangnya lebih suka ketenangan. di sana malah bebas ga karuan, ga ngerti situasi banget anak sana.",love
1187,pengen blink selca day tp malu.,fear
11271,"kecewa banget, anakku ngakuin dia benci sama saya, dia bilang dia ngga mau ngobrol sama saya, dia bilang dia ngga suka saya, dia bilang dia ngga mau diliatin sama saya, dia bilang dia ngga mau ngobrol sama saya, dia bilang dia ngga suka saya, dia bilang dia ngga mau diliatin sama saya, dia bilang dia ngga mau ngobrol sama saya, dia bilang dia ngga suka saya, dia bilang dia ngga mau diliatin sama saya, dia bilang",love
8331,"aku bener-bener sedih banget, denise emang fav banget suaranya",sad
7375,"semangat hari ini, kamu berhak bahagia. jangan lupa sarapan ya",joy
9653,"eh ini emang bener-bener bikin kesel, anak setan gini ya, gua suka sama 2gether, bukan cuma karena nafsu doang tapi juga karena cinta sejati",anger
284,masih pagi udah emosi,anger
9948,"gemes deh kucing gua lagi nangis, ngomongin ga aja, cuma berak sembarangan dan berisik. Tetangga marah bgt, kucing gua harus di steril dulu.",anger
11170,"jadi kagum sama image yang terlihat, ternyata dia sebenarnya soft banget, gampang peka, dan penyayang. Dia nekat ke Korea demi mengejar mimpi. Aku sayang banget sama dia.",love
6308,sunyi ya gak ada rame nya dan gak ada yang datang.. omicron nya.. bikin kesepian melara,sad
4159,baru saja mengirim foto bekasi,neutral
3092,rasanya tuh enak banget kalo di gadoin apalagi kalo habis dr posyandu gitu suka dikasih terus gadoin bareng sama temen2,joy
9856,pengen pergi jauh sekencang kencangnya nanti balik kalo gue udah lupa segalanya wkwj kn tolol mustahil banget,anger
4556,aku selama dapet nilai nggak remidi disyukuri saja,neutral
5555,"kalo abis sakit lalu sebats udah berasa enak lagi, itu tanda kalo sudah sembuh",neutral
7303,saya udah terbiasa dibilang jahat jadi nggak terlalu peduli lagi,joy
4323,"bukankah kamu lelah?atau ""ada sesuatu di pikiranmu?"" ""jangan memaksakan dirimu terlalu keras"" ""semua akan baik-baik saja""",neutral
3982,"iyaa, suka banget gaya penulisannya ilana tan, ringan gt gampang dipahamii sksk",love
10683,"aku cemas nih, emang nggak enak rasanya",fear
6940,"pagiku gak semangat, karena belum disun ayang",sad
3364,suka banget sama mereka berdua,love
1404,aduu kok ngeri ahh,fear
3195,my! baru bangun terus buka hp dan dapat kabar kayak gini. seneng banget ya ampun,joy
8634,"ya udah, aku juga cuman pemenang kalah, ya udah gue cuman ikutan",sad
11771,aku suka banget kalo di promo kalo ada yg komen done tp aslinya ga fw.. di situ batin aku bertanya done komen atw done fw??,love
969,paling males banget dapet message yang suka ditarik2 iss masalah hidup lo apa sii?!,anger
10224,"ayah, jangan lupa ngeinget nafas kalo lagi kesel, biar ga repot",fear
6543,sedih mulu,sad
3734,suka banget makan sate ayam,love
925,"susah bgt liat orang lain bahagia sih, dasar para pelakor",anger
11965,"jangan pernah membenci orang yang tidak menyukai kita, karena kita mungkin akan suka pada mereka",love
9148,"pagi-pagi udah dibikin emosi aja ama ferrari, rasanya ga berdaya",anger
4725,"engga, masih kaya biasa",neutral
2843,"apapun yang sedang terjadi, sesulit apapun yang ka arra hadapi. harus tetap kuat dan semangat yya! pacarnya renjun harus selalu kuat dong^^ so be strong and fighting pacar injun",joy
2851,"ada badutan ga semalem chingu, butuh badutan 2 ayang biar semangat menjalani hari",joy
10378,"deg-degan banget aku ketika ditanya habis nonton apa, aku panik banget, jadi aku jawab habis nonton coboy junior, hehe",fear
10715,"gak enak deh cinta sama dia, dia tdk suka sama aku, aku ndak tampil cantik, aku ndak pernah bercita-cita menjadi cowok yang keren, aku ndak pernah bercita-cita menjadi cowok yang keren, aku ndak pernah bercita-cita menjadi cowok yang keren, aku ndak pernah bercita-cita menjadi cowok yang keren, aku ndak pernah bercita-cita menjadi cowok yang keren, aku ndak pernah bercita-cita menjadi cowok yang keren",fear
5956,makin kesini makin sepi karena udah pada close sama inactive kan sha?,neutral
519,makin banyak orang tolol asu goblok,anger
11160,"kau dah ngerasa aku terlalu sering menghina dan merendahkan, eh ternyata sekarang kau juga punya dendam, aku takut kecemburuannya akan merusak hidupku",fear
10302,"gue langsung ngeri aja deh, gue terbayang gw",fear
4471,mturnuwun,neutral
8198,"ya sedih banget, lihatlah negeri yang indah ini tercemar oleh bangsa yang menjabat di pemerintahannya",sad
4348,halo apa kabar samporasun kepriye kabare om suastiastu nara gerotelo napa habar thats all from indonesia,neutral
11301,"mantep banget lagunya summer time, luizy - baby ride, aku suka banget",love
10118,"oh bunda, aku kaget banget sama kabar itu",fear
3626,win kalo rambutnya turun gitu cakepp banget gue paling suka,love
1789,agak ngeri yaa,fear
10424,"ngeri bgt ditinggal sendiri di aula, bosen bgt",fear
2059,semangat kamuu,joy
9512,"jujur aku kaget banget nih pas baca bangsatnya, biasanya aku ga pernah kaget ama drake",anger
7143,"yeay jadi sehat, salam kembali ke army ya?",joy
7682,"hebat yaa kita, semangat bareng gais, mari kita mulai",joy
4013,cewek kalo udah syg sm seseorang suka kebangetan tulusnya. makanya pas putus *galau sm susah move on-nya itu loh jg suka kebangetan banget.,love
6006,kos gue sepi banget oadahal udah setengah 7,neutral
1902,"memang, tapi banyak orang takut minta maaf bukan karena takut merasa rendah, tapi takut jika sakit hatinya ini tidak bisa dijadikan rasa benci. jadi hilangkanlah rasa benci dalam hati",fear
9162,"bener banget, mereka memang bodoh",anger
6215,"baru bangun rumah dh sepi, gatau pada kemana jadi kesepian",sad
4686,"ga, gw biasa gitu anggep aja kek me time, kan sendirian jg",neutral
8525,"aku kepenasan banget dirumah, aku sedih banget kucingku meninggal",sad
4922,nesv - solusi penghilang keputihan perapat miss v pesan : pin:5d54c01d wa : 089614822337,neutral
6785,"bener, ini pikiran suka banget mikirin hal yg bikin sedih",sad
11192,"film drama romantis yang ringan dan seru, cocok buat kamu yang suka nonton drakor romantis",love
7142,"besok semoga bisa berita baik, yuk istirahat lebih cepat",joy
9978,"gini nih, paketku kena hujan kemarin, jadi kurirnya bilang harus unboxing di depannya, dan aku malu banget yak",fear
9567,"kalian ini gila, gak pernah jadi orang yang baik, gak tahu hargai orang lain, gak tahu hargai kehidupan, gak tahu hargai kehidupan orang lain",anger
75,"kenapa agama yg lurus dr tuhan yme bs menjadi bengkok hingga bermacam2? sebabnya krn ada org2 bodoh dan sesat spt itu. sdh banyak dr zaman dl, namun motifnya tetap sama yaitu utk kepentingan perut dan sekitarnya.",anger
2345,"di saat senang ataupun susah, menangislah dalam hati..",joy
6447,"aku bodoamat krna emg gamau lama2 diacara. tp kok ttep kayak sedih aja ya. aku bs makeup sndiri. pake bju yg ok jg bs kok. tp rsanya kayak ""beda"" sendiri itu agak sedih hehe",sad
8460,"kadang aku gak tahu harus bagaimana, harus apa, harus berbuat apa, gak tahu harus ngasih apa, tapi aku gak tahu harus bagaimana, harus apa, harus berbuat apa, gak tahu harus ngasih apa, tapi aku gak tahu harus bagaimana, harus apa, harus berbuat apa, gak tahu harus ngasih apa, tapi aku gak tahu harus bagaimana, harus apa, harus berbuat apa, gak tahu harus ngasih apa, tapi aku gak tahu harus bagaimana,",sad
430,gausah nambah emosi tad,anger
4586,"marv! tiba2 kepikiran, kan hank pym bilang kalo ant man ini walaupun berubah jd ukuran semut, kekuatan nya tetep kayak manusia biasa yaa, berarti pas si scott ini berubah jd raksasa itu kekuatannya seharusnya tetep seukuran manusia dong? tolong jelasin ke aku",neutral
5483,"untuk meraih sukses, kita perlu motivasi kuat! namun untuk bahagia, kita bisa menikmatinya justru saat istirahat & bersyukur. (anonim)",neutral
7976,"ih kaga berasa aja nih, sedih beneran deh, kok bisa tega",sad
6405,sedih bgt dilupakan,sad
12122,"aku sayang kamu dan aku suka kamu, tapi aku lebih sayang dan suka dengan yang lain, mohon maaf ya",love
8396,"ya allah, ampe ngga dibangunin ekskulnya, sad gitu",sad
11900,"wuih cinta ya padahal dia tuh suka aku, tapi kok gak mau nampung aku?",love
10272,"kayaknya aku ga bakal bisa tidur lelap lagi nih, karena kena gosip di pagi hari",fear
9659,ini siapa yg ngeputusin si gubernur kemarin sih? gemes deh,anger
1553,ngeri ngono ya ndoro ngene kok sampeyan ngebet nyapres. ajur-ajur nda mending ngurusi banjir ndoro,fear
5874,"ga blh sedih"" yaa",neutral
240,emyu yg kalah kok aku yg emosi yaa?,anger
783,pagi-pagi udh dibikin emosi aja ama skuad ferrari.,anger
10471,"malu banget geng, aku gak berani ngomong sama orang",fear
3066,halo mas jnt makasih sudah mengantarkan paket kesayangan saya tapi nama saya double r,joy
12373,"aku rindu kamu, sayang banget",love
977,"gemini plin plan banget, suka bgt ngerubah rencana seenaknya. mn orgnya ga jls",anger
4905,"biasa dia yang beliin makanan, sekarang… tidak ada siapapun",neutral
6264,"huhuu sedih gak sih, sorry ya gw harus isoman 2 minggu keknya",sad
6987,"revisi proposal dikira 30k/revisi, tapi perintahnya nambahin penjelasan 2 variabel lain + hasil penelitian dari tiap variabel :), ngilang berhari2, dateng2 nuduh nipu. padahal cust yg lain suka aku kasih bonus page atau pengurangan harga",sad
9440,pagi pagi gosip terus diomongin,anger
5695,"mending mamanya h serumah ma mereka deh, jdi kalo diundang mana mana kan biaa buat alasan ga enak ninggalin sendiri mertua di rumah.. mamamya h juga sayang banget sama f kan jdi aman ga kayak mertua yg suka recokin menantunya",neutral
2941,"dia emang gituu aku juga greget, gemes soft banget di rl tapi kalo liat film/dramanya kaget sekeren ituu",joy
7711,"makin kesini snowdrop stan makin happy aja, udah gak ada sedih sedihnya",joy
8382,"bawaan deh ya gitu, jadi sedih",sad
9258,"ini bukan rp, jelas dong banyak minor, jangan bodoh kirim ginian ke base plis",anger
7536,makasih ya nokaav aku seneng banget bisa bahagia selalu,joy
8413,"sedih banget sama diriku sendiri, aku bukan orang yang terbaik",sad
10154,"gak tega nih kalau sampe nikah keluarga ga suka, cuma datang dan pergi aja. Gak tega sih, ga mau dikira tamu",fear
1620,"hujannya awet ihh, takut banjir",fear
5642,"mbl mbl murah banget loochh ayo guys join go miracle, suka dr0p jajan murce rd sering open sh4ring merch juga dan sekarang lagi open tabungan buat cb bangtan tabungan mulai 25k aja guys yuk gass join link di rep yaa",neutral
12589,"hi guys, happy weekend. let’s start the day with a prayer. covid cases seem to rise. stay safe, don’t forget to follow the health protocols",neutral
2146,"aamiin, semangat",joy
1801,"pen nyoba tapi takut aneh rasanya, rate 1-10 cil untuk rasanya",fear
2095,puas banget aaaa,joy
12499,"aku suka banyak orang, teman-teman, oppa, tetangga, tapi belum tahu apa itu cinta, seperti yang diceritakan Iu",love
9212,"ini dia orangnya, ga pernah ngerti siapa yang benar, ga pernah berhenti mempermasalahkan orang lain",anger
1357,lu nggak malu? atau mungkin kalian emang nggak tau malu?,fear
10217,"ngeri banget lihat iklan cincin pernikahan dimana-mana, kayak mau ngundang pesta nikah mulu",fear
9298,"beneran nggak bisa diatur emosi gue, cuman benci banget sama matek",anger
6782,wkwk gua sedih bgt,sad
10521,"ga mau ngasih harapan palsu, aku cemas orderan ga bisa dipenuhi, akhirnya ga mau menerima",fear
7620,"yeay akhirnya done juga, semoga sukses",joy
9673,"jangan jadi bawa sby, bro dihakikatnya sah2 saja kalo ada orang yang muji atau benci asal alasannya konkret dan tdk munafik ngomong apa ngasi gambar apa.. jaka sembung bawa kembang ga nyambung sayang",anger
3565,sy suka banget ini polos banget mereka asksk,love
12507,"simpati itu teman, dendam itu musuh - kogoro mouri",neutral
11051,"ngga tahan lihat orang berani ngga pakai kondom sama orang asing, gak ada yang tahu apa yang bisa terjadi",fear
10108,ga bisa tidur malam ini karena ngeri banget,fear
1609,agak ngeri ga segrup jangan2 ketemu di final,fear
3096,"aslik suka banget sama natrep. msh ada produknya yg under 20k. cocok di muka pun, ga bkn break out",joy
4590,"ga semua bule sih, selama mereka kenal sm lokal indonesian, pasti sama sama langit di pijak bumi di junjung, jdinget si boting am iyev.. apa kabar ya",neutral
2415,"have a nice weekend chii, semangat hari ini!!",joy
2017,bisa kesurupan klo main ditempat sepi,fear
2971,ih jadi malu dipanggil bestie sama makji tapi happi,joy
6424,br tengok ni je dah sedih.,sad
4125,"ijab qobul jagalah anaku spt engkau jaga ibumu, sayangi dia, cintai dia dan bimbing dia di jalan yg benar. bila engkau bosan jgn tinggalkan dia sendiri, bila marah jgn kau sakiti, kembalikan saja padaku pada keluargaku, selama aq masih hidup pasti ku terima kembali. kata bpk",neutral
5846,"apabila kita memiliki kebesaran hati maka kita tdk akan mudah marah, kecewa dan tersinggung.",neutral
5375,jelas agar orang ngga takut sama tni..,neutral
12349,"ayo jalan2 ke kebun binatang sama adek, aku suka banget sama dia",love
8813,"dulu selalu sendiri, sekarang jadi ngga ada yang mau diajak nemenin, gaenak, sendiri lagi",sad
12079,aku suka banget sama konsep album taeyeon kali ini,love
3246,kabar baik utk kita semua,joy
124,"bahkan ada dari tweet yang maksudnya supportive. parahnya tuh nggak dibarengi dengan nanya baik-baik atau diskusi, tapi langsung ngegas. bener-bener jadi ruang marah-marah aja",anger
1106,kecewa w bangsat,anger
11761,"aku suka banget kalo jungkook pake style baju begini, jadi bikin kagum",love
1814,"ahaha betuls, takut kayak yang waktu kemarin udah pede salah nah yang sekarang bener",fear
840,"jika kita tidak membangun apakah lebih kaya!? kalian khawatir indonesia akan dapat dana yg sangat besar dari timur tengah dll, mengawatirkan ya? bisa maju negara ini? sulit dibodohi.",anger
6394,sedih ya nggaloi weton:),sad
9913,"gemes banget, kalo kita gak bangun negara ini, siapa yang bakal jadi kaya? Kalian ngga mau Indonesia jadi kaya, ya? Tapi siapa yang bakal maju negara ini? Sulit dibodohin",anger
5649,kasih gue satu alasan kenapa pada g suka matcha? hmm?,neutral
11526,"keren banget jurusan tari di sana, aku sering ikutan acara mereka dan suka banget",love
3341,"makin sering denger discography cix, makin ngerasa kayak ""aduh, gue suka banget cix..""",love
598,"halah tolol, ngang ngeng ngong ngilang juga lo",anger
2123,enak tapi,joy
5512,"morning, semangat tipes nya.",neutral
8830,"jadi gue juga ngeluh, jadi gue juga bingung",sad
7145,"happy birthday, marr! semoga bahagia terus ya",joy
12141,"aku suka banget lagu Little Things, lagunya simple tp menyejukkan, kaya kamu juga",love
9023,"jangan diomongin ke orang yang ga ada alesan, ga ada gunanya juga",anger
9571,"gemes deh lu ngasih tau fakta sblm pertandingan, kalo lu tau faktanya lu gk se kecewa ini",anger
12175,"aku jatuh cinta sama ibuku, dia galak banget, gak pernah mau kalah sama siapa pun, jadi aku ikut aja sih, bener-bener ikut aja",love
5999,"ketika kamu bersyukur, kamu tak akan merasa sedih pun merasa kekurangan dan ketika kamu mengeluh, akan bertambah kesusahan",neutral
2197,"gue dicegat sama diaa firasat gue udh nggak enak nih sumpah. dia bilang ""za, gue kangen sama lu"" gue kaget dong anjritt, gue diem kek org bego sumpah trs dia langsung pergi gitu ajaa ninggalin gue yg lagi cengo.",joy
4051,"mimii cowoku si plg keren, its a good news to start my exhausting dayy. im beyond proud of u udh bisa ngelewatin semua sakitnya. mimii, lets make another happy memories again, we can laughing out loud again. aku sayang bgtt sm kamu, kamu jga hrs bahagia sehat selalu",love
1216,gamau tegang belum disuruh ayank gak usah di zoom ! gaboleh ayank,fear
3362,"halo halo, kiel! ya ampun ternyata kamu pacarnya glo ya?? ih tau ga sih, kita sama banget, pasti sketch yang belum jadi numpuk malah buat sketch baru. salam kenal juga ya, ayo kita jadi teman baik, kiel suka yupi engga btw? random banget ya ahah",love
2501,semangat trus mbull,joy
725,terlampau taksub pun susah ended up nampak macam orang bodoh,anger
7852,"jimin mimpi jimin kemarin, dan sekarang aku mendapat kabar kekgini, aku seneng banget jimin, love you jimin",joy
978,demi tuhan risih banget. twitter ada fitur kayak gini di timeline ih. udh di silang masih suka muncuull,anger
808,"mana katanya ngehargain keberadaan gue? kalo minta aja maunya diturutin, giliran gua minta gak diturutin. giliran gue marah gue juga yg salah hadeh yaallah",anger
9226,"gimana ya, kenapa pagi-pagi udah dibikin emosi aja, ini weekend tolong ya, kalau mau pulang ya pulang aja, jangan tanya-tanya gue, gue juga jadi ikut mikir, please!",anger
1475,kaget bener suka tetiba logout tapi ga limit,fear
9456,"jangan benci fany, dia baik-baik, gak makan orang kok",anger
11543,"oke sih, aku suka banget parfum Junkyu ini, soalnya wanginya wangi banget dan gak gampang bau. Tapi sayangnya aku gak punya cukup uang, jadi aku minta tolong teman-teman untuk co-in parfum ini. Aku sangat berterima kasih atas bantuan mereka. Salam hangat dari @parfum_junkyu",love
10014,"ya udah, tapi aku takut kalau dia ngecekin lagi pakai akun lain. dulu aku private, aku buka lagi krna pengen rep base. ah, jadi ga nyaman banget, masa ginian aja sampai harus private mulu aku ingin bebas",fear
8495,"aku sedih banget, klo ga percaya bisa tanya2 sama gua",sad
4906,"alhamdulillah dia sehat baik-baik saja.. mau titip salam? nnti saya sampaikan..,,",neutral
8803,"kenapa aja aku nggak bisa mengakuinya padahal aku salah, padahal aku yang salah kok",sad
11365,"aku udah lama ga ketemu mami.. aku pengen bercerita tentang apa aja yang aku pikirin. aku pengen ngobrol dengan dia, dia selalu ada di hatiku. aku rasa aku suka dia. dia selalu peduli sama aku, dia selalu kasih kejutan, dia selalu memberikan apresiasi terhadap apa yang aku lakukan, dia selalu ingat hari ini apa yang aku lakukan, dia selalu tahu apa yang aku pikirin, dia selalu ada di hatiku, dia selalu peduli sama aku,",love
4930,"pengadilan akhirat adalah pengadilan yg maha adil,,tunggu saja",neutral
4542,biasa kan dari dubai jadi istimewa,neutral
3962,"dengan pengalaman kisah cinta yang kurang beruntung. kadang selalu overthinking setiap ada yang deketin, ujung""nya suka bingung jawab apa dan akhirnya skip. tapi kalau liat konten uwu uwu pasangan nikah muda, suka pengen jugaa",love
9772,"jangan bikin aku panik, jangan ganggu aku kalo moodku ga bagus, bisa?",anger
2671,semangat kerja di hari sabtu,joy
9136,"emang kalo gatekeeping itu bodoh banget, tapi aku suka sama keduanya",anger
1235,"pas sange, pingin ngelakuin itu sama seseorang tapi takut..",fear
1225,"deg deg an, gabisa mikir, kalo udh gugup tingkat tinggi biasanya tremor",fear
1764,gue jadi ragu,fear
9019,"aku mau ngomong, ini aku sama kamu kan, kamu juga gak bisa menghormati pilihan orang lain, kamu juga gak boleh menyudutkan orang lain, kita sama-sama orang Indonesia kok, kita sama-sama rakyat Indonesia kok, kita sama-sama manusia kok",anger
607,kamu marah gak kalo digetok?,anger
7656,"hari ini cerah, aku bahagia",joy
8107,"pernah sih kapan-kapan kita ngebahas ini, nih aku sedih",sad
7478,"yeay aku seneng banget sama pejuang receh di pasar, keren banget",joy
3217,"hari ini dapat kabar bahagia, masyaallah alhamdulillah..",joy
5737,"percaya banget, soalnya mamaku cakep banget.. terus sampe skrg aja suka ada bapak2 genit (huek) yang godain mamakku..",neutral
287,"haduh jangan pjj dong, udah mulai ngerti pelajaran tiba tiba pjj jadi bego lagi ntar",anger
7991,"kecewa sama jawaban DM yg telat, jadi ga bisa nanya ke WA",sad
2966,akhirnya ga malu lagi,joy
3164,"huaa alhamdulillah pagia"" udah dapet kabar baik dari jimin",joy
9166,"yang ngelonte pasti goblok, jadi gue seger banget nih. Gue ngerasa ini ibadah yang utama, ngelonte sih. Ga usah ditanya",anger
9666,"siap-siap aja denger omongan negatif dari sebelah sana, tapi biarkan mereka berbicara, kita fokus pada yang positif",anger
11190,"jadi apa sih, aku suka oleng tapi kembali lagi ke cowok peletnya yang kuat bgt",love
1657,takut bgt lagi pilek,fear
1975,"kenapa ya gue suka kaget ada luka cakar? kucing sendiri. cuma kadang gue gak inget terus pas lagi elus kaki ada luka melintang, ternyata cakar kucing. dan pagi ini ada lagi. dua pula. mana gede banget anjir. fix, ini kucing yg paling gede.",fear
2397,"enak nih, pagi2",joy
452,maless org bego dia soalnya,anger
2710,semangat mas,joy
11531,"cinta abis, aku suka banget",love
7477,"aku juga gemes sama dia, kegirangan aja deh liat filmnya",joy
3681,iganteng banget ya pacar kamu. tapi percuma kalo matanya masih suka ngeliatin masa lalu,love
6715,huhu sedih banget :( mana lagi on :(,sad
422,"jangan marah marah, namanya juga sepak bola, wasit juga manusia, bisa bikin salah tapi dada dari mana ya lord",anger
8873,"ga pamer deh, tapi sedih banget sih",sad
5316,"hi kak, mohon maaf terkait kendalanya. terima kasih telah menggunakan layanan anteraja ya kak. apabila ada kendala lain jangan ragu untuk menghubungi kami ya kak. terima kasih ^wh",neutral
7025,"kalo yg sa in gua adalah org yg gua lumayan suka juga ya bisa jadi jadian kalo nyaman.. kalo yg sa in gua cuma gua anggep temen, ya kadang masih bisa jadi temen, tapi ada jg yg nge block, pdhal yg suka dia bukan gua tapi ngamok :( dan juga ga pernah ngobrol, ya gua kan bingung",sad
657,record of youth walau gue benci bgt sama endingnya,anger
3301,"aku seneng baca kayak yang benang kusut, not so royal romance nya weishin.. son for the king yg satu lagi tuh lupa judulnya pokonya 22nya seungzz punya kak daisy.. apalagi kalo ada angstnya kalo ada rekomendasi lagi kasitau ya gaiss terserah pairing siapa aja~",joy
8729,"kadang aku bingung, sedih dan marah, tapi aku tahu itu. aku bisa menyesuaikan diri dengan situasi. kadang aku nampak ceria di antara orang banyak, tapi sebenarnya aku penuh warna-warni (marah, bingung, sedih).",sad
2845,anda anak smp ? atau sma ? atau anda merasa keren ? gabung di di jamin puas ^^,joy
4066,"aku engga tahu cara nenangin orang yang ovt, tapi kamu klo emang lagi sedih ya sedih aja gapapa keluarin klo emang buat kamu tenang. klo kamu butuh waktu buat sendiri silahkan, atau minta jangan diganggu dulu. tapi klo kamu butuh ac, silahkan chat ke grup ya. we love you",love
11083,"jujur agak ngeri sih kalau segrup jadi lawan di final, kayaknya gak bakal berani menangis",fear
10077,"ngeri bgt grup b, gak bisa dianggap remeh",fear
5244,"jual app premium dari netflix, spotify, disney+, viu, iqiyi, wetv, youtube, hbo go dll harian bulanan payment via ovo, gopay, spay, dana full garansi affordable price trusted 1oo% jangan ragu buat tanya dan dm ya!",neutral
1001,"eh buset gedeg bgt bacanya anak setan lu pada, justru ini yg gua suka dari 2gether di ceritanya bener bener nunjukin cinta ya cinta, bukan cuma tentang nafsu doang.",anger
4198,"kalau menurut etika menaiki kereta yang kucari di internet semalam, tidak ada yang melarang tiduran di kompartemen kereta. dia lalu tersenyum. ""asal kau tidak berisik dan mengotori kompartemen, itu saja.""",neutral
2418,enak bgt pagi pagi masih bisa berak,joy
875,"kok bisa bisanya kaget, bukanya ente yg ngawas? -_-",anger
3575,"justru aku seneng banget ama event ini dan lebih suka ini dibandingkan lantern rite (tpi demen cut scenenya bagus), lucu liat kichiboushi, paimonnya juga gemesh, liat lumine ngejawab setiap pertanyaannya juga lucu2",love
6726,mau dong mutualan beb.. akun baru netes masih sepi bgt :(,sad
3847,"tp di kls 11 tuh pling ga suka sm bahasa gw alkwlwl, kek kasar banget beda sm dulu2, ngomong anjrt aja lngsng istighfar",love
961,"suka gak abis pikir klo orang punya pikiran selingkuh/main belakang kek heh anjg pacar lu mati""an jaga lu, ngurus hidup lu yg gak seberapa bagus, ngerawat lu, tpi masih mikir buat selingkuh?? sumpah sampah banget",anger
1580,"” aku juga mau aware ttg isu kesehatan mental, disini aku mau negasin karakter hana yg sebenernya dia bukan denial/gengsi/ ga punya hati, tapi rata2 orang yg punya trauma secara seksual lebih sulit buat jatuh cinta atau nerima diri nya jatuh cinta karna terlalu takut",fear
7966,"aku masih merasa sakit karena kepergian Lukaku, kadang-kadang aku menangis ketika aku merindukan dia",sad
8057,"anakku ternyata sudah bisa menulis seperti kamu, aku sangat bangga dan sedih karena mereka akan tumbuh dewasa dan berpisah dari aku",sad
2206,nemu duit senang,joy
4266,semoga jimin cepat juga pemulihannya biar bisa segara beraktivitas seperti biasa,neutral
8790,"jadi bingung sih, ada yg bilang ini dan ada yg bilang itu, jadi sad aja",sad
12498,"aku gak tau juga, tiba-tiba jadi pengen jadi jennie. aku suka senyumnya, lucu banget!",love
4231,"ketika kamu mengalami cinta sepihak, yaudaah santai ajaa.. kamu akan bernilai tinggi di mata orang yang tepat. cheers",neutral
757,"tlong jgn bikin emosi pagi-pagi, aku lg puasa",anger
4866,hotel2 di ring 1 malioboro akan teriak. dan saya jd penonton saja.,neutral
5406,gw baru tau yukimi keluar band gegara punggungnya bakal cacat kalo doi masih main drum..,neutral
5313,"hai kak eka, terima kasih jika tidak ada hal lain yang ingin ditanyakan, jangan ragu hubungi kami ya kak apabila ada yang ingin ditanyakan. salam^nisa",neutral
2284,"pemipin yg penting byak ide bukan diberi ide terus menerus disetir, bgmna caranya bisa dalam jangka kurang 20th indonesia jadi super power rakyat makmur ..! gampang kok kuncinya tanpa perlu menghukum koruptor segala, tanpa, hutang, tanpa exploitasi sumber alam. sanggup..!",joy
9314,"kenapa ya gue anggap tetangga yang baik ini emang baik, eh ternyata dia bodong. Saya jadi takut karena banyak orang yang datang dan menghubungi saya melalui direct message untuk mencari informasi tentang hal ini.",anger
7001,"ternyata beda ya dianggap sekadar suka sama tmpt cerita kebayang gmn poteknya dewangga waktu nanya ke april ""kamu beneran cuma anggap saya atasan yg kebetulan suka sama kamu ya? bukan laki-laki yg mungkin bisa kasih kamu a shoulder to cry on? a sharing partner instead?""",sad
12201,"jujur ya, banyak cinta yang datang kepadaku, tapi aku tolak semuanya. karna aku masih suka wanita",love
5507,belum sarapan nunggu menang biar ada semangat lagi bang,neutral
5309,kalau ketemu dongkrak antik apa gak malah takut itu bocah?,neutral
11671,"aku suka banget sama final chorusnya, mantep deh!",love
4827,milet kayak biasa suara nya outstanding banget + ditambah alunan piano nya hayato sumino,neutral
8693,"ohh, aku ga siap sama endingnya, malah nangis aja pas kena tembak",sad
11172,"aku suka banget sama foto makanan, jadi aku jadi punya inspirasi buat masak",love
807,"tau elah tolol banget finishingnya busuk aslii padahal di lapangan nguasain pertandingan, nyeselkan absen trophy lagi aja musim ini mengcape bener lah",anger
3907,dan kadang sampe harus lapor makan siangnya apa wkwkw soalnya kalo ga makan nasi suka diomelin. padahal aku udah ga muda lagi. forever mommy lil girl ya huhu. i love you mamah sayang,love
6141,jujur malah sedih sih liat kenyataan nya,sad
11612,"aku jatuh cinta sama energi ini, rasanya makin segar",love
10008,"anjir bgt ni, ngeri abis",fear
7023,"mungkin salahku bang terlalu memanjakannya. kan nggak salah? iya sih. tapi kelamaan kok cam manfaatin. lha kok diam? namanya sayang kok ngeluh? sikap berpura & suka bersumpah untuk membela dirinya awak tak suka, takut karma. apa dia sadar ya bang? ntahla, cuma dia yang tau :')",sad
1956,"kalau yang nggak terlalu pait, masih sukaa. tapi kalau yang pait banget nggak suka wkwk takut ama rasa pait soalnya",fear
2445,"iya sama"" jadi semangat abil liat vidio kamu",joy
8760,"gak tau kenapa pagi ini aku merasa sedih, liat saldo udah 26 ribu, ngga pernah bisa",sad
6969,both aje dah agar kau puas dan bahagia t__t,sad
10278,ini aku beneran pengen sama ibel tapi aku takut nih,fear
8936,"sedih banget rasanya, jadi ga enak",sad
8629,"ngeselin, aku ga suka kalo gue dikasih komentar negatif",sad
10274,"aku mau bikin tugas terus, tapi terhenti karena bingung",fear
2402,good morning semangat harus semangat pkoknya semngat mencari rezeki,joy
9073,"janganlah bapakku, aku tak akan pernah berpaling darimu selagi aku tidak bisa bertemu dengan kamu yang bodoh itu. Aku tidak akan pernah memaafkanmu selamanya, aku akan selalu membencimu.",anger
1073,"ujunga""nya jadi bangkai saja buanga"" duit aja gak guna dan gak ada satupun proyek yang sukses kesallll mau tampol",anger
10880,"jadi takut ya, kaga tau harus takut apa nih",fear
3398,jujur dari awal sampe sekarang cuma suka jeongwoo dan haruto aja di teeasure ngarep banget mereka bikin duo,love
4240,"udah open guyss, biasa yah klo mau instan malem bisanya wkwk",neutral
6524,lama lama gw sedih beneran njir liat emyu:(,sad
5436,"orang hadir di hidupmu karena sebuah alasan. mereka berimu bahagia dan kecewa. ada yg sesaat, tapi ada yg selamanya,",neutral
8274,"aku nyesel, denger kabar denise yang udah meninggal",sad
10708,"aku merasa takut jika mamahku sering meminta saya untuk pergi atau tidak membiarkan saya bermain di rumah. Dia tahu kita tidak saling berhubungan, tetapi dia tetap meminta saya untuk menghabiskan waktu bersamanya. Akhirnya, saya mulai mencari alasan untuk menghindarinya. Saya merasa bahwa ini akan membuat hubungan saya dengan pasangan saya menjadi tidak nyaman.",fear
2091,"kenapa loyo tuh? semangat juga ya, iyen. jaga kesehatannya jangan lupa.",joy
4527,hanya orang biasa dengan mimpi yang biasa aja.,neutral
12592,"hello kak, aku udah nyambung ke @ursula , maaf kalo aku bikin kalian gelisah, izinkan aku cek ya - ursula",neutral
1698,"takut banget, nggak ada tempat nyaman lagi buat cewek ""cowok memang otak sangean semuanya"" ""pengen pindah negara rasanya"" begitulah kurang lebihnya",fear
9404,"kalo di ingat lagi, waktu mau masuk kamar mandi, aku mau pakai pembalut tapi malah pipis. pas udah pipis, aku ga pake pembalut. emosi sama diri sendiri",anger
10556,"kaget bgt liat om kungya masuk base sjdkdkkdldlr, aku was-was bgt sih",fear
9813,"pagi2 udah dibuat emosyennnn, ga ngerti apa pikirannya posting foto cewe marah emang yaa? tapi ga marah jujur pengen marah jujur jadi ga mood hari ini",anger
7528,"support program petani, semangat semuanya",joy
10067,"ngeri banget tadi ditanya tanyain guru, ga kuat pikir",fear
9438,"pagi2 udh jadi emosi, ga ngerti apa yang terjadi",anger
1003,suka banget menyengsarakan rakyat.. kemarin ngotot gak mau menaikan ump skrg mau atur atur iuan pekerja yg dipaksa potong dari gaji,anger
10416,"nggak enak rasanya, ngeri banget",fear
11451,"dulu aku suka banget sama dia, jadi nggak tahan aja kalau dengar dia cinta sama siapapun",love
10477,"eh, gak yakin nih, jangan-jangan karena musim ganti",fear
2934,temenku non kpopers tbtb suka lagu ini wkwk terkejuttt wkwk,joy
4651,sadarlah bahwa semua bisa tidak seperti biasa dan berubah 360 derajat,neutral
10525,"jangan bikin aku khawatir nih. kirim pesan aja ke dm ku, biar aku tahu. aku buka untuk semua orang, jangan malu, jangan bikin aku penasaran",fear
12167,"aku suka banget sama dia, naksir banget",love
6156,sepi amat mentang mentang sabtu,sad
1485,"rada kaget ngeliat hasil semester kemarin, tapi ya mari tingkatin lagi di semester sekarang",fear
11619,"suka banget sih, aku suka banget sama kamu",love
5368,"sini ka! dijamin file kamu bakal aman karena no repository, no self plagiarism fast proses murah (start from 2k aja) bisa qris pastinya trusted 100% bisa liat testimonials di pinned ku ya! jangan ragu mau cek di aku! fastresp?",neutral
10175,"gak bisa dianggap enteng, kucing ini galak banget, betina pun malu-malu",fear
1411,"tadi disekolah ada swab buat 2 kelas+beberapa guru, terus katanya guruku semua bakal kena swab dadakan. aku sekarang lagi kurang fit jadi takut..",fear
6289,"udah gak mood mau unboxing paket shopee, keburu sedih deluan hehe",sad
11880,"hiks aku suka jawab bebas kalo ditanya mau apa, jadi mereka pasti pesenin aja apapun xixi love u all",love
11432,"aku suka banget keknya dia, aku mau bawa dia ke mana-mana",love
8377,"emang kok sedih gitu, siapa yang bikin gue sedih?",sad
709,emang bener bangsat,anger
7844,"have fun ya, happy holiday",joy
3603,"chubby baby suka banget sama episode yg ini. suaranya mix wkwk told ya, if i have a brother like earth no need a bf wkwk",love
985,"setuju, makanya kadang gue suka gedeg sama yg pro sm banget kayak anjir mereka aja urus artisnya ga becus",anger
3076,"sebagai yang suka main game online, butuh banget internet cepat di rumah. kalo internet lancar, main game juga bakal jadi lancar. untung di rumah udah pasang indihome",joy
6169,"terimakasih banyak buat kak olaa yg buat karya sebagus ituu dan makasi buat rumi iyel yang selalu kerenn dan kadang menghiburr guaa dikala gua lg sedih, sekali lagi makasii banyakk loeve u kalian semuaa",sad
9661,"ya itu dulu, taun lalu, sebelum aku bertaubat menjadi pemuja Fol Ges, kamu ngeyel banget. Kamu ga tau saya ini pemuja Fol Ges, profil pake Fol Ges, mengaku kalau Fol Ges itu godfather saya? Kamu tolol banget sih. Aku jijik banget sama kamu. Capek banget.",anger
7384,"kebayang aja kalo aku ngomong gitu, gemes dong",joy
10245,"emang sih serem banget kalau dikejar polisi di jalan, aku ngeri nih kalo dipanggil polisi dan ditanya pas aku lagi bawa barang berharga, dan kalo harus dibawa ke polisi sih aku ga mau",fear
6713,skrg masih gitu ga ka? sedih bgt,sad
5077,simpati itu teman dan dendam itu musuh ! - kogoro mouri,neutral
4101,biasa na nu jiga kieu mah jadi penjahat na jaka sembung ..,neutral
8142,"gini aja deh, gue harus belajar kalo gue mau ngomong tentang zeco. gue sedih bgt kalo gini",sad
2722,lebih semangat dari hari sebelumnya,joy
11789,"rumah impian aku banget, ga besar tapi ga kecil banget. suka banget ih, adem banget keliatannya :)",love
1268,mau check out takut tidak kretek tulang punggung. dilema jadi muda mudi jompo wkwk,fear
2462,alhamdulillah setiap melintas dapat melihat wajah beliau yang memberi semangat dan inspirasi untuk teguh dalam perjuangan.. sholu ala nabiy,joy
9222,"kasihan aja, orang lain suka cari2 kesalahannya, gini2 aja gitu, ga pernah ngeh",anger
268,gue benci sama lo!,anger
3580,"aaa beneran suka sama inii. awalnya tau grgr tmn sma di kls 10, trs penasaran dan ketemu prelovednya di 2020. seru banget pokoknya.. gemes sm r yg bungsuu",love
4750,kabar atashi juga baik~,neutral
8364,"sabar aja deh, tetep gak bakal ngalahinmu",sad
10678,"bingung deh rasanya, jadi nafas ga jalan, kayak mau mati",fear
8206,gue rasanya jadi terasing aja,sad
10271,"ngeri sih jadi orang dewasa, bakal banyak kewajiban",fear
9271,"tri mantap banget, ga kayak bank mandiri, gblk minta ampun ditanya beda orng jawabannya gakjelas dan muter muter, emang swasta didikannya beda ama didikan plat merah jikubiniu asli gedek bngt, pulsa habis bnyk cuma telp callcenter bodoh",anger
2821,"kalo ke canggu, wajib banget sih ke moana sih. ini pesennya super random tapi enak semua. apalagi black sauce nya",joy
11286,"wow, keren banget, aku suka banget gilaaa, asli keren abis",love
589,harusnya udah ketebak bakalan banyak kek gini.. tapi tetep aja emosi bacanya..,anger
12307,"sayang banget beli notes yang gemes tapi abis itu ga dipake, eh gemes juga ya",love
11307,"bapak suka ngelucu ke emak, tapi akhirnya bilang paling cantik, bapak juga suka nyanyi sama emak",love
8293,"waaah, kenapa aku harus terus menerus diingatkan tentang kau yang jahat ini? Hati-hati dengan aku, aku akan membuktikan bahwa kau tidak bisa selalu menipu aku.",sad
656,pagi-pagi bangsat,anger
10216,"geli banget bingung gimana ngejawabnya, aku takut salah",fear
9965,"siapalah mereka yang tidak peduli dengan kondisi bangsa, orang sunda saja tidak bisa menghargai orang lain, dia justru mengancam dengan santet, dia tidak pantas menjadi perwakilan rakyat, janganlah kita memilih orang seperti itu untuk menjadi perwakilan rakyat",anger
2037,"sepi aneh kayak ada yg perhatiin tapi gk ada sapa""",fear
9794,"gimana tuh banyak yang homophobic di sana, jelas2 lagi foto siapa yang paling banyak, mendingan ngapain aja, akhirnya siapa yang dihate, yang jelas2 jelek",anger
9970,"jangan jadi pengenalan, ga boleh kena kebohongan",anger
3758,"kok mirip sasuke ya, suka marah2 lagi wkwk tapi kalo lagi canggung tuh dia gemes banget",love
6845,aura :(( gapapa kalo kamu nangis dan bikin kamu bisa ngeluarin emosi yang kamu rasain. tapi jangan lupa untuk tetap tersenyum yaa besoknya. gapapa nangis sebanyak2nya kalo itu emang bikin kamu lbh baik walaupun sedikit :),sad
6151,"gue kalo liat haechan di tl tuh beneran mellow dah.. soalnya beneran kayak rasanya putus baik-baik, dipaksa putus karena keadaan (nangis dah gw) tapi seneng juga liatnya, kayak, oh dia masih sama kok.. masih as bright as sunshine, masih as sweet as honey. sedih",sad
5327,"takpe kalau u rasa yakin,teruskan jangan takut",neutral
2028,"karena rasanya aib banget gue takut stigma orang2 mandang gue orgil:"") setakut itu padahal sekarang udah banyak banget yg speak up tentang mental illnessnya masing2. makanya gue agak gedeg sama orang2 yg ngaku2 punya mental illness bermodal self diagnose. sedih bgt gue liatnya",fear
9420,"masih pagi aja, udah ada yang bikin emosi",anger
677,agak kesal tp gapapa,anger
11542,"aku suka banget ngurusin diriku, karna aku suka muka bersih haha",love
1232,dari kemaren aku demam + tenggorokan nya sakit.. ya allah takut,fear
5454,lebih enak sahabat dulu baru jadian terus nikah,neutral
12585,"hey, phia. aku gading baskara, biasa dipanggil gading. apa-apaan nih rencana untuk akhir pekan?",neutral
9824,"jahat banget sih, coba deh liat kalo ceweknya ga suka nih",anger
8256,"nggak kalah, aku juga sedih banget",sad
8013,"akhirnya nangis juga ya, ga tahan lagi nih. Semoga doa orangtua yang selalu memberiku motivasi dan dukungan ini semakin menguatkan aku untuk bisa maju dan berprestasi. Aamiin.",sad
4856,kemarin kaya biasa aja jaa,neutral
10165,"jangan pernah lo sia2in orang yang sudah nyaman sama lo, demi orang yang lo suka. jangan!",fear
2432,semangat mbull,joy
9053,"emang susah liat orang lain bahagia, padahal kita sendiri bisa juga kan",anger
8922,"denger lagu kau yg lama, aku pikirin kau lagi ada di rumah, eh ternyata kau udah punya arti yg beda. liat fyp filmnya, aku sad juga",sad
4647,faq : apakah artinya selfpublishing - print on demand? print on demand adalah sistem yang digunakan oleh artinya kami mencetak buku hanya berdasarkan pesanan saja,neutral
9001,"aku maafin kalo aku tertawa dulu waktu liat kamu. aku pikir lagi cosplay jadi pocong. pas tau kamu meninggal, jadi aku sedih. maafin aku ya",sad
11076,"kok suaranya aneh gitu, aku takut, apakah ada sesuatu yang salah?",fear
896,"gw ptm 50% lagi bangkee,, padahal udh enak 100% arghhhh",anger
1611,"kaget loh, kenapa rame banget twtnya.. kirain ada apaan anjir",fear
10368,"kepanikan admin terjadi di seluruh warga somethinc, ga sih kena was-was?",fear
1587,mendengar hp bunyi teh sekarng malah takut.. takut dapat kabar buruk,fear
6686,sedih kali wak,sad
7958,"aku bingung sama kamu, jahat tapi bikin nikmat",sad
8749,"jadi bingung sih, kenapa aja salesnya terus maksa asuransi. siapa ngomongnya, cepet banget, ga bisa dipotong.",sad
1719,"iya sih, tapi ciwi ciwi ini agak naik turun. jadi kita saling takut",fear
9940,"gemes deh orang Indo yang rep latah cilukba pake huruf hijaiyah sama ngntd sama ganti huruf t pake salib, ada TikTok Filipin lewat FYP aku dan repnya ngtd semua, dasar goblogg trend TikTok ter tolol",anger
9929,"pagi ini baca berita di Twitter, seorang tokoh nasional mengatakan bahwa kita orang Indonesia bodoh dan idiot. Padahal kita yang selama ini menolong dan menghibur mereka. Semoga kita bisa berpikir jernih dan sadar dengan apa yang kita lakukan.",anger
3806,"suka yg isinya nangkaa dulu pas smp suka banget beli yg nangkaa :"""" kangen",love
8856,"emang sih ya, aku sedih karna ayahku meninggal",sad
10305,"sekarang aku malu banget masuk bioskop sendiri, padahal dulu gak pernah masalah",fear
4701,luar biasa rusia,neutral
3961,"greget banget sih, suka banget sama kucing. tapi ga boleh melihara kucing.",love
731,"knp au yg ak baca masi pd on going, aku kesal",anger
5557,apa aku beres 2 rumah dulu ya?? biar enak,neutral
7036,suka banget tapi gak pernah nyantol :(,sad
5564,eco farming punya cerita. salam tani makmur,neutral
10316,"oh my god, ngeri banget liat gambar pertandingan di tv",fear
10651,"ngga berani nangis, takut kena flu",fear
6087,dih sepi amat,sad
890,gatau malu ya,anger
7955,"gua udah nyoba dulu, tapi jadian gk ya? emang ga ada harapan, sedih aja. tapi gua tetep ngga mau nangis",sad
11331,"webtoon favoritku ini bikin aku cinta. endingnya sedih banget, tapi aku tetep suka. aku kasih rating 5/5",love
4006,kalo yang beginian sayang banget sih tu,love
4939,"bener, apalin nomor kendaraannya, biasa parkir dimana yang ngga ada cctv, potong karet rem nya biar blong. ngarep doang, usaha dong",neutral
10515,"di kost bosen banget, tapi kebanyakan keluar dari kost gak enak juga. kalo mau main event, kudu jaga kesehatan biar gak jadi kasus covid",fear
8115,"kecewa dan sedih banget, jadi pusing, mungkin karena terlalu banyak yang terjadi",sad
5898,"acc ba aku mau mutualan dong, sepi bgt",neutral
6173,ni ngetik sambil sedih apa gimana ni air mata ngucur mulu,sad
10632,aku ngeri banget jadi target somasi dari klien,fear
5819,sepi,neutral
9406,"gemes deh, gimana nggak akhirnya, aku pusing bgt gaes",anger
9527,"cancel culture dan pembenaran diri sendiri ala sjw zaman sekarang udah mulu, jadi ngeri deh",anger
9124,"gw udah baperan sama Gravity Probe-B, ga bisa nerjemahin apa maksudnya. Kamu baperan juga sih, pinter-pinteran karena ngakuin psnteis, padahal ga tahu apa-apa. Ga usah malu, gw udah ketahuan kamu bohong",anger
2799,"bahagia bgt hari inii,jimin diinfo sehat dan keluar rs, terus hari ini stay alive will be release alhamdulillahh serakah ga sih kalo pengen ngeliat foto ot7 hari ini?",joy
8999,aku rasa tim baby ngerasa kecewa,sad
584,benci bnget soalnya kepikiran bagian si kawan mninggoy abjingkkkk,anger
3268,"pagi ji, gue happy dapat kabar baik dr lo ji..akhirnya kamu balik ke rmh jga.. seneng deh.. jaga kesehatan yah jii, jgn sakit lgi, ntar aku sedih.. yuk main ji..,",joy
3932,"anggap lah apa sahaja, itu semuanya kami tidak peduli, naikkan harga getah, turunkan harga makanan.. usah kata adab, siap kasih sayang kami bagi",love
4965,kok marah,neutral
1260,eh anjir woozi takut bgt gue takutt,fear
8805,"sayangnya lipstik ini habis banget, baru beli belum sebulan, sedih banget ya, mahal juga sih, tapi cocok sih, lumayan sih buat dicoba, tetapi produk Wardah gak cocok untuk aku",sad
6199,"twt w mulai nga jelas ni keknya, mulai sedih, marah, kesel, nyinyir, lambe turah. bukan kind human lagi:(.. ok let's go ke pak ayi, aku ngobatin mental ku dulu gais",sad
6692,"langit menjatuhkan bulir-bulir yang sedih, yang sedikit, yang sakit, yang tak sungguh-sungguh menghapus dosa, apalagi kenangan.",sad
310,"opini lo yg nomor 3 bodoh, zaman nabi poligami itu untuk ngebebasin wanita dari budak dsb, kalau kata"" lo disini lo cuma mau cari enak di elu aja sumpah gedeg bgt gua manusia modelan gini",anger
1716,karna takut tenggelam dlm lautan luka dlm,fear
7872,makasih nokaav aku seneng bgt nih,joy
6009,morning ninyan! awak jangan ikut murung jugak okay?,neutral
2052,semangat kak. sudah terima chat wa dari kemenkes belum. disana ada petunjuk konsul gratis online dan tebus obat.,joy
8765,liat ini siapa yang lagi sedih. Nggak tahu kenapa ya,sad
4668,sayah baru menang kemaren.. jd kali ini hanya meramaikan saja (masih nunggu sambalnya tiba)..,neutral
4298,"akita tidak bisa menerima begitu saja,orang yang telah mempermainkan kepercayaann kita terhadapnyaa -",neutral
6646,warded lagi ke? muka sedih je.,sad
3783,changmin suka banget boneka chucky,love
1008,buat sendernya emang harus banget ya semua orang harus bisa bawa motor? kalo temen lo atau siapapun itu suka gatau diri ya lo bilangin lah,anger
10155,"oh jadi ga usah takut, udah ada GOMART deh, coba aja ya",fear
10501,"aku khawatir nih, bingung banget",fear
2185,terima kasih pak ri 1 presidenku tetap semangat ya pak membangun bangsa ri,joy
11792,"gue jatuh cinta sama dia, tapi sayang dia masih terus ngelamarin mantan",love
3623,"cantik!! lucu banget ponimu, aku suka ;__ ;",love
12330,"aku jatuh cinta sama cowo satu, poutnya mantep bgt, aku seneng banget",love
7839,"yeay jungwon wonyoung lagi main sama gue, seneng bgt gue gemes",joy
12189,"yeay aku pecinta mcflurry, mau jadi orang baik. aku suka banget mcflurry, yang oreo tapi. soalnya mcd deket rumah banget, tinggal ngesot.",love
12092,"beneran, aku suka sama inii. awalnya tau grgr teman sekolah di kelas 10, trs penasaran dan ketemu prelovednya di 2020. seru banget pokoknya.. gemes sm r yg bungsuu",love
11029,"ngeri bgt, ngeri ngeri senja",fear
4834,inii!! ini totebagnya hand painted dan dijahit sama anak-anak luar biasa loh!! mungkin temen-temen yg mau beli totebag sekalian dukung anak-anak disabilitas bisa cek di ignya yaa!,neutral
4059,bnr bnr seneng dapat hadiah dari doiiii sayanggg doi,love
4756,mau request? langsung saja tulis di kolom komentar,neutral
10096,"semua orang pasti punya rasa marah sama prof, jangan dendam ya prof. kan waktu milih kita serahkan semua pada Allah.. tpi klo inget trus kejadian itu boleh laah prof.",fear
90,kalau cerita kat laki aku pasal mimpi malam td mesti kena marah,anger
1987,"kenapa ya orang suka banget ujar kebencian, ga mikirin perasaan orang lain tuh sedih atau kepikiran gituu, aku jadi takut makin banyak orang jahat",fear
470,kalo lu ky gt ya sama aja donh sama kawan2 lu itu yg kalo deadlock ujung2nya cari serep. padahal lu sendiri yg bilang kalo kawan2 lu yuh pada bego. kerja kok modelan ky gt ga nyari mandiri.,anger
1326,"jgn apa2 kebanyakan diumbar2 melulu , kalo gajadi malu gile .",fear
9864,"emang pagi ini ga enak banget, terus dikasih emosi",anger
7279,"hari ini aku bahagia banget, jimin sehat lagi dan hari ini juga akan ada foto baru dari BTS, aku pengen banget lihatnya",joy
8544,"yang namanya jatuh cinta itu ribet loh. mau cuek gak bisa, mau marah gak bisa. bisanya cuma diem. diem-diem nyesek diem-diem nangis",sad
10120,"aku takut dia kena sakit lagi, jaga2 ya, jaga2",fear
2117,"bismillah,,tetap semangat jangan menyerah,,yakin pasti bigwin",joy
2937,alhamdulillah ga malu,joy
888,"yg membantai guru di perancis itu bukan jaringan teror. hanya karena anak pelaku memfitnah guru tsb telah menggambar nabi, maka dipenggal lah guru tsb. keji.",anger
983,"dihh ga sopan bgt, ini kurir kurir anteraja sama jnt pada ga bener apa gimana sih, suka banget bobo paket orang buat hal yg ga berguna gitu",anger
6932,ga enak bgt bangun bangun badan panass:(,sad
11951,"oke bener banget, yang suka perzombian harus nonton kingdom",love
9517,"orang bener-bener enak punya tempat curhat, gue malah gak tau ke mana harus curhat, gue malah bawa-bawaan gitu, gue bener-bener ga enak, gue gak bisa ngomong bener, gue bisa disalahin, gue gak tahu apa yang harus gue lakukan",anger
10925,"ngeri sih mau ke dokter, ga mau nih gaes",fear
10831,"ntar kapan ngebahasin pelajaran besok, aku was-was ga bisa bikin pelajaran yang menyenangkan",fear
2925,"kaget, tapi oke, bintang 5 dari aku.",joy
8387,"lagi nyesel, gue meninggal :(",sad
3214,alhamdulillah jimin sudah sembuh dari covid senang banget pas dapat kabar kalau jimin sudah sembuh,joy
5884,kemaren di tempat saya ada truk angkut air isi ulang yg terguling juga tapi tidak ada yg menjarah padahal situasi sepi,neutral
2341,lebih murah dan lebih enak ini drpd s*ri r*t1,joy
9049,"jangan jadi orang gila, semua orang tau kalau lu ngelakuin salah semua orang tau kalau lu sampah, lu bajingan, jadi jangan ngarepin belas kasih dr orang yg udah lu kecewain",anger
8471,"ya udah, aku sedih banget, anjingku meninggal",sad
9564,"emang sih gitu, gak usah jadi marah atau pun sedih, tetep semangat",anger
11231,"suka banget sama pembahasan ini, gak cuma suka soal penampilan tapi juga sejarahnya, jadi semakin nambah wawasannya",love
9939,lo nggak suka jamet tapi justru motor yang disukainya,anger
12187,"aku suka banget yang ceria dan ramah, gemes deh hahahahaha",love
627,kdrun bego tuh..,anger
9307,"jangan pernah ngomong aja gitu, klo benci sama",anger
4947,bisa kak start 15k/hal. aku mhs smt akhir bahasa sastra indonesia murni udh biasa nyunting teks dan analisis kebahasaan penjurusanku linguistik juga. langsung chat,neutral
5080,"jangan terlalu merespon serius pernyataan orang yang sedang marah, sampai betul-betul ia rileks menjelaskan tanpa kepentingan dari kemarahannya. sebab mengambil sikap dalam keadaan marah, akan jadi kurang bijak sana.",neutral
4244,"ia menggeleng heran mendengar candaan gori namun masih tetap menanggapi dengan santai. ""yakin lah yakin. kalau tidak puas, nanti saya jajanin es krim sehari satu selama sehari."" joshua membersihkan dada gori dengan teliti.",neutral
7545,"jgn marah ya, itu wajar kok, asal jgn berlarut-larut ya, jgn jg doain ke jeleknya mereka, karena apa yg kita tanam itu yg kita tuai, jadi tenang aja, yg penting kamu ttp jadi orang yg baik ya, love you, kamu pantas lebih baik dan terbaik",joy
8713,"ga tau kenapa, aku sedih banget. kalau ada apa-apa jangan ngomong sama mamak, ngomong sama aku aja",sad
4765,"baru kali ini merasa jadi hrd. ada orang ngelamar lewat wa cuma ngirim cv berupa foto, ada orang ngirim cv tapi surat lamarannya gak pake font normal, ada orang ngirim cv tapi seadanya banget. tapi ya mayan banyak juga sih yang benernya. heran aja gitu",neutral
1601,beraso nok makan biskut raya awal eh takut tokdei raya tahun ni,fear
12096,"wkwk aku suka banget sama sifatnya yang natural, ga asik gini",love
1269,aku takut,fear
128,"tolol, namanya adek ga harus anak kecil. adek ya, yang posisi lahirnya setelah kakak, mau jecil atau gede ga ada urusan.. dongo",anger
10068,"gak sih ya, ngeri banget kalo hidupnya diganggu orang-orang toxic",fear
10511,"heheh tapi aku takut dibully, nih",fear
1711,agak ngeri ya,fear
4182,"selamat pagi, kara! tentu saja boleh, dong. akan saya jawab, ya. b: auramu cantik dan anggun sekali. saya ngelihatnya amazed, serius. n: kita jarang mengobrol ya, kara. tapi ayo kapan-kapan kita ngobrol gitu, you seem like a fun person to talk with!",neutral
7299,"aku juga sih, isal semangat",joy
9158,"gemes deh, dia marah sblmnya karena tak ada orang masuk kelas, tapi ternyata dia yang salah masuk link",anger
4235,"kan jadi seenaknya memperlakukan ke kita, berhentilah berpura pura seolah olah semua nya baik baik saja. hatimu bukan baja",neutral
6995,"pacarku suka ilang ilangan tanpa kabar dan kadang ngilangnya bisa seharian gitu, nah sekarang dia juga ngilang lagi udah 2 hari. kalo aku minta putus gitu aku berlebihan kah? jujur aku udah cape banget tapi aku masih sayang",sad
8239,aku mau kamu cinta aku. tapi kamu saja sudah muak denganku. aku sedih,sad
2398,"finally jimin my angel, anak lucu uda negatif dan uda mau keluar dari rs kan senang banget rasanya jim lihat notif wv pagi ini makasih uda pulih pokoknya tetap jaga kesehatan sayang",joy
11264,"ini laki satu poutnya luar biasa, aku suka bgt sama poutnya, jadi happy banget nih",love
9276,"marah banget, udah ga kuat lagi, emang udah keterlanjuran",anger
11784,"akhirnya lagi jatuh cinta sama lagu yang judulnya anymore, rasanya relate banget",love
12028,"gila nih si cewek, udah jatuh cinta ke seseorang, jadi kebangetan banget. Tulusnya gitu aja, padahal udah putus, susah move on-nya",love
8426,"rasanya sepi banget, ya mending nongkrong aja di kamar",sad
8877,"sayang, tapi ya ga bisa bersatu. kita hanya bisa jadi teman. itu udah lebih dari cukup. insya allah",sad
10595,"aku takut, ini baju yang dijahit sih, ga ada yang bisa diubah lagi",fear
1186,kenapa pas gue kirim pas banget dibaca dari bawah anjengg malu bgt untung ga dikasih liat nama pengirim nya siapa,fear
8854,"sedihnya aku, ga ada yang tahu",sad
12380,"sayang bgt bro, aku suka banget sama kamu",love
12337,"ga tau apa yang mereka pikirin, tapi aku cinta mereka semua",love
12240,"hmmm, Chongyun itu keren bgt sih, cinta bgt kalo punya dia, dan keren juga dia memang",love
1977,jangan jatuh cinta dan suka daripada sakit hati!,fear
5314,tida kaget karena u deserve it,neutral
12457,"loveeeee masker ini, bikin kulit jadi terhidrasi dan terlihat fresh pas bangun tidur. recommended banget!",love
4247,"makanya g fanatik sama politisi bro.. hingga sy yg menilai obyektif,dikira benci.. sy rakyat biasa bro,jd politisi atau pendukung politisi yg cuma mentingin pribadi/golongannya saja",neutral
9952,"jangan ngelonte, biar otak jadi seger, tapi kalo kamu kafir yang ngelonte sama ibadah yang utama, udah kebangetan",anger
9974,ngeri banget bila dah start beli ni kang semua fav chara la nak beli,fear
10018,"emang gw yang paling shock, nih",fear
915,fb gak enak banget..,anger
1305,ah takut,fear
1096,wes kesel + kecewa,anger
3049,"wow hari ini rasa rajin banget. belanja ke pasar terus bikin ebi furai nge-recook resepnya ci devina hermawan. untung berhasi dan enak, jadi semua orang rumah suka.",joy
12297,aku suka banget klo ada yang komen done tp aslinya ga fw.. aku bertanya di dalam hati done komen atw done fw?? hehehe,love
6653,sedih aku lagi berantem mereka saling cemburu akhirnya win ngembek,sad
11992,"makasih keren banget, aku si Ellie. kalian suka siapa di Enhypen?",love
1273,masih kaget.. dijilat??,fear
5698,"iya kan? mana kadang ada yang out of context banget deh replynya. kalau si adi ini kayaknya agak ngegas orangnya, nggak kayak si audsun yang somewhat terkesan lebih chill? nah, tapi si audsun nih suka ngereply random banget dah. tapi eh jangan-jangan mereka berdua temanan..?",neutral
6945,ternyata ngekos sendirian ga seenak yg aku bayangkan mending ada temen kamarnya jadi enak ada temen ngobrol,sad
9459,"ga sabar lagi sama kegagalan ini, aku kebakar",anger
10211,"eh, tadi baru tahu si crush gw tiba-tiba datang, gw jadi gosong lah, harus nge-drag temen gw biar ngelantur, kalau tau kan bisa malu",fear
2796,haii apa kabar gembira pertama kali twitter,joy
6797,"welcome back denise sedih bgt baca pengumuman dr kamu pagi ini, apalagi liat insta story km yg foto sm member but, walaupun kalian terpisah sekarang, aku akan tetap selalu dukung kalian.",sad
1398,"jangan lupa ngingetin ayang buat napas, takut lupa malah repot",fear
6615,"gw nggak tau kenapa bisa ikut bahagia ketika kamu sedang bahagia, dibilang kontak batin takutnya gw salah.. gw udah terlalu sering menganggap semuanya pure dari kontak batin, tapi terkadang hal tersebut yang bikin gw kecewa dan gw nggak mau mengulanginya. dibilang care, iya bgt..",sad
3358,"siapa tau ada yg sayang aku, jadi ini kan h-1 karna aku ga suka coklat dan akunya lagi seneng bgt olahraga boleh request ga kalo dikasi yg berguna buat olahraga gitu. semisal sepatu / kaos juga gapapa yg ptg bisa buat olga. wkwkwk",love
7755,"aku bahagia kamu sedih amat sayang, kamu jangan libatkan orang lain yang ga peduli kamu. terimakasih sayang diri sendiri dan menghargai masa lalu dengan tidak berdrama di masa depan",joy
183,lah ngapa jadi bawa sby? bro pada hakikatnya sah2 saja apabila ada orang yg muji maupun benci asal alasannya konkret dan tdk munafik ngomong apa ngasi gambar apa.. jaka sembung bawa kembang ga nyambung sayang,anger
8045,kenapa aku gak bisa menemukan orang yang mengikuti balik akunku baru ini,sad
4462,"gaiss, boleh saranin aku micellar water untuk skintype normal to dry yang sensitif sama kandungan fragrance ga? terima kasih!!",neutral
9132,"gemes deh bikin aku marah, gak tega nih",anger
8337,"bangun tidur tiba-tiba sedih, kenapa sih?",sad
3563,keren!! temenmu pasti suka banget,love
9537,"aku kesal banget sama pendapatnya, ga percaya sama orang seperti dia",anger
11698,"aku suka banget sama kalian semua, terimakasih",love
6513,"pagi ini terbangun dengan perasaan campur aduk, ya emosi, ya sedih. bingung mau ngapain, rasanya tuh lama banget waktu berputar. makin gk betah di rumah.",sad
4567,"365. kalau mau gestun limit kamu di spaylater, gopay coin, gopaylater, akulaku, kr3divo, indodana dll langsung saja ke cair cepat gak sampai ber jam-jam!",neutral
10292,"ngeri banget liat wanita itu, gue ngga ngerti apa yang dia mau",fear
6603,heran gue masi pagi udh nyinyir aja yaampun gimana gue ga suka sedih yaa.. even kesibukan gue aja lo ga brusaha cari tau gitu malah begituu,sad
10202,"gua seneng bisa ngumpulin nyawa buat ngelawan hantu, tp kalo gua bener-bener ngelawan hantu gua malah pusing",fear
2656,"hbd jisung, semoga km selalu dikelilingi orang-orang baik, selalu diberi kesehatan, dan semangat untuk cb nya yaa..",joy
10446,"ikan malah loncatin dari akuakum, aku kaget banget. kalo gue kaget, kalian pasti tertawa kalo liat gw",fear
4305,realita mengagakan tydack anak moeda. kita turuti saja,neutral
1961,takut banget km suka orang lain huhu :(,fear
4992,"untuk merasa bahagia, bingung, kecewa, sedih, atau marah adalah masalah keputusan. bila anda memutuskan untuk merasa berbahagia maka bahagialah anda. dengannya, kebahagiaan anda adalah sebetulnya hasil dari ketepatan keputusan-keputusan anda",neutral
4891,"ga tau, ga ada kabar",neutral
6138,gue lagi sedih banget loch ges,sad
5815,"kirain jumat loh, vibesnya kaya hari jumat sepi gitu",neutral
5869,"bulu-bulu mereka jadi tempat penampung tangis dan air mata haha bener bangett. walaupun ga mudah perjuangannya buat bikin mereka hidup tetap sehat dan bahagia sampai akhir, it's all worth it. very much. to be able to provide them with happiness, padahal sebelumnya tidak seperti itu",neutral
9103,"wah siapa ya orangnya, teriak-teriak pandemi tapi ngelakuin hal2 bodoh aja, kasihan rakyatnya",anger
6395,"berani kok, kalo gw lg stress+banyak masalah mesti rewatch, biar ngrasain jg sedih dan capenya mereka, ga cuma gw doang yg menderita wkwk",sad
11939,suka banget sama ide ini,love
6226,"terbunuh sepi 8/10 bukan lagu boyband, tapi dibawain mereka jadi keren bgt dg harmonisasi yg wowow bikin mrinding, disini bener2 nunjukin kualitas vocal mereka sih",sad
9493,"aku ga suka kau, nyesel banget ngapain deh nih",anger
12565,usaha banget cari duit.. btw jajan di kantor aku suka gitu pas misal gak masuk jajan maksa gitu nitip2in jajan .. akhir nya besok nya tak bilangin .. besok2 jangan gitu ya.. soalnya emang lagi gk pengn jajan..,neutral
8938,"ya kan, ga bisa dihindari sedihnya",sad
1251,seronok plus takut ada jugak. nk tengok sejauh mana kebolehan diri. bismillah..,fear
3176,"jangan khawatir boy, gw juga gagal pinalti tadi kok. apalagi ini cuma kompetisi haha hihi piala fa aja, santai boy.. kata babang ronaldo.",joy
5072,kurasa miiko adalah..satu2nya orang yg tak bs bikin tappei marah - yukko,neutral
3359,"grandpa vibe banget ya ""dulu kakek banyak yang suka, tapi kakek jatuh hatinya sama nenek kamu""",love
12269,"happy birthday bestiee, love uuuu",love
7975,"ngantuk sih, tapi nih gak ada yang ngajak ngomong sama aku",sad
8452,sedih sih kalo makin gede ga bisa belajar lagi,sad
9767,"terorisme keren-keren, justru orang yang membunuh guru karena fitnah itu yg dikasih bekal seumur hidup. keji",anger
9221,"baper banget deh, akhirnya layangan putus bareng muridnya, jangan sedih yaa, mas aris emg gitu, suka gk tau diri, padahal udh dpetin cewek yg bak ratu",anger
7466,"yaaahhh, akhirnya dowoon wonpil juga dapet wish dari member, sungjinnya kaget juga okee eod, youngnya juga lahh,, ada dia juga wkwk",joy
11660,"gue suka banget sama sentuhan tangannya, lembut dan bikin sepi sejenak",love
3289,"ada untungnya juga semalem matlis, ga kecewa karena ga nnton mu wkwk",joy
11357,"liriknya bikin aku sedih, sama kehidupan banyak orang, karya yang di tulis mark beneran bagus banget, dan bikin aku bangga sama mark huhu. i love you mark",love
7747,"aku udah biasa dianggap jahat, tapi aku ga peduli lah wkwk",joy
7411,"yeay, kabar baik buat hari ini, semoga cepet sembuh ya baby mochi",joy
7538,"terima kasih buat kamu yg selalu ada di saat senang dan sedih, seneng banget rasanya ada yg temenin",joy
11257,"terang benderang matahari, tiba-tiba aku teringat pada kamu, aku selalu menanti kehadiranmu, hari ini aku cinta padamu, apa kabarmu hari ini",love
3190,"semangat kak, jangan banyak pikiran dulu ya kak biar imun nya tetap baik kak, banyak minum vitamin kak, ditunggu kabar baik nya kak",joy
1573,wkwk beneran takut tp,fear
9469,"kalo gua suka diem doang, gua kaga gigit elah. Lu cowo yg gentle dong masa kalah sama gentle jen.",anger
1051,sekarang lagi jaman yang ga suka film/drama korea juga nghype film/drama kor ya ntar review jelek halah kalau emang udah ga into mah mau sebagus apapun bakalan ga masuk -_- heran deh pada seneng banget review jelek ke sesuatu yang lg rame dikira keren banget apa ya -_-,anger
4069,"ketika kamu sedih, kamu boleh tutup matamu, ketika kamu tidur juga kamu boleh tutup matamu, tapi jangan tutup hatimu untukku eakkk",love
9747,tweet yg gak enak denger.. *kagak beranak dgn yang ngomong kebegoan,anger
3218,"wauww seneng dong wan bacot mau ngapain saja sdh bebas : bkr pasang naturalisasi bgn klaster2 smr resapan demo setiap hari buat sirkuit di monas ngecat atap2 rmh warga buat tugu2 sepatu beriklan mangkrak tugu sepeda keren, bebas mau ngapain saja",joy
8511,"jadi yaudah aja rasanya, tapi masih mesti tahu aja sih",sad
272,"setan kribo ini model 2nya kyk si murtad saefudin ibrahim yg skrg pendeta yg selalu mendeskriditkan islam..si setan kribo klo mo murtad, murtad aja sekalian..jd umat islam cm bikin masalah n nebar fitnah..klo pemahaman agama islamnya dia bener gak kyk gini narasi si bangsat ini",anger
2042,masih dongg wkkwkwtar klo gk semangat gk bisa bucinin bebep2 aku,joy
4763,"tadinya mau bilang ""jang naeoun?"" but then hmm ternyata untuk makan saja interesting",neutral
7919,"twt w udah bener gk jelas, sedih, marah, kesel, nyinyir, lambe turah. gak jadi manusia lagi. biar pak ayi ngobatin mentalku dulu yah",sad
1874,"ngga sih, gue malu soalnya pake baju haram. ga terbiasa juga pergi2 pake baju begitu",fear
8791,"waduh aku kecewa banget sama harga foundation Shiseido yang mahal banget, aku sedih bgt :)",sad
1086,"lah anjir kalo udah biasa manggil adik mah adik aja kali, gajelas lu anjir. emang lu aja aneh masih cari pembelaan",anger
1473,takut skripsi,fear
7282,"yeay hari ini semua harapan ku terpenuhi, akhirnya jimin sehat dan keluar rumah, terus hari ini lagu stay alive akan dirilis, alhamdulillahh aku merasa sangat senang, terima kasih untuk keberuntungan ini",joy
10973,"oh gitu ya, kalo di offeran terus bingung juga sih, klo ga salah kasih harga pas di harga pas aja deh",fear
8450,"kenapa ya mas crush jadi pacar temenku, aku kalo dilihatin bakal jadi model jadian, aku jadi sedih gpp",sad
9611,"adegan cewek baper terhadap cowok yang bikin ceweknya jadi nggak nyaman sama cowok yang lain, diawalnya ceweknya minta penjelasan kenapa cowoknya suka bercanda sama cowok lain selain dia, tapi cowoknya nggak mau menjelaskan. Ceweknya jadi nggak nyaman sama cowoknya",anger
2186,semangat puasanya an,joy
11497,"aa aku suka banget senyum tae disini, sayang sayang bangett",love
4322,"ibu dr biologi, ayah dr pertanian. untung nama anaknya normal normal",neutral
10553,"nggak percaya diri deh, takut jadi bahan gosip",fear
10023,aku takut ga ngerti aturannya jadi tetep sengaja dibiarkan,fear
5831,eiyy ngga repott seriuss duariuss deh apa yang ngga buat daraa¼ soo jangan sedih yaa pasti ada kok yang mau baca cerita kamuu,neutral
10944,"aku ngga mau ngejar, ngerasa terlalu takut kalau kena ngejar, mending gak usah berani ngejar",fear
498,"makin benci sama jumat. 24 jam termual untuk sebuah perjalanan darat, tasik cirebon tasik. sabtu udah kerja lagi, mantaaaap. badan makin ancur udah ini, tinggal tunggu matinya aja lah.",anger
8147,"ahh ya ampun aku ikutan sedih, rasanya kena juga gitu",sad
8959,"nyesel banget, badan gak enak, rasanya gak sempurna",sad
4709,tentu saja tidaak wkwk,neutral
8589,"gua sedih banget nih, mereka udah out dari grup, tapi gua ga ngerti apa yang terjadi, gua cuma tau mereka baru",sad
11163,"jadi bingung, kalo suka sama jurusan tari harus masuk sini atau sana, tapi aku suka sama anak-anaknya dan suka banget sama acara-acaranya",love
4485,moj yukks boleh off4r sesuai budg4t saja,neutral
10907,"bingung nggak mau nyoba coklat baru ini, rasanya jadi aneh gitu",fear
3478,ini menambah wawasan sih cuman fokusnya emang ke situ aja jadi plotnya agak flat..? tapi aktingnya keren banget asli suka sama chemistrynya,love
9612,"gimana bisa kaget, enggak sih kaya gue yang awas, hihihi",anger
3924,cinta kita melukiskan sejarah~ menggelarkan cerita penuh suka cita~,love
1748,kenapa acc gede moa banyak yg rest moga cepet balik yaa duhh takut gue rada2 kepikiran dan sedikit trauma,fear
732,"kalo aku marah, ngambek, kalo aku bls/jwbnya singkat2 & akhirnya cuekin kamu. itu artinya aku pengen kamu peka, perhatian & perduli.",anger
2553,"seringan apapun masalah, karena malas ia terasa berat.seberat apapun masalah, karna semangat ia bisa diselesaikan & menjadi ringan.pagi =)",joy
2463,"enak banget kerja gak ada bos sambil dengerin lagu jeketi, nikmat sekali rasanya",joy
7873,"alhamdulillah sehat lagi makan normal, piringnya bersih, mama bahagia, penjual senyum",joy
11030,"kaget bener, log out tiba-tiba tapi ga limit",fear
8990,"ya udah, kangen banget sama yang udah pergi, sedih rasanya",sad
7850,"akhirnya ketemu pacarku, aku happy bgt gaes",joy
2662,"terimakasih udah sa-in dan bikin seneng selama 3 hari yaa dan bikin semangat harinya-aku yeaay! mau kasih love juga biar kamu gr .g,kamu juga sehat-sehat jangan kebanyakan makan garem kasian nanti darah tinggi (?) istirahat yang cukup, banyak minum air putih juga~ see ya",joy
11737,"suka banget sama lu, meski udah lama ga ketemu",love
8723,"nggak enak rasanya kehilangan seseorang, aku sedih banget",sad
3113,moots aku free tag jadi tag aja sepuas nya oke aku tuh suka banget liat notip ku banyak gini,joy
3303,kalau ada teman abg yg murung pagi ini di pastikan dia fans mu wkkwkwkwkwkwkw,joy
6250,udah lama ga denger suara denise. jadi pas dia ngecover lagu day6 sedih gue jdi +++++,sad
1344,ngeri dia keseleo aja di korea kan gada tukang urut,fear
11079,"skrg gue ga berani lagi ke bioskop, padahal dulu biasa-biasa aja, kenapa ya?",fear
8741,"aku ngerasa ga bisa mengingat sesuatu dengan baik, terutama hal-hal penting seperti hari ulang tahun teman terdekat atau keluarga, padahal aku udah ingat jauh-jauh hari. Aku ngga tahu kenapa. Aku capek.",sad
1690,"idih nuning kabur dari space ka ciba .,, takut yah",fear
12393,sejak nonton drama korea our beloved summer aku jatuh cinta sama choi woo sik,love
9191,"udah ngomongin kecewa banget deh ini, jelas gue paling ga puas",anger
5048,orang bijak belajar dari orang bodoh. orang bodoh tidak mau belajar dari orang bijak.,neutral
8028,"tetep aja sih, aku sedih gaes",sad
8487,"jadi sedihnya aku nyari kembarannya, malah ternyata dia juga sedih",sad
3308,"selamat pagi fans mu. sabar, masih banyak kecewa yang harus dilalui. wakakaak",joy
1504,"kak sumpah klo upgrade dri hdd ke ssd tu gabakal ngehank gini gak si? tabunganku cuma cukup buat upgrade itu, tapi takut juga ada kebutuhan praktikum mendadak. jadinya aku maju mundur mau upgrade",fear
11524,"hey sender, aku ready untuk hari ini untuk share cintaku ke kamu dalam bentuk gambar atau cerita, bisa dalam bentuk frontal atau non frontal. Tipe saya itu cenderung suka bawel dan paling suka pampering, aku sangat sweet banget sama pasangan dan suka kasih pukis ke kamu nanti",love
1806,"pelajaran aturan sinus cosinus ""ini segitiga apa"" aku reflek jwb ""segitiga sembarang"" ""segitiga abc"" pls malu bgt tp ga salah kan. shshsksjsjjh malu mana jawabnya kenceng bgtt",fear
3871,suka banget sama foto makanan.,love
1288,sumpah takut banget,fear
3791,aaaaaa seneng banget. micchi riko satu film entah kenapa pas nonton kiekoi juga aku suka bgt kalau mereka berdua satu scene,love
5217,sebanyak 85% wanita dan 73% pria mengakui bahwa rasa marah dan kesedihan akan berkurang setelah menangis.,neutral
10260,"takut banget sih nonton draw gp ini, kapan aja ya",fear
11991,"dari semua fs mfs yang paling aku tunggu pasti khawla karena dia keren banget, ga ngerti lagi, aku suka banget kalo dia ngobrol ama mark",love
1067,pengen mengumpat seperti biasa.,anger
8786,"ga bsa ngerti kenapa dia gitu, nyesel aja",sad
11957,"bang johnny, aku suka sama kamu karena kamu tak pernah menonjolkan diri dan aku suka banget sama orang-orang yang tak pernah menonjolkan diri. aku pribadi ga suka dapet perhatian, aku pengennya nemenin orang yang emang--",love
1717,"pp! boleh minta kritik dan saran? worth gak ya kalau jadi ready stock? takut malah flop gitu, tia",fear
2696,senasibb wahh ada less semangat yaa kak jepp jangan lupa minum air putih yang banyak!! have a great dayy,joy
6451,"cintai bahagia karena dia membuatmu ceria, tapi cintai juga sedih karena dia membuatmu dewasa",sad
1848,emg dri dulu gak bgitu takut w sm ni virus. sungguh sgt percaya diri tp beneran alhamdulillah sehat trus,fear
4512,ld nya scratch normal ld itungannya smol demej yaa? aku dom jkt nderr,neutral
9378,"ga tega banget lu ngomongin gitu, cekakak",anger
11630,"agatha chelsea cantik banget, aku suka banget liatnya, suka banget",love
2431,"halo, siapapun kamu dan dimana pun kamu semangat terus ya. masih ada langit di atas langit, semoga apa yang kamu takutkan ga terjadi ya! dan semoga hal baik yang kamu ingin kan bisa tercapai. klo msh ngerasa bingung cerita kesiapa, maybe kamu bisa mulai cerita ke aku, be happy",joy
9313,aku kesal banget sama dua orang itu.,anger
4660,masih telkomsel saja,neutral
6622,halah paling juga gugur lawan psg. kecewa sama taktiknya,sad
3435,"wajar kok ver, kemaren juga ku liat tiktok lama private school check yang dibikin sama salah satu anak angkatanku, kangen banget liat kelas, pengen ngobrol2 di sana lagi tapi mana mungkin wkwkw sama bangett suka nyatu2in meja gituu biar enak ngobrolnya",love
8827,"kaka olaa bikin karya yang keren dan rumi iyel bikin aku bahagia, makasih banget kakak dan kaka",sad
7347,"akhirnya sarapan si enak, aku happy bgt gaes",joy
11811,"aku suka banget baca cerita dia, terutama bagian deskripsi keindahan fisiknya, jadi ngga kebawa-bawa sama detail alurnya, hehe",love
142,"padahal gw stay di lokasi jg dianggurin lol buat apa lu nge-hire org luar klo kyk gini ceritanya tolol jd ga pengen gw duitnya mereka gajelas bgt, bikin stress doang, padahal mah ya tinggal beresin doang si, proyek dah kelar juga, dibikin pusing amat",anger
8845,"sian banget tapi masih pagi, aku ga bisa tidur mulu",sad
5586,"selamat pagi simeulue , sabtu semarak akhir minggu bersama teman-temanmu apakah kamu merasa masa kecilmu lebih bahagia dari kebanyakan orang? download neo bank masukan kode referral ha4yk2 dapat hadiah tunai rp 18.9rb perjuangan penerapan syariah",neutral
12100,"aku suka sama maruko, dia anak2 banget tapi juga sopan, sedangkan jadoo agak bandel tapi masih lucu",love
6992,"sampe sekarang masih bertanya tanya kenapa orang suka banget buat sampah di halaman rumahku yaa, sedih harus bersihin terus",sad
9186,"gemes deh sama daddy, marah banget sih, kecewa juga",anger
8498,kadang kita bisa menyembunyikan begitu banyak rasa sakit hanya dgn satu senyuman palsu.,sad
6804,"thanks denise udah menghiasi . akan selalu kami ingat sebagai mm, our super main vocal. kerandoman denise, keceriaan denise, thank you for all. sumpah sedih banget denise out dari sn, nggak tau alasannya apa kok out. tapi mau gimana pun, ttp dukung sn denise",sad
6749,"pdhal w ga stan secret number, tp kok ikut sedih denger denise keluar",sad
6100,ini bangsa yang sedih dan menyedihkan..,sad
5290,"halo dearest sender, ayo sini sama kak vin kita ngobrol. kak vin dengerin keluh kesah kamu sekalian kasih saran. jangan takut untuk keluarin semua keresahan dan isi hati kamu ya. tentunya tidak judgemental kok. kalau kamu tertarik, boleh langsung hubungi",neutral
8299,"jangan marahin dia kalau dia udah ga peduli, tapi marahin dirimu sendiri. kalo dia pernah peduli, kamu gak pernah ngapain",sad
3409,"makasih kakak bianca. nama kakak juga cantik. oh! sama sih tapi engga suka yang suka banget gitu, kalo bagus terus genrenya horror ya aku sukaa! kalo aku untuk genre lebih milih thriller! c:",love
1117,"kebiasaan banget selalu bawa member lain, selalu ngebanding bandingin. dikira member lain gak sedih juga apa?",anger
10402,"terus terang aku khawatir banget sama kondisi hari ini, ngeri yah",fear
1756,takut kaya dulu lagi wey,fear
497,klo benci sama,anger
9877,"hahahaha, tuh kalo udah bangkotan, jangan ngomong lagi",anger
8225,"sayang banget, tim kita gagal",sad
870,"siapa tau lewat tl twitter anaknya, biar malu tu orang, makhlk tdk tau diri gitu",anger
3357,"masih nggak ngerti sama orang yg suka maen kode-kodean, padahal to the point itu enak banget",love
912,yg bisa wfh mah enak bang. sarkem mana bisa. cacat nih kantor w,anger
7678,"ngab, selamat ulang tahun! turut berbahagia sama lo. semoga hari ini lo ngga ada yang sakit-sakit lo. semoga hari ini lo ga bosen sama hidup lo. semoga hari ini lo bisa nyari kesenangan di mana-mana. semoga hari ini lo ga bosen sama twibbon ini.",joy
721,otak kaum lo yg tolol. pake sumber yg nasional drun.,anger
2805,"haha iya, kamu juga harus semangat!",joy
12524,"mau ngobrol ga? nanti gue mention, jangan lupa panggil nama gue ya",neutral
886,"kalian pernah mimpiin seseorang yg random? dan lgi ga mikirin org itu, mimpinya absurd dan kerasa nyata, kaya klo mimpiin org lain tuh aneh aja padahal sebelum tdr biasanya udh prepare diri (doa dll). dan sebel jg apalagi pas tidur kebangun gara2 kaget/ada suara bising:(",anger
12094,"suka banget, vibe westernnya bagus banget",love
9257,"gimana gitu nih, padahal kalo aku ngasih tau dia kalem banget, kenapa kalo dia yang ngasih tau aku marah marah?",anger
11381,"aku suka banget sama aoi dulu, lupa kenapa udah ga suka",love
9657,"bangsat banget mimpi ndaknya, aku gemes bgt, mendingan ga usah tdr",anger
1520,"sebenernya lagi gelisah dikit soalnya tadi sekolahku banyak yang positif.. tapi overall baik-baik aja kook, hbu?",fear
7396,semangat dan bertambah kuatlah kalian! @frp_natsud_ @frp_lucyheart @frp_wendy,joy
10947,wuih kaget deh ga sih mereka juga udah tau aku mirip sama orang lain,fear
2746,semangat ya,joy
8600,"kadang kita terlalu bodoh untuk memberikan apa yg kita punya dengan orang yg bahkan kita tidak tahu apakah dia akan menetap atau pergi, padahal kita tahu dia membutuhkannya, padahal kita punya",sad
3545,"aku pake charming wanginya tahan lama bahkan klo kringetan, wanginya tambah nempel di baju. klo freshy wanginya bunga banget, aku gk begitu suka bunga jd charming worth to try buat aku",love
314,ya ampun pagi pagi udah bikin emosi wkwk,anger
1799,"rep aja bro, takut nanti nyesel belakangan",fear
327,dia pasti marah,anger
3757,"sekarang udah di remake sama authornya, nder. namanya l4dy 1n r3d di ijo (eng). tapi ceritanya udah berubah banget sih, gk kaya cerita p4tch1 yg dulu tapi p4tch1 nya masih suka b*nuhin orang wkwk ya masih tetap kurang sih",love
9427,"kalo liat orang bikin pie pagi-pagi, rasanya enak banget gataunya slime, ga abis pikir",anger
4204,"halo, aku bikin akun karyakarsa yang mau dukung di sana, boleh saja terima kasih",neutral
5850,joke tu lawak love tu sayang like tu suka sad tu sedih,neutral
6129,sedih bgt sedib..,sad
5447,enak aja,neutral
3129,"assalamualaikum temen-temen ini keadaan alan sekarang yaa sudah lebih baik alhamdulillah dia makannya lahap, sudah minum obat dan rutin aku kasih salep tapi sayang banget dia kalo pup minta keluar rumah dan harus dijagain supaya nda kena kucing kampung yang suka nyerang k",joy
7440,"siapa tahu kak, disini juga pernah begitu, beneran masih abg, semoga hari ini cerah",joy
1996,"kirain saya saja yg g sk seblak, nyium aroma y saja mual",fear
9365,"nggak mau pacaran dulu, mama nggak mau",anger
3968,"manusia tuh beda-beda, isi kepalanya juga beda. ga semua orang suka dan nyaman dengan konten mlm wlw makanya dikasih tag. straight ship aja ada tagnya sendiri kok di base wkwkwwk kita bukannya homophobe tapi preventing dari adanya potensi keributan di dalam fandom",love
11186,"lagi-lagi lagunya lagi bikin nangis, eh iya aku suka banget sama lagu ini",love
9966,"weekendnya jadi gagal, aku penat banget jadi supporter mu",anger
1973,"mau tanya, kalian lebih suka /bw kalo di au tuh yg seumuran/ si bright lebih tua jd manggil kakak gitu. bimbang banget",fear
336,"tapi walaupun ada scene uwu di rs, rating malah turun. karena setiap scene ada si jessi yg muncul, jadi pindah2 chanel tiep dia muncul. lebih baik ku lihat konflik perebutan reyna walaupun harus emosi juga liat tingkah kuyang. tapi ketimbang aku lihat si jesika",anger
2764,kelon enak hun,joy
9967,"bang mark keren bgt di mv child, pengen gw gak bisa",anger
275,anak cucu para bangsat bangsa?,anger
7793,"ffvii juga aku suka, konsep sekolah magic soldier di game ini keren banget. dan battle antar sekolah. pertama kalinya cutscene battle squall vs seifer memikat jutaan player (aku benci rinoa!) jauh sebelum harry potter rilis",joy
2985,wkwk sama bangga banget merasa bener nebak jeongwoo walaupun sempet ragu sama bahunya tapi yakin suara jeongwoo,joy
2686,seng semangat ah,joy
7724,"yeay akhirnya drawku keren banget, anak-anak seneng banget, kagum gaes",joy
4620,numpang nanya ; kira2 bakso beranak itu lahirannya cesar apa normal sih??,neutral
6531,"huhu iya sedih, agak ga rela",sad
3477,"bangun tidur, gitaran, no make up, ngegame, doing sport thingy (baseball dll) duh gue suka semua",love
8282,"aku sedih, tangan ayahku terluka",sad
3558,jeanne pas rambut panjang cantik banget dah gue kira emaknya jeanne wkwk sayang jeanne,love
5715,"kadang suka cape ngehunter suka bosen juga, idk perasaan dulu sm sekarang pas ngehunter tuh udh kyk beda banget, dulu kyk nenggebu gebu semangat 45 buat ngert tp sekarang nggak kyk males banget gk ada semangat2 nya",neutral
2809,"iya peran di about ada 3pengirim cerita, konselor, penonton. tapi di form cuma ada konselor dan penonton, kudu ottokhe??,seriuus? wkwk aku ngga tau ih kirain dah ganti jadi foto mijoo unnie aduh jadi ngga enak terima kasih kak rowun!!",joy
11727,"weekend yang paling aku suka adalah weekendnya me time. weekend paling asyiknya adalah weekendnya nonton series sepuasnya pakai IndiHome, gimana weekend kalian bestie?",love
4861,semoga bisa cepat pulih,neutral
2334,"yang semangat, cantik",joy
9143,"aku ga ngerti kenapa aku marah, tapi emang aku marah",anger
5246,"jangan takut oleh jarak, karena jarak yg telah mempertemukan kita",neutral
3416,"piw hai sender sini sama kala ganteng wkwk avail hari ini dan bisa req ava jugaa plus bisa provide nsfw mau imagine atay dirty talk baik frontal ataupun non frontal bisa kok jadi kamu tinggal mau req yang mana silahkaan , aku juga tipikal pacaran itu suka banget bawel",love
307,salahnya dimana ketika harus marah pada hal yang salah?? sedang kebaikan kebaikan yg juga ada pada video engkau potong potong.. gak kelas komisaris ndul..,anger
12506,"saya setuju dengan segala statmentmu tadi hanya saja khusus di Indonesia untuk diimplementasikan seperti itu amatlah berat, bahkan pemerintah pun jika ingin membuat kebijakan seperti ini agak sulit karena bakal banyak pertentangan dari kaum maha suci baik verbal maupun fisik nantinya",neutral
3908,"sebagai pembaca setia webtoonnya, aku gak suka banget sama dramanya, apalagi endingnya. jelek. puol. rating dariku 3/5, tapi tiap orang punya preferensi masing-masing yaa",love
9578,"ga sabar banget kalah di 11 match competitive, udah bosen bener, mending ngunduh game lain aja",anger
348,aq sumpah benci nerd yng main romen buku setiap hari pastu poyo nn hotboys,anger
5918,"jangan sedih, mereka tiang, kita normal kok.",neutral
826,"kalo main tiktok bikin lu jadi orang tolol, gak beradab, gak tau toleransi better u stop main tiktok. hanya karna konten jadi kehilangan attitude",anger
5296,pake ikut2an kaget segala,neutral
7243,"yeeey, semangat semuanya hari ini! (hanya satu kata)",joy
11970,"aku suka sama semua, tapi suju itu semuanya, persahabatan, cinta kasih, kebaikan, kesempurnaan, dan kerendahan hati mereka",love
10131,"coba deh, ayo kita bersatu memerangi kecemasan. Aku sudah berusaha mengurangi faktor cemas dari diriku, tapi tetap saja ada hal-hal yang harus dipikirkan",fear
4482,wes tak sepurokan,neutral
9247,"ga suka banget pelajaran ppkn, rasanya udah nggak ada artinya lagi",anger
3682,jake bias wrecker bangetsuka bikin oleng,love
8761,"aku mau mutal, akun baru ini masih sepi bgt, nyesel beli followers, pengen banyak follower",sad
10567,"jangan lupa ayang makan dan minum, takut ayangnya sakit",fear
2053,semangat ngantornyaa,joy
8416,"akhirnya, setelah saya share tulisan ini, rasa takut yang melingkupi saya ketika keluar rumah di malam hari lewat jalan-jalan yang sunyi bisa hilang. saya membawa handphone saya, mengambil foto, dan tweet lagi di tempat yang terang, setelah itu saya bisa pulang dengan selamat.",sad
12109,aku suka banget sama gaya artnya,love
71,gausah kaget kalau tiba2 gue jadi benci sama sodara gue. dasar orang gatau diri. benalu. kacang lupa kulit. bajingan sama sodara sendiri.,anger
8482,"eh ternyata kini aku cuma seorang yang dilupakan, sedih banget",sad
6855,adik ajak jogging. pastu aku mimpi aku dh jogging dengan dia. aci la tu hahahahaha bodoh sekarang,sad
11454,"hey guys, selamat pagi! aku mau ajukan si tristan karena kriterianya cocok. dia suka kasih ciuman dan suka kasih afeksi, dia penuh cinta dan perhatian. dia penyayang dan perhatian. dia akan menjagamu",love
11998,"aku suka kasih sayang tapi geli kalo sayang balik, pengertian nya sih ga ada",love
6751,lupa banget caranya nangis.. kadang biar nangis gw pancing pake nonton film sedih ttp aja susah.. gmn ini ya takut sistem air mata udh ga bereproduksi lg,sad
11707,"aku suka banget sama kamu, sayang banget loh, jangan sampe rapet deh",love
9026,"gemes deh, aku cewek yang bikin cowok liat ke kamu, tapi kalo kamu bucin aja ya mau liat cowok lain. Sedih deh, kan? Hehehehe.",anger
10270,"jadi penasaran nih, apa yang harus aku lakukan?",fear
8807,"ini gimana gitu, emang di Indo kita ga bisa sedih yah?",sad
5356,20. (orang yang mendapat malu di suatu pertemuan) i vote for at the 2022,neutral
1666,hahaha iya benerr aku pun kaget ternyata ujung2nya anak bio,fear
7579,"aku suka ngeriin nasibku sendiri, tapi seru juga ya bacain tweet yang kemaren feeling orang gilanya dapet banget",joy
5570,tetap semangat demi membayar kewajiban,neutral
8963,"akhirnya dia juga menyesal, ga tahan lagi",sad
52,"bangsat, mang lu udah?",anger
219,luv emyuu tolol sumpah,anger
6263,"terkadang, tidak peduli berapa banyak orang di sekitarmu, kamu merasa sepi. hanya karena kamu berharap dia yang kamu cinta ada di sisi karna kamu sangat menyayangi dirinya",sad
1445,takut kesushi,fear
8268,"oh gpp ya tanpa Purwakarta, aku sad gitu",sad
9725,"bodoh banget, tapi jangan ngajak-ajak!",anger
10053,"ngeri bgt, gue malu, gue takut, gue bingung",fear
1695,malu bgt kalo inget moment jaman main rp,fear
2892,"iya anjir wkwk ngakak. sama kaya sakura pada ikut2an benci. nonton juga kaga. anehh. mending villain yg hakikatnya memang jadi musuh. lah ini mereka bukan villain anjir, punya chara development, dah lah imo yg benci mereka kebanyakan cuma kaum ikut2an biar dikata keren wkwk",joy
7960,"weekend dipake buat kerjaan, akhirnya jadi ga ada waktu istirahat, sedih gue",sad
12596,"masalah itu biasa, tapi jangan pernah putus asa, karena tuhan selalu bersamamu.",neutral
1574,"merajuk la jugak mak aku tu, haha. pastu dh ambik booster apa semua tu; aku tnya mak aku. ada sakit tak? ada nak demam tak? pastu mak aku ckp. tak. hahqhah pastu aku jawab balik kat dia, abis hari tu takut sangat kenapa?",fear
9353,"gemes deh, nangis kagetnya anjingnya",anger
3203,oit gmn kabar lu wkwk,joy
4405,"bisa, dibungkus plastik begitu selesai baca. emang harus dijaga suhunya kalo mau halamannya awet. ada yg make ziplock, ada yg pake plastik bening pembungkus biasa. kalo udh terlanjur kuning, bisa dikurangin kuningnya dgn cara diamplas pelan-plan",neutral
1630,cuma kaget doang..,fear
10588,"aku kagum banget sama orangnya, wkwk",fear
1881,yg blm gw fb bentar ya aksjsj gue takut limit,fear
12495,"wow aku suka banget sama event ini, lebih suka dibandingkan Lantern Rite, lucu liat kichiboushi dan paimonnya gemesh, liat lumine ngejawab setiap pertanyaannya juga lucu2",love
5112,lg marah? wkwk,neutral
5708,"tapi sayang aku gabegitu suka foto foto, tapi kadang suka iri melihat hasil foto dari iphone. hmm",neutral
5074,ngerjainnya bego-begoan,neutral
5509,enak asal jgn diaduk,neutral
11109,"iya itu di sana aku cemas, takut nih",fear
8534,"sayang banget denise, udah dulu fansnya. Aku ikutan sedih nih",sad
848,udah deh ngaku aja siapa yang mbeking nih bupati. ga takut dihisab panitia hari akhir tah?,anger
2924,"be mine iphone 12, my dream!! shopee jangan ragu untuk pilih aku sebagai pemenang nya ya, aku akan menjaga nya dengan sangat baik.",joy
10072,"ngeri nih, ada tommy shelby sama pak tony stark di satu ruangan",fear
8769,"ngeluhin adeknya yang ngebahas game di ps, dia bercerita panjang lebar tentang game-nya tapi aku cuma ohh hahah iyakah? karena gak ngerti, rasanya anjir berasa bodoh",sad
2877,"barakallahu fii umrik dok.. sehat, panjang umur, bahagia dunia dan akhirat. aamiin.",joy
6367,"baik bgtt ni orang, tapi suka sedih kalo orang orang lebih mentingin pcnya sih",sad
10193,"jangan pernah lo buat patah hati orang yg udah nyaman sama lo demi orang yg lo suka, gak enak deh",fear
186,khai lu bego bgt tolol brengski oon gblok aaaak ksel bgt gw kesell,anger
3779,"selain anime naruto,gua juga cintaaaa banget ke anime hunter x hunter =))",love
1830,"aslinya aku orang yang jarang bgt nelfon orang tua kalo lagi jauh, tp belakangan ini pengen denger suara mereka terus, walaupun mewek kalo lagi telfon tp sedikit bikin tenang. sehabis kelar telfon cemas lagi..",fear
8090,"rasanya malas banget, aku kecewa sama diriku sendiri. aku mau berubah tapi aku tak bisa. gimana ya?",sad
2959,hahah yaallah trimakasi telah menghindarkan saya dari rasa malu perbadutan,joy
7185,"yeay akhirnya gw bisa ngomong, ternyata gw gak malu deh, padahal kemaren gw udah siap siap nahan malu",joy
11635,"cinta abis, gini lagi ngobrol nggak ada yang tau, padahal sebenarnya nggak perlu diam-diam",love
9693,"emangnya kenapa kalo perempuan lain? puasalah. jangan ngomongin orang lain, jangan ngomongin perempuan. jangan ngomongin yang gak penting, jangan ngomongin yang gak ada hubungannya. jangan ngomongin yang gak bener, jangan ngomongin yang gak ada alasan. jangan ngomongin yang gak ada tujuan, jangan ngomongin yang gak ada nilai. jangan ngomongin yang gak ada arti, jangan ngom",anger
6904,"dan pada akhirnya lu menjadi bingung sama perasaan lu, sama pola pikir lu, terlalu takut untuk maju. termenung dalam diam, overthinking tiap malam, masuk dunia virtual dan menjadi nyaman, aman, tentram. gak mau keluar, mau tetap di sana bersama orang-orang yg bisa ngertiin lu.",sad
5446,enak bgt jd mba nain,neutral
6587,"ya allah, ampe ngga ekskul grgr ngga dibangunin.. sedih",sad
1234,"berharap ada yang cancel nendo bokuto dan akaashi yg di kyou biar bs co lgsg di web kyou aja mau ambil opslot tp takut krn harga nya ga murah dan rilisnya msh lama, nunggu sampe ina lbh lama lg tp takut jg sih klo ga dapet lg krn pasti war lg wkwk :"")",fear
8825,"ga tau deh emang apa sih yang bikin aku jadi kecewa, aku kira dia juga pernah terpikir sama aku, tapi ternyata dia cuma pengen aku jadi teman aja",sad
10664,"aku penakut banget coba makanan baru, aku khawatir ga suka",fear
3915,"suka girang banget klo di promo tuh klo ada yg komen ""done"" tp aslinya ga fw.. di situlah batin ini bertanya ""done komen atw done fw??",love
446,"mungkin ngerasa gaenak pak karna gopal udah tinggi jabatannya di aafikabbogor, dan mungkin juga dikira cuma bercanda, mau negur ga berani mau marah juga ga berani mungkin gitu yaa",anger
11552,"ah, haechan memang cantik banget. pasti semua orang suka sama dia, aku juga, aku jatuh cinta sama dia. aku suka banget sama dia, dia sangat cantik, aku akan selalu suka dia.",love
5839,gua tadi ngebatin.. kok stasiun sepi banget.. trus baru inget hari ini hari sabtu dan orang2x kebanyakan ga kerja,neutral
844,"ini maksutnya malu shy apa malu ""palu"" sih?! yang jelas dong!!",anger
5201,ya ga bego bego amat lah ya gw,neutral
11070,"gue pengen banget tidur tapi selalu ga bisa, rasanya ga diberi izin buat tidur, kadang jadi bangun-bangun pusing dan kantong mata terasa capek banget, ini juga karena begadang, mata jadi terlihat kurang enak",fear
9906,"kok orang itu pinter banget, senengnya ngehate sama siapa aja, coba baca tweet ane, tolong ya, kalo kalian ga suka sama mika, jangan ngomong kek kontol, ngehate pake sc kayak orang tolol, pecundang. :)",anger
12456,"ceweknya keren, ganteng, romantis, dan polos. gak ada fanservice juga jadi rasa cinta makin bertambah",love
6803,"subuh"" gini udah galau dan kecewa",sad
9726,"aku ga suka disuruh ngumpulin buku-buku, aku gak bisa menghitung jumlah buku yang ada, aku merasa malas dan bodoh, semua ini membuatku kesal, aku merasa bodoh dan tidak mampu menghitung jumlah buku yang ada, aku merasa tidak mampu menghitung jumlah buku yang ada, aku merasa tidak mampu menghitung jumlah buku yang ada, aku merasa tidak mampu menghitung jumlah buku yang ada",anger
2440,aaa..senang banget baru bangun udh dapat kabar baikk,joy
3103,"kaya dia bakal kasih apapun ke orang itu, tapi jarang banget kejadian soalnya kan gemini suka main main jadi jarang banget tuh mau serius gitu wkwk",joy
10806,"oh my god, ternyata dua paku kegedeannya bisa dilepas dengan mudah, aku jadi takut kalau kececer jadinya",fear
7692,"aku pernah ikutan kegiatan bareng temen, malah malu, tapi seru banget ya",joy
4774,jangan menoleh kebelakang dan lihatlah kedepan saja. cobalah yang terbaik dan kau dapat mengubah nasibmu,neutral
8582,"ya udah, aku juga kesal sama diriku sendiri. Kenapa sih bisa begitu?",sad
6974,yah serius ga masuk? mengsedih sama-sama hydra. semangat ya,sad
6094,"mon, jgn cerita sedih muluu.. ____",sad
1294,terkadang kita selalu memaafkan seseorang hanya karena takut kehilangan.,fear
8608,"kucingku udah tiap hari gak mampir, aku nyesel ngomongin kucing lainnya",sad
5518,"tapi kalau pengin paham lebih enak baca recap di youtube?google daripada pas lagi dalam in game, coba search dan baca2",neutral
11342,"padahal aku pernah sangat tidak percaya diri karena kulitku yang agak gelap, tapi aku berterima kasih pada beauty industri Indonesia yang mendukung kita semua. Karena itu, aku merasa lebih percaya diri dan suka dengan warna kulit sendiri",love
5067,janganlah ucapkan kalimat yang jelek waktu emosi. karena kalimat yang negatif tak lagi dapat terganti apabila sekali terucap.,neutral
3442,huta suka banget robekin celana sih,love
10625,"aku masih terkejut banget nih, ga percaya nih",fear
9720,"aku ga sabar lagi, akhirnya aku meledak gue",anger
10487,"ya udah, ga usah ngira-ngira, pasan aja deh",fear
8076,"gak punya ayang, sedih banget jadi fans man utd, nangis²",sad
2837,sumpah hp gue jadi enak banget tampilanya bersih banget dan smooth for scroll jadi nyaman banget coy,joy
776,"berkoar-koar sajalah yg kek gini sudah di sumpal pakai duit la diem la termasuk yg ngamuk-ngamuk di sebut jin buang anak, jin nya saja gak marah kok..yg manusianya ngamuk-ngamuk, sadarkah kalian itu sudah di provokasi woii ? di kampung saya jg ada tempat yg disebut gitu",anger
12239,"yeay my treasure dia berhasil! kalo lu liat fancam dia pasti senyum dan ketawa terus, terutama kalau sama jeongwoo. jadi gue suka banget my treasure, dia enjoy the stage banget",love
11696,"aku suka banget webtoonnya, aku baca sampe habis. plot beda dari webtoon bukan berarti jelek. banyak ko drakor adaptasi yg beda dari webtoonya malah tambah bagus. Kim Go Eun adalah Hong Seol terbaik, sampe aku ga suka malah sama remake ke filmnya.",love
6324,sedih kiraiin lemburan ampe malem dibayar ternyata kaga,sad
2153,semangat.,joy
5558,"pemilu itu cuma masalah selera ibaratnya ada yang senang pake wc duduk yang lain senang wc jongkok,yang keluar sama aja tai",neutral
4920,akuu mau beresin tugass biar sisa harinya bisa dipake rebahan santai. hbu?? kamu mau ngapain aja??,neutral
10955,"ajaib, gua dulu ga bisa buka twitter, lalu gua panik",fear
8371,"walaupun aku bisa tersenyum, di hati masih tersimpan rasa kecewa",sad
11960,"aku mau nanya, cara apa sih yang bisa bikin orang suka sama aku?",love
8903,"nih yang bikin sedih, kok aku masih ngantuk?",sad
3136,halloo pagi pagi buka hp dapet banyak kabar baik,joy
10603,"gue takut nih, apa kalau beli chara yang paling favorit aku ga bisa beli yang lain",fear
5462,enak gasih digituin?,neutral
9171,"gemes deh dia nyindir aku, di tempat ayatoh dia langsung ngomelin ayato. lu jadi ketua kelompok ga becus banget sih?! malah anggota lu yg nyariin buat ngajakin kerja kelompok sampe babak belur begini diboongin preman sekolah!",anger
10203,gue kaget bgt liat om kungnya masuk base sjdkdkkdldlr,fear
3183,alhamdulillah pagi ini dapet kabar baik,joy
11294,"cinta abis sih sama katabet nya, beneran cinta abis",love
7522,"jadi deh anak sholeh, uang buat jaket varsity ditukar jadi jaket keren, alhamdulillah",joy
1943,serem banget mio-chan ternyata suka makan dinosaurus.. -s,fear
10017,"ya enak aja gitu, tapi kalau yang pait banget, aku takut makan karena rasa paitnya",fear
3199,wkejwkk tengkyu aisy kayaknya biasa ajah dech :d 3,joy
12417,"biar aku, menanti dirimu, melihatmu, aku bahagia, kamu sempurna, kamu cinta sesungguhnya, kasih sayangku bukan khayalan dalam rindu,",love
1289,"takut, ku demam sm batuk",fear
4581,baru saja mengirim foto bonn cafe,neutral
6335,"awalnya nemunya random dan cuma sekedar suka sama style dan tone warna yang dipake, sekarang tiap liat hasil karyanya berasa nano nano sedih iya tapi berasa anget kek dipeluk dipukpuk",sad
2500,"jelek bgt sabtu mu semangat ya, jgn lupa sarapan!",joy
11982,"jangan lupa semangat hari ini, aku suka banget sama kamu",love
11244,"aku suka banget sama lagu ini, rasanya kayak lagi di hutan terus ada peri nya sambil lari larian di bukit bukit indah gitu wkwkwk",love
12023,"idaman banget ga suka nikotin, bgt ga suka ngoceh",love
9390,gemes deh aku malu banget,anger
4106,pagi yang normal dan sejuk,neutral
7542,"yeay akhirnya aku mulai ramai, sekarang yang nungguin hampir 300 orang, semangat para author! Jangan sedih kalian masih sepi, pasti akan ada waktunya buat ramai",joy
4126,"di aku ngaruh, pake pas malem mau tidur besoknya udah normal agak mendingan",neutral
10323,"ahhh ngeri bgt nunggu update FMC, wkwkwk",fear
6933,"gapapa masih ada besok, ayoo tetap menyerah jangan semangat!! :(",sad
10149,"siang-siang ujan angin, aku ngerasa jadi kepanasan, takut banget kalau genteng tetangga jatuh ke kepala, udah apa-apa nih, takut nih",fear
12002,"hi sender! selamat pagi. ada tristan yang bisa dirent, dia soft-dominant, kalem, tapi seruu dan lucuu, sangat sangat penyayangg dan perhatian. dia suka kasih pukis dan manjain bayiin pacarnyaa, cocok sama sender yg suka dimanja-manja",love
3966,jika cinta dia jujurlah padaku na suruh orang jujur baru nanti marahji ka dia suka ki baru kita suka orang lain,love
1879,"ngeri, nganti dimakamkan di satu liang",fear
10689,"emang gak usah takut, kan semua orang ada yang berdosa. Kita cuma perlu taat aturan dan jaga keselamatan diri kita sendiri. Jangan sampai terjadi lagi, ya",fear
11709,"tapi kalo cinta cuma sebatas persahabatan, itu juga masih kasih sayang lho, ya? Coba lu coba dulu jadi temen sebelum jadi pacar, kalo nggak ada cinta juga gimana, ya? #platoniclove",love
8406,"gini ya, orangnya yang bikin aku sedih, gue malah kangen sama dia",sad
5457,"parah iyo, enak rebahan cuy mbi ndelok udan",neutral
8197,"jangan nyesel karina, ga perlu sad",sad
3587,"my dearest sunshine itu spesialnya apa ya. banyaakk. dia sering menguji kesabaran, tapi dia juga sabaarr banget ngadepin aku yg ga karuan. dia juga baik, physical touchable, perhatian, selalu ngeduluin keperluan aku dah oh ya! dia suka drakor dan seblak haha",love
11069,"gak percaya, aku nggak ganteng gak? tolong, aku panik",fear
3865,gini aja gw suka banget anjr. hastag pelet taehyun,love
2148,ujan teruss enak,joy
4131,"kabar baik juga, udh srpan belum nie ??",neutral
1036,"masalah nya yang spread hate nih cowo yaallah gua keseringan ribut sama cowo mulu jaman smp tuh anjrit bolak balik masuk bk soalnya ribut mulu, pas ditanya alesan nya bangsat banget ""saya ga suka dia bercanda nya sama yang lain selain sama saya bu"" anjingg",anger
636,hukum penguasa beraninya ke rakyat kecil bangsat plus bajingan!!,anger
12001,"aku suka design rumah terbuka kayak gini, tapi di sini di Bogor yang suka hujan, angin puting beliung, dan macet total, gak ada tempatnya",love
7216,"susu kenyot, lebih nikmat minum langsung dari sumbernya",joy
3611,gue suka banget june di sini.,love
4134,bedsheet tu kan.. biasa beli queen je ke?? kalau dia pakai katil king guane?,neutral
649,"woy tolong lah mu klo lgi tolol, tololnya kebangetan banget",anger
1083,"orang cuma bisa nya ngeliati hidup orang lain saja, tp mereka nggak pernah ngeliati hidup mereka sendiri aja belum bener!",anger
6711,"denisee huhu pagi pagi sedih, liat polaroidnya jd kangen jaman who dis sama got that boom",sad
861,"pake pura2 kaget segala, sok iya -_-",anger
5212,"gatau ya mungkin bkn dia benci, cuma cemburu aja ngiranya aku ngambil kepunyaan dia. well namanya org ga mungkin sempurna kan, udh berusaha jdi org baik juga yg gasuka pasti ada.",neutral
903,kalau emang mau negakin syariat jangan setengah2 dan yang enak aja. orang2 kayak gini yang bikin citra poligami buruk dimata orang2. banyak orang jadi nganggap poligami karna sangean doang. bikin emosi,anger
191,emosi bgt klo ada yg bilang cakep harus putih. makan taii!,anger
109,akhirnya bangun siang. tp si bodoh ini kaga solat subuh,anger
6026,"rangnick: ""siapapun bisa membayangkan bagaimana yang dirasakan elanga. dia hancur dan benar-benar kecewa."" (bbc)",neutral
4455,punya kelebihan pirasat mungkin itu kebetulan saja,neutral
1942,"masih kepikiran ji ung kenapa rela suka sama yeon su lama banget yak padahal dah dari jaman kapan tau emang yeon su cuma buat choi ung sepaket, pemeran utama. ga akan yg tiba2 moveon ngga si org kayak yeon su. eman waktunya mas",fear
9357,"kapan kamu tdk lagi jadi orang yang suka mengejar keuntungan, manusia paling bodoh di indonesia adalah ruhut",anger
4331,"petai cina ampuh turunkan gula darah. nah, kali ini mintani mau bertanya, siapa yang suka makan petai cina? yuk ngacung. mintani suka banget dengan yang satu ini. apa saja sih manfaatnya dari petai cina ini? yuk kita sama simak infografis berikut..",neutral
11146,"kangen ngelus, tapi takut kalo ngelusnya malah ngorok",fear
10753,"woi gw bgtu gembel, oke /jk ya allah, gw takut banget",fear
5927,terima jasa menghibur biar gak sedih,neutral
2040,"gila, sepi bgt rumah gue berasa nge kos nying takut ah",fear
12099,kamu cantik banget! klo pagi kamu sarapan apa ya?,love
7972,"pagi-pagi aku lagi kesepian, sedih juga",sad
9761,"kenapa agama yg lurus dr tuhan bisa jadi bengkok? sebabnya krn ada org bodoh dan sesat, sdh banyak dr zaman dl, namun motifnya tetap sama yaitu utk kepentingan perut dan sekitarnya. gemes",anger
9445,"gimanaan gitu nih, kalo yang ngentot terus jadi bangga, gila deh, ngga tahu apa-apa, gila aja deh",anger
9362,"giliran segala hal yang berbau Islam dikebiri, dipermalukan dengan alih otoritas. Sering sekali yang muslimnya tidak marah. Apakah imannya turun atau hanya pura-pura Muslim?",anger
4878,mencoba santai meskipun hectic parah,neutral
4659,baru saja mengirim foto tropical beach cafe coffee house,neutral
8624,siapa sih yang gak suka ketika ditinggalin orang yang dicintainya,sad
5001,"tapi tetep ga membenarkan kalo sampe harus kasarin pasangan. se marah apapun mentok banting barang aja, ga sampe nyentuh fisik",neutral
2775,semangat mboll saya support therapy kayak a blessing gt buat hidup gw goblgoblhlblb btw info tadi itu smua psikolog yak bkn psikiater?okter sp.kj jdi gapake medikasi gt treatment nya kcuali diarahin?ita minta arahan trs cocok2an emg jadi klo blm cocok jangan menyerah mbol,joy
7525,"yeay jimin sembuh udah bisa beraktifitas seperti biasa, happy bgt nih ya jiminie, love youuu",joy
4145,tapi rasa mcm x guna klau berhenti kerja sbb senior mcm tu.. tu bkn senior biasa.. senior citizens weh,neutral
2323,"pagii semangat kegiatan hari ini, jangan lupa sarapan, have a nice day",joy
762,boleh ngomong bangsat gak sih? :) masih pagi uda emosi jiwa,anger
5921,"ronaldo berkata :"" jangan sedih yak, besok abang beliin truck.""",neutral
2617,"semangat om, podo ae iki kene. lg usum",joy
2411,semangat pagi.. semoga hari ini dilimpahkan banyak rejeki.. aamiin,joy
1094,akibat?? pernah liat plat b bawa kendaraan di luar jakarta? ugal2an padahal jalanan sepi kayak dikejer setan bego gitu,anger
6065,"ohh hari ini, tumben masih sepi? wkwkw",neutral
7265,"udah gitu sih, kalo hati udah kotor pasti ada aja tingkah jahatnya. alhamdulillah om ku sembuh dan bisa pulih kembali, mungkin kalo sekeluarga besar gak saling sopport nyawa om ku bisa aja hilang :')",joy
1546,ujan anginn takut banget mana genteng tetangga gue melayangg banyak bgt untung gak kena orang huftt siang siang takut,fear
4589,"yg dibahas cuma masalah ekuivokasi, bib. ceramah orang kita pahami dengan positif lah. kalau yg dipermasalahkan adalah frasa ""pukulan"" tentu maknanya akan bervariasi. secara konteks fikih pun pukulan dibolehkan, tapi yg mendidik bkn mencederai. koreksi saja, bib.",neutral
6034,"pengumuman final yang ditunggu-tunggu setelah berbulan-bulan berlalu. pastinya sedih, ya. but, ambil sisi baiknya. kita bisa liat denise lagi dengan kegiatannya. jangan judge pihak ini dan itu. semua sudah ambil keputusan terbaik. and well .. welcome back our mm",neutral
11806,"cinta banget sama eonnie yang selalu awet muda, suka banget sama drakornya, semangat yaa eonnie!",love
7517,"wow, kombo diluc-raiden enak banget, gk terlalu mental bisa dijangkau",joy
6953,aku yang meninggalkannya namun dia yang lebih dulu bahagia,sad
3135,"alhamdulillah jimin udah sembuhh amyy,plis seneng bangett lagi disekolah seharian bdmd gatau kenapa dengar kabar ini langsung naik moodnyaa,sehat-sehat terus yawwww",joy
3856,"sender, ijin mewakilkan tristan yaa? karena doi lgi blm bisa selfprom nihh. tristan vibesnya begini nihh, dia mengayomi jugaa so you can lean on him dan akan dijaga dengan baik. dia akan membuat kamu nyaman pastinya. a pluss karena orgnya suka kasih afeksi",love
5040,"marah marah mlu, hamil y",neutral
7435,"aku happy banget, semangat aku, semangat",joy
11602,"aku suka banget sama guru SMP gue, Ms. Riri, suaranya kayak harmonie ketika ngomong. Dengerin dia ngajar gue rasanya kayak dengerin lagu",love
5428,"halo pagi pagi enak nya jajan di ada nihh langsung proses langsung copas!! fast seperti burok, trusted legal & bergaransi payment all e-wallet ?qris dm?a",neutral
7910,aku ga suka hubungan aku yang selalu diputar balikin sama dia. Dia cuma mau jadi korban. Dia cuma bisa jadi korban. Dia ga mau jadi pahlawan. Dia ga mau jadi pahlawan. Dia cuma mau jadi korban.,sad
6523,"gue uda bersahabat lama sama sepi sebelum lo ada,tapi sekarang sunyi yang atas apa apa tanpa lo gue belum mengakrabinya lagi.",sad
6419,"stelah kemaren ditinggal snowdrop, trus minggu sekarang ditinggal bulgasal, minggu depan keknya bakal sepi bgt gak akan ada yg nemenin malam mingguan lg",sad
3805,"mimpi pergi bareng ma papuy vespaam, pulkam nek mobil, hft ternyata suka rindu juga",love
9525,"ah gimana gitu sih, cowok jaman sekarang canggung mulu",anger
7431,"enak banget, kamar mandi kalo di sana gak jorok. kemarin pas ngekos, dapurnya bersih bgt, ada tempat cuci piring jg",joy
6774,"kadang kadang kita yang selalu buat diri kita kecewa sebab selalu overthinking, nak kata overthinking dah macam drama berepisod yg tak berpenghujungg : cuba tanya tuan badan yang di sana nun dia mesti fikir lain :)",sad
11058,"eeeh, saya malu kalau harus unboxing depan kurir, padahal saya punya paket yang rembes hujan",fear
464,tolol sekali jek,anger
1257,"kyu, kata gue ajakin yg lain juga deh, kalo pada gamau teror aja pake chucky",fear
2259,"enak daring bs sambilan nyantai"" dirumah",joy
5630,semangat dong nitip rok sebentar,neutral
12204,"kucing-kucing yang gue kasih makan suka berantem, mereka semua bekerja sama untuk menggulingkan gue sebagai manusia kapitalis yang memegang kuasa akan sumber makanan mereka. gue sayang banget sama mereka.",love
6231,rumah sepi nihh,sad
7382,"kalo udah makan sampai bersih piringnya, seneng deh rasanya, ibu2 semringah seorang penjual",joy
10399,cobaan kemalingan bikin aku takut,fear
1262,"takut banget dimana mana iklan cincin lamaran, cetak undangan, wo lewat mulu.",fear
7212,hari cerah ini mulai dengan manis-manis,joy
975,kenapa si suka banget memaksakan kehendak -.-,anger
9030,pagi ini aku baca banyak berita di Twitter tentang ketidaksenangan terhadap pidato Presiden. Aku mencari banyak alasan tentang dewa yang tidak dihargai. Aku pura-pura bahagia. Aku bodoh. Kalian idiot.,anger
5866,gatau harus sedih tapi agak seneng juga..,neutral
6582,kecewa min,sad
2387,"ya udah, semangat buat hari ini",joy
12254,"aku suka banget sama kakak Bianca, nama kakak juga cantik. aku juga suka film-film horror, tapi aku lebih suka film thriller!",love
5021,"lah itu mah kesntuh semua sarafnya, stres sedih marah frustasi cemas mual tegang langsung bablas ilang mana cantik banget genggamannya",neutral
7129,"yeay gak usah repot berangkat kerja lagi, bisa santai sambil kerja dari rumah",joy
10520,"baper banget nih, ada kecoaknya disini",fear
3882,sama-sama kak aku suka banget n di sini wkwk,love
6055,"rangnick: ""siapa pun bisa membayangkan bagaimana dia [elanga], dia hancur dan benar-benar kecewa."" (itv)",neutral
11433,"jujur, aku suka banget tipe acara ini, pas banget buat ngobrol, ditambah lagi, bapaknya juga nyaman banget ngobrol sama aku, sampe bisa plong bicara kalau pekerjaannya numpuk, padahal biasanya bilang lagi dirumah sibuk ngurus haza",love
8983,"rasanya sepi banget nih, emang kayaknya aku sendiri di dunia ini",sad
3875,"suka bang sama ketek bauk, aroma kringet, ketek basah. pokoknya suka aroma bauk ketek khas jantan ( tanpa rexona/parfum ) bisa bikin gairah, bisa sampe muncrat",love
2789,"pagi ini gk sengaja ketemu bestie yang baru nikah, seperti biasa kalau ketemu suka cerita dari hal yg gk penting sekali pun. sampai dimana! dia gk sengaja bilang kalau gk bahagia, dan gk ada rasa sama lakinya. syok? pasti! jadi intinya, nikah gk cukup hanya dengan kata' ""mampu""",joy
1857,mau tidur tp takut kebablasan,fear
10917,"sih panik juga sih, emang gak bisa ngontrol diri",fear
4108,fuh i know flexi lembap ..tambah2 from em to wm.. seller ckp dia post 31/1.. 3 feb baru proses..ha pastu sangkutlah sampai sudah..lain kali informlah sblom post tu kalau pakai flexi courier lain yg normal if tak inform i tak kisah sbb duration dia tak mcm flexi..,neutral
5213,"cara terbaik untuk membalas dendam terhadap orang yang menghina anda, adalah menjadi lebih berhasil daripadanya.",neutral
3255,"semangat ya, fase fase seperti itu memang luar biasa",joy
7323,"aku doakan kak yumii rest well yaa, semangat belajarnya jgn lupa jaga kesehatan",joy
2690,senang bgt ya bs mengumrohkan org banyak,joy
7389,alhamdulillah aku bisa berani menunjukkan kekuatan diriku,joy
4627,"ia baru saja menapakkan kaki di ujung terminal b pada pukul enam pagi. taksi telah dipesan, namun dirinya masih menimbang-nimbang arah tujuan. kedua kakinya bergerak dari ujung ke tumit, berulang kali.",neutral
9515,"jgn nge tweet ajak org ikutan kalo kamu sedih, ga enak banget, kayak bikin kompor",anger
1319,"di ig cuma sesekali doang bikin story, itu pun random isinya, cuma biar keliatan masih hidup aja, takut dikira dah mati",fear
9532,emang apa ini? ngomongin sendiri. malah ngelakuin yang sebaliknya. niat pake pembalut tp malah pipis. pas udh pipis pembalut nya kaga dipake. emosi sama diri sendiri,anger
12450,"aku jengkel banget sama orang-orang yang cuma suka mengumpat dan berdusta. aku suka sih sama NCT dan BTS, tapi aku lebih suka NCT. jadi, kue yang datang ke rumahku adalah kue kuning terang, bukan kue butter",love
5162,kadang disangka marah ya nes padahal biasa aja wkwk,neutral
9159,"sebentar lagi masih pagi jangan marah-marah dulu, aku mau ganti akun dulu buat ngepostin",anger
1135,eh sumpah gw takut bangett. serem bangett itu orang,fear
4529,syafi'i ma'arif pernah berkata bahwa budaya arab adalah rongsokan. tapi diadopsi oleh banyak warga indonesia. kita pakai logika saja. pernyataan jendral dudung sangat logis dan bagus untuk menggerus budaya rongsokan dari arab,neutral
3505,"gara-gara f4 thai gw jadi suka dew sama win, mereka tuh ganteng banget skjsjskaksks.",love
4749,"nanggepin serius omongan dia. lagian aneh bgt sih menurut gue, nyuruh gue jgn deketan sama cowok lain eh dia nya aja gampang bgt gonta ganti cewek tp temen"" kelas yg lain udh biasa liat dia kek gitu bahkan dia dpt julukan player (ykwim)",neutral
7086,"dimana mana senengnya hatiku, keren abis",joy
8359,"sedih, aku sepi dan sendiri, aku ingin berlari mengejar mimpi yang tak kunjung menepi",sad
12432,"kalo nonton drama korea our beloved summer, aku jatuh cinta sama choi woo sik",love
6336,disini sepi bgt knp ya,sad
9217,"pagi pagi bangun, mood ga bagus, ga ada apa-apanya",anger
6982,"dulu di sekolah emang banyak banget yang ga suka sama aku sih, ditambah aku juga ga cantik.",sad
10719,"mbak, aku pengen tanya, di kamar mandi luar kalo ada mbaknya, ya kalo kamar mandinya bersih, kalo ada yang membersihkan tiap minggu. Kalo kamar mandi di dalam, kalo ga usah keluar kamar, kalo kamar mandi kecil, lembab, dan rawan binatang kecil. Kalo ga rajin bersihin ya",fear
2505,"bangun pagi dengan perasaan bahagia inget kalo kemaren mark rilis child, lagunya disukai banyak orang, dan chartnya bagus bikin sender banyak beryukur sama tuhan atas segala hal termasuk hari ini bisa beraktivitas sambil streaming lagu sebagus ini! itu kan yg selalu,",joy
2904,wkwkwk lu sih tolol,joy
570,tuhkan marah..,anger
1448,aku belum makan siang makji gak selera ga belum nyangkut mau nangis gak menang rasanya malu..,fear
3414,"jgn ngira gw nge delive doang, ga bls chat atau ga chat duluan itu artinya gw ga suka ama lo, gw suka banget emg pd dasarnya gw orangnya gengsian dan malesan aja(.)",love
10157,"alhamdulillah kalian ngga tau apa yang aku rasakan, ngeri banget deh",fear
10028,"ketakutan gaes, tapi tetep semangat jalanin",fear
6837,gue masih sedih udh difb base rh tpi w g bisa ngirim arghh. beneran saya lebih memilih untuk gpp keunfoll sendiri driada harus cari folls diakun ini akun teraman,sad
3226,"erick thohir luar biasa hebat, applause",joy
12274,"aku gak tahan gak bisa ngucapin cintanya, aku suka banget padanya",love
4383,lagian ngirim kok cuma pesan ngirim tuh duit lumayan bisa beli kuota buat bales pesannya ;),neutral
7845,"yeay teh godhong kupu aku jadikan satu teko gitu buat 1 hari, 3x minum. Rasanya kaya air cincau gt. Kalo yg suka manis bisa si kasih madu dll, tp aku lebih suka kasih garem dikit (sea salt aq abis jd pake himalaya) enak gt rasanya ada hint manis dari daunnya, seger!",joy
3539,"halo cantik, temenan kita udah lumayan lama dan gatau kenapa gemi nyaman sama leci. soalnya leci lucu, manis, suka bikin salting dan suka ngambek lucu wkwk",love
8916,bias2 temenku ini siapa aja soalnya pd ngepost foto oppa2 gt kan. terpantau gaada yg bias winner nih gmn kecewa. wkwk,sad
11275,"aku suka banget sama western vibesnya, keren abis",love
2827,walah ak bantu pke semangat!!,joy
5780,"pake apa yg membuatmu nyaman nder mau platform bimbel yg mana, sesuaikan kebutuhan. jangan hanya ngikut tmen suka yang mana, nggak harus sama kek tmen gak apa ko nder..",neutral
4996,beberapa menit keadaan menjadi canggung. takemichi bingung ingin mengobrol tentang apa dan benci dalam situasi ini. sampai dengan berani dia mengatakan apa yang ada di kepalanya. takemichi : dra-draken-kun.. draken : hmm?,neutral
1338,"sebagai penderita agoraphobia, anna gabisa keluar rumah guys, dia bakalan panik dan takut kalo terjebak di suatu ruangan atau bahkan situasi yang ngga familiar gitu. jadi susah ya ges si anna gaboleh keluar rumah dah intinya.",fear
3262,"aaaaa sender seneng banget akhirnya au sender mulai rame dulu ga ada yang nungguin, sekarang yang nungguin hampir 300 orang semangat para author!! jangan sedih au kalian masih sepi, pasti akan ada waktunya buat rame okayy",joy
7876,"iya sih wkwk, emang bener-bener penasaran",joy
10920,"ga percaya deh, pikirannya panik banget, takut aja deh mikirin ini mikirin itu, aku mau nangis",fear
6838,aku sedih bet,sad
5741,"ga suka panggilan 'yang', 'sayang', atau 'ayang', tapi kalo kamu yang manggil kok aku diam?",neutral
650,"makin kesini ya makin yaudahlah ya serah deh mau gmna pokonya kalau udh dibuat kcewa ya lepasin ,ga dendam cuma ya udah gtu aja ,jdi cukup tau aja lah ,intinya ga bisa sama orang yg ga bsa nghargaiin orng lain,,",anger
6039,"jangan terlalu sedih, inget musim depan manchester united merayakan 10th jadi pecundang liga inggris simpan dulu sedihmu kawan",neutral
2258,"pantesan ada istilahdek cinta gak enak padaku? si adek bilang cintamu abang trus si babang bilang adek ku kalau kau cinta pada ku usir bapak mu..,..",joy
5395,tuh testi dari orang yg make maskernya . jangan ragu lagi guys buruan pesen aja,neutral
10997,"serem, ngeri, ga mau bergerak, ga mau keluar dari rumah",fear
7082,"yeay semangat terus yulin, jangan lupa",joy
9800,"ga tega liat ahok kena buldozer, kek mulu",anger
3521,"yes, apalagi dia tuh bisa tau banyak hal yang terjadi di twitter, malu gak sih kalau sampai dia tau ifans pada suka ngedrag temen-temennya kaya keliatan banget kita gak dengerin dia ngomong apa, lebih nurutin ego yang maunya dia solo",love
9488,"gemes deh dikon ngucapke habede, ilopyu jangan marah yo tau tur nek pas oren kok kon ngucapke ngene njuk le ngomong kepie gek lanang?",anger
4478,"schapp! pendaftaran ut bisa lewat snm ga sih? trivia: pada statistika inferensial, distribusi normal disebut juga distribusi gauss.",neutral
5660,"scorpio sekalinya udah suka atau sayang sama orang (gak harus pacar, temen pun berlaku) semua bakal dia kasih.. tapi sekalinya orang itu ngecewain dia, dia bakal inget terus kesalahan itu dan dendam",neutral
67,bacoot kadrun emang bangsat,anger
11798,"cinta sayang mama, i love you so much",love
7609,"stand by me keren banget, bgt2 ngebuatku ngakak, seru bgt",joy
1258,"tbl tbl takut banget loh yang sering tiktokan pasti pernah dengar frasa yang diciptakan ini. sejak viral, tbl digunakan oleh perusahaan besar untuk promosi. penciptanya pun kecewa karena tidak minta izin emangnya frasa bisa dilindungi? [a thread]",fear
10065,"ini aku belum bilang ke ibu, takut ga diboleh",fear
10726,"yah gimana lagi sih, takut terlalu banyak kegiatan yang menguras pikiran",fear
991,suka banget ikut campur nih kanye pdhal ga ada yg nyebut nama anjir.. dahlah problematik emng,anger
3504,"suka banget sama chemistry younghyun, tapi adegan bdsm nya masi terlalu dasar si buat 18+ :') dialognya kurang sreg juga samaku, cuma ya secara keseluruhan bagus-bagus aja",love
919,"salah sih bang gua liat retweet lu pagi2 gini. auto kesel baca twit mutajir. jadinya kan gua memulai weekend yg cerah ini dgn kekesalan. emang bener kata emak, kalo bangun tidur jangan langsung buka twitter.",anger
165,"hiyahiyahiya. terpesona, ku pada pandangan pertama. dan tak kuasa menahan emosi.",anger
8298,"emang, kenyataan makanan itu banyak yang nggak sehat, cuma iseng aja bikinannya, jadi nggak heran kalau banyak yang nggak pede makan",sad
12220,"aku seneng banget loe mau kasih hadiah ke aku, aku cinta loe",love
4594,"krn mmg momen nya belum terjadi, jadi tunggu saja sampai gelaran formula e benar2 gagal, maka kpk punya alasan kuat utk menyelidiki. kalau sekarang kpk masuk, nanti malah akan dituduh ikut menggagalkan gelaran f-e oleh kroni balaikota.",neutral
10214,"iya sih, aku mau jemur dirumah tapi mama nangis kalo nggak aku jemur",fear
2850,enak nya,joy
9178,"semua temennya ngeri, jengkel, ajaib, kaget, bingung",anger
12572,"kalo kau ngetik huruf akhirnya dibanyakin biar nggak dikira marah, ya?",neutral
10235,"aku pengen banget tidur tapi takut ngantuk, gimana caranya?",fear
4460,"dan sama saja bagi mereka, apakah engkau memberi peringatan kepada mereka atau engkau tidak memberi peringatan kepada mereka, mereka tidak akan beriman juga. (qs. ya-sin 36: ayat 10",neutral
9413,maaf aku kaget pagi-pagi malah nyesel,anger
6623,aku gak bisa makan apa² nder sedih,sad
10557,"ngeri bgt, padahal buat global, ya gitu aja, editornya ga paham",fear
2735,"semangat msh pagi,",joy
5669,"untung nyokap tipe yang apa apa nanya gua dulu, walau kadang guanya musti sabar banget jelasin ini itu karena beliau suka lebih percaya omongan temen temennya. kita yang lebih muda yang lebih tau, jadi tanggung jawab kita juga buat ngawasin orang tua main ginian",neutral
4988,"anf saran anime yang bikin emosi campur campur aduk bikin nangis, ketawa tapi yang happy ending",neutral
11319,"cerita nih, gue pernah ditembak nihh dan gila dia bawa temen2 nya juga dong trs dia niat juga bawain gue coklatt, coklatnya banyak banget lgi karna dia tau kalo gue suka coklat",love
2378,semangat para atm wlm,joy
8758,"aku ngerasa sedih banget kalo ditinggal temen ngebucin, aku ngerasa sedih ga ada waktu main sm temen, aku ngerasa sedih krna pengen ngebucin jg",sad
4172,ehh denise w bru bngun tidur dapet kabar kyk gini apapun yang terbaik deh buat denise,neutral
8092,"aku seneng kl kamu seneng, aku sedih kl kamu sedih. tapi, perasaan sedih jadi beda deh kl kamu putus sama dia",sad
10078,"wkwkwk ketakutan kena ketuaan di jalan, padahal WFH selamanya",fear
2103,"kalo abis pup pas pagi pagi tuh enak banget ga sih, perutnya jadi rata & langsing",joy
3759,"pagi mas, maaf ganggu. aku rencana mau ngekos di the home mas, mau nanya beberapa hal mas 1. kalau hujan deres kedengeran banget ga ya mas dari kamarnya? 2. kalau berisik kedengeran ga ya sampe kamar sebelah? soalnya aku suka dengerin musik pake speaker gitu mas",love
9845,"baper banget, chenle ga suka ditegur, gue ga ngerti kenapa dia malah marah sama gue, dia bilang gue ga boleh suka sama chenle, gue ga ngerti kenapa dia ga suka gue suka sama chenle, dia bilang gue ga boleh suka sama chenle, gue ga ngerti kenapa dia ga suka gue suka sama chenle",anger
1837,ngeri ye..,fear
10117,"kaga kuat nih, project barusan lagi dateng, aku rasa bakal stress banget",fear
10458,"siiip, kaget banget, ada sisi tipi yang bisa ngomong di kantor",fear
5710,rasa lada nya strong banget.. lebih suka yg dikit ladanya,neutral
4500,siapa saja yg mengajak kepada kebaikan maka dia akan mendapatkan pahala seperti pahala orang yg mngerjakannya (hr muslim) ..,neutral
1093,wehh bngt sedih bngt anjing w campur kesel gegara muka lo kayak orang bego,anger
8419,"akhirnya ngerti deh kenapa gini, saya sendiri yang bego",sad
6718,"kalo anggaran tiap bulan ya bangkrut, ya kalo lagi butuh aja dong..masa teroris pake musim kadang muncul nanti sepi nanti muncul lagi, kalo teroris ada ya terus dong aksinya sekalian sekarang lagi ada covid-19 pas pemerintah sibuk, ternyata terorisnya libur kalo pemerintah sibuk",sad
9063,"siapalah mereka yang bego dan gengsi, yang ngomongin orang lain dengan buruk",anger
160,gw bukan paling mulia tp gw manusia normal yg jijik liat kaum homo. lagipula di agama di larang tolol. masih aja lu ngeyel. kl lu masih blm benar jgn bgt kata2 lu. kaya lu uda benar aja homo.,anger
203,sabar sabar gak boleh marah,anger
6483,"semalem dah keburu tidur, pagi² nangis bgt kagett, denise udh ngonfirm dia keluar demi apapun sedih bgt aa. tapi semoga jalan pilihan denise baik bagi diaa dan dia bahagia, sukses teruss denisee. tapi aslii kenangan gua ngestan sn jaman ada denise keinget terus jadi kangen...",sad
3940,"halo, salam kenaal! glody yang tag kamu di fcv aku pfp kamu chaehyun, aku suka banget chaehyun dari gp99 karena dia mantan sm trainee juga. kamu ngerp jadi dia kaah?",love
4933,keadaannya cukup baik,neutral
7647,"mobilnya mantap ya udah gini sih, seru banget",joy
1230,"makji aku pengen mam mie ayam, udh bm 2 minggu lalu boleh gk makji? takut ileran ini cacingnya",fear
3046,"kok bisa setengah doang? waduh asik banget, kak juyeon suka lagu yang mana??",joy
7957,"aku liat trailer drama prison play book, baru eps 1 aja udah bikin nangis",sad
2915,gue masih senyum2 ga jelas grgr jungwon wonyoung kmrn. lucu bgt gue marah,joy
11424,"kebayang aja, keren abis nih, suka banget",love
4251,dah biasa dah perangai dia aku dah masak,neutral
6111,"5 feb, hari ini flight balik jakarta. 12.50. sedih, degdegan, mixed feelings banget ampe deg""an. apalagi tadi dipeluk gitu pas bangun tidur. ck",sad
6204,"mimpi zombie, trus drama banget lah sedih gitu. akhirnya gja kegigit dan jadi zombie tapi zombie yang sadar gitu bisa ngendaliin diri. trus ada anak svt lupa siapa",sad
2725,semangat hari hari masih panjang yang sudah biarlah berlalu alloh tau apa yang terbaik buat aku walaupun itu pahit rasanya sebelum nyawa di cabut sampai tenggorokan tidak ada kata terlambat untuk berubah lebih baik,joy
4290,"dokter ratih ayu wulandari, irene mongkar, gobind vashdev, coach yusa aziz, hingga najeela shihab yang merupakan para ahli dalam ranahnya, turut menitipkan pesan penting melalui buku ini. belahan jantungku menjadi catatan pembuka andien tentang perjalanannya menemukan diri,",neutral
4334,"min, gak usah bolak balik tanya lampu modem. ini masalah di jaringan. modem normal. mati sejak dini hari tadi.",neutral
383,no 3 sama 4 tolol banget bngst,anger
7485,"ayo ayo, baper gini pas punya dowoon wonpil, baru tau ada wish dari member, pas young k okee eod, pas sungjin lahh,, ada dia juga wkwk",joy
4886,berita pagi ini cukup membosankan tapi gpp dapat informasi terupdate jadinya,neutral
857,"sok""an kaget , dasar beban",anger
370,kenapa bangsat,anger
6539,"kemarin malam, istri sopirku yg terserang stroke itu meninggal dunia.. innalillahi wa innailayhi rojiun. allahummaghfirlahaa warhamhaa wa™aafihaa wa™fu™anhaa, waakrim nuzulahaa wawasi™madkholahaa.. aku sedih banget dan marah banget pada masalah yg memicu dia terserang stroke.",sad
2561,semangat terus berkarya kak!!,joy
3801,bangett plss sy suka banget bikin itu,love
5455,asal bapak senang,neutral
8542,"emang papa aku belum ada kabar, aku laper belum disuruh makan sama ayang",sad
6859,karna saya bego,sad
8583,karna aku sedih karna hyunho aku harus bikin au fluffy. yook little blessing markitabuat,sad
10928,"bingung bgt nih, ga tahu harus ngapain lagi",fear
12095,"jujur, paling suka nonton acara gaul gitu, adem dan seru banget, aku bisa plong ngobrol sama bapaknya, dan dia jg seru banget, sampe bisa plong ngobrol kalau pekerjaannya numpuk, pdhl biasanya bilang lagi dirumah sibuk ngurus haza",love
5944,"tapi ngga jadi sedih, wong ekskul nya ngga seru * tersenyum indah menawan spt cekep (cewek cakep)",neutral
615,"gila ya, emosi lo aku liat komen-komennya, anjgggggg",anger
2575,", salam, melv. semangat skripsiannya, lu sekarang skripsiannya buat diri lu sendiri aja cukup kalau orang tua gak nganggep apa-apa mah. tapi masih dikasih uang jajan kan?,",joy
53,"saya bisa masak, saya ini sudah ada bekal untuk main benda tajam dan minyak panas, jadi tolong hargai saya dan jangan bikin saya marah",anger
8995,"kejam ya belakangan ini, lek2nya masih ngeles bikin lagu tapi udah tua banget",sad
3340,"suka rasa kacang merah, enak banget",love
9562,"ayahku baru update, aku sudah tidur, aku marah",anger
11400,"jadiin orang yang kamu sayangi bahagia, cintai mereka dengan lembut, jangan pernah marah atau bersedih karena itu hanya akan membuat mereka merasa sedih. Jika kamu berpikir tentang itu, jangan ragu untuk mengungkapkan perasaanmu kepadanya dan tanyakan apa yang kamu pikirkan tentangnya.",love
8488,"kecewa banget sama desainnya ayangto, beda banget sama fanart yg ada, ga sesuai ekspektasi",sad
8447,"jadi bingung ya, kapan aku bisa mengambil keputusan, apakah aku harus berani atau malah menyerah? Tapi aku malah menjadi terlalu takut, terlalu takut untuk maju. Aku hanya bisa menunggu dan overthinking. Aku masuk ke dunia virtual dan menjadi nyaman, aman, tentram. Aku tidak ingin keluar, aku hanya ingin tetap di sana bersama orang-orang yang bisa mengerti aku.",sad
5876,"beria lah hype cerita ku kira kau rumah tu, tgk tgk tak sedih pun.. ni semua marketing indo ceh",neutral
8572,"udahlah beli yang goreng tapi gak pedes, kena kecewaaa",sad
1812,takut ah tp wkwk,fear
990,"kesel banget sumpah, gimana ya. bisa2nya ngomong ""nanti kamu suka sama yang lain, aku ditinggal"", punten, kamu suka sama aku aja aku udah keong2 (hah?), kamu ngeliat ke arah aku aja aku udah beruntung banget loh, ""aku ditinggal"" gue ninggalin lu kemana sih? tukang martabak?",anger
8746,"aku jadi pusing gitu, dulu aku pikir kalau aku kaya orangtua aku terus dibantu, tapi ternyata ngga. sekarang aku jadi kesal, aku terlalu egois. aku jadi merasa lemah dan useless",sad
10560,di slack aku takut ngechat karena bosen ngecap,fear
2942,panik dia panik udah mau part nya wkwk,joy
3163,untuk perempuan yang apa apa biasa sendiri kalian luar biasa semoga diberi kesehatan jasmani dan rohani semangat !,joy
4678,halahh cuma bisa memenangkan pilkada lewat isu sara saja kok bangga.trus kerja nyatanya yang pling kelihatan adalah klewar klewer berkata kata.tapi buktinya 0% seperti rumah dp0%,neutral
2618,diannnn ayangg uee semangat belajarnya sayaangg jaga kesehatan yaa,joy
3612,"saya pasti maulah dipeluk sama ibu guruku sayang...... saya suka kehangatan dari wanita dewasa seperti ibu karena ibu adalah wanita berpengalaman. begitu saya dipeluk ibu lalu saya ciuman dengan ibu, netek asi ibu, dan pipis enak lagi dan lagi",love
8235,"awalnya aku kira lagi cosplay jadi pocong, tapi ternyata emang meninggal. aku sedih sekali. maafkeun ya emeng",sad
7871,"akhirnya ada orang yang selalu bikin aku bahagia, kamu ya cileng, kamu bikin hidupku jadi lebih cerah",joy
10075,"yah akhirnya aku bisa ketemu dia, aku bahagia banget tapi aku cemburu dan aku takut kehilangan dia. Aku takut dia kehilangan aku.",fear
3792,"suka banget keknya bawa dy buat dibanding"" in, habis itu jadi dy nya yang di drag",love
8515,gini nih kondisi hidupku. aku hidup sama orang yang aku gak suka tapi aku mengandalkan ekonomi aku sama dia. aku pun hidup dengan orang yang aku suka tapi dia kurang baik dan pengkhianat. aku juga gak tahu apakah aku masih ada apa aku gak. aku juga gak berharap akan bertemu orang yang lebih baik dari dia. aku mungkin,sad
3439,"suka banget sama mie goreng ayam bawang, maknyuss",love
1892,"takut bgt karna kepala pusing, tenggorokan mulai serak dan badan anget :"" untung kemajuan teknologi di tahun 2022 ini menyelamatkan anak kost sepertiku :') terimakasih gomart",fear
12143,"fans ngerasa jatuh cinta sama idolnya, tapi lupa sama kerja keras staff di balik layar. fans jadi teringat lagi kalo idolnya selalu berterima kasih ke staff dan jyp tiap dpt penghargaan. fans jadi suka sama idolnya lagi, fans jadi suka sama idolnya lagi, fans jadi suka sama idolnya lagi",love
11744,"yeay happy birthday park bo young, teteh cantikmu, selamat bertambah umur! meski wajahnya gak pake beda, aku tetep sayang banget sama kamu, terus tungguin projek2 lainnya ya",love
5255,"iya""..asal jangan kuat malu",neutral
5167,jangan marah-marah,neutral
6460,"tapi sedih sama captionnya, love my tannie",sad
1505,eh iya jujurr takut ketauan,fear
10041,"siapa yang bisa hack ig gw? tolong ya, gua udah ketakutan bgt",fear
670,punya lama guna sonicator. pastu semalam najmi cakap tahu tak sonicator ni boleh buat jadi mandul? i was like aneh aneh lah dia ni. pastu tanya akmal. akmal iya kan. benci aa tanya diorang ni double confirm kat google dengan adnin. tipu je diorang ni,anger
897,"ngga ngotak emg. adenya positif, ngajak diskusi ngomong ga enak-enakan. pinter doang tapi ga ngerti psikologis org down.",anger
3306,happy birthday semoga ga sedih dihari ulang tahun nya malah gagal penati,joy
8026,"coba aku jadi manusia seegois itu. datang menjalin karena aku pas lagi sepi, meninggalkan semua karena aku bosan dan mulai tak sehati. menjatuhkan karena aku terasa terlalu baik dihati.",sad
6239,iye elu yang disana. kok lu ganteng banget sih? maaf gabisa ngomong langsung :( sedih deh,sad
2890,mau marah tapi bener gimana dong happy taehyun day _21_,joy
6003,"mau tau promonya dong, sapiens sm sepi itu jadi brp yaa?",neutral
7739,"selamat pagi cantikku, semangat kegiatan hari ini! jangan lupa senyum hari ini, semoga hari ini menjadi hari yang menyenangkan!",joy
9615,"kalau nanti 2024 kalian masih tetap suka, berarti kalian memang pantas dihina. jangan marah ya",anger
9139,"centeng banget nih orangnya, bangsat",anger
8397,makanya aku harus bersiap-siap kecewa sama diriku sendiri,sad
2,dah lah emosi mulu liat emyu,anger
10704,"hati-hati, nih. nanti kepanasan karena kekurangan cairan",fear
6079,sedih dah,sad
531,bukan emyu namanya kalo ga tolol ya goblok,anger
10856,"ga tau sih, tapi aku aneh banget, kenapa banyak orang yang suka sama dia?",fear
8181,"gatau, kenapa aku selalu merasa sendiri",sad
12159,"wajib deh suka sama title track nya, aku suka banget",love
6476,belum nonton aja dah sedih.. sedih ga bisa baca judulnya kampret,sad
11224,"aku suka banget sama temenku, cuma dia gak pernah main sama aku, kadang aku minder banget",love
10668,"aku ngerasa ada yang aneh gini, kenapa aku suka beli boneka babi? astaga, numpuk di lemari",fear
3406,"nyesel banget pi en ice di usia muda, seharusnya cari pengalaman dulu di luar (siapa tau suka) tamat kuliah langsung pi en ice. (magang/part time tak kuitung sebagai kerja)",love
5991,sepertinya harus cari teman lagi karena timeline sepi sekali,neutral
6328,yakan! sedih banget bayanginnya,sad
8732,aku nyesel sekali farewell giftnya yeppeoseo :((,sad
2565,semangat kak andoo,joy
2581,kasi puas hati member,joy
10291,"om, kok ngeri banget ya, aku ngeri juga",fear
8385,"aku sedih banget, temen gue udah pindah.",sad
2607,"mensyukuri hari ini, belajar memperjuangkan sesuatu dengan penuh rasa ikhlas & semangat untuk sebuah kebahagiaan!",joy
12149,"boyoung, aku suka banget sama gaya baju kamu",love
2104,semangat om,joy
11705,"[fakta melody] aku suka menanam pohon, maka dari itu aku ambil jurusan pertanian, biar bisa menanam benih cinta ke dia",love
8993,"entah kenapa, aku merasa kecewa dengan desainnya ayangto, ga sesuai fanart yg ada",sad
11518,"aku suka jawab bebas kalo ditanya mau apa, jd mereka pasti pesenin aja apapun xixi aku cinta kalian",love
4994,"disini taehyung gak salah sih menurut aing,masalah marah?wajar refleks krna ngelihat jisoo begitu. taehyung juga wajar kan ya lebih fokus ke hanna sementara krna keluarga nya di sna dan kurang fokus ke jisoo,krna kalau kebalik bisa2 ketahuan dong taehyung juga berusaha nanya2kn",neutral
10859,"jeng jeng jeng, temen gue yang positif nih ada yang ngerasa was-was banget soalnya kamis kemaren udah ketemu, akhirnya dia mau swab house service. doakan yaa, semoga selamat",fear
5057,"betoii ustaz!! sy setuju!! kalau dan dgn sy memang takdak lah sy layan baik2 dulu, kan org tua2 kata uji kesabaran lelaki buat dia marah, buat kasar2, pastu tengok dia bersabar ka dak, kalau bersabar dan setia tunggu kita, jgn lepaskan dia, lulus kahwin  sy ikut",neutral
658,syaraf bin edan..g puny malu goblok cebong tolol sama dngn s mukidi,anger
4434,"karena kamu tidak terburu-buru, saya baru avail sekitar bulan maret. bulan ini saya hanya menerima hourly rent saja. silakan hubungi ibunda saya (jika ada yang ingin kamu tanyakan. i wish you a good day, sender.",neutral
11961,"aku suka banget sama kata-kata kamu, jadi aku jadi terusik. Tunggu aksi-aksi kamu ya sayang",love
3816,"jarang suka genre romance, tp sekalinya suka lgsg bucin banget !!",love
6773,sedih jg y kalo mau terang2an bucinin j bisanya di priv.,sad
11868,"cinta deh masnya, pas ngomong soon guys, soon hehehe suka banget",love
7260,"akhirnya bisa nge-XIXIIXIZI sama salah satu member, keren banget ya",joy
3904,"yess. aku baru suka exo sekitar september 2021 lalu, kaak. gak tahu apa alasannya, tapi beneran ini mah bisa dibilang sayang tanpa alasan, wakaka. daya tarik mereka terlalu kuaat. gak pernah nonton live show, dsb tiba-tiba suka dan sayang banget banget sama mereka..",love
11205,"dulu waktu SD suka banget sama lagu ini, karena juga relate ya",love
6811,aku dari minggu lalu pengen ke pantai and tempat yang dingin dingin gitu kaya bukit tapi gak kesampaian,sad
9669,"nih, pagi-pagi udah marah-marah di pagi hari, jangan nyesel deh",anger
3700,"pakai spaylater enak bgt apalagi bonus shopee byk (free ongkir), aku pengguna baru shopee suka banget, contohnya ini lagi perlu tapi belom gajian & spaylater ngebantu banget,jadi belanja dulu bayarnya nanti pas gajian",love
10824,"ga bisa nggak bawaan bawaan, bawaan bawaan, bawaan bawaan",fear
1788,ngeri ya canda nya,fear
10690,"jadi gue cuman mikir2 sama dia aja, apa kaget sih",fear
6314,.. kok sedih,sad
3645,"saya sender, ahgase yang kesepian disini. walaupun saya ngikutin karna suka sama lagu lagunya got7, tapi bisa banget nemenin kamu nonton konsernya. saya anaknya mirip yugyeom dikit si, tengil rusuh gak bisa diem. suka jahilin orang yang disayang, it's fine?",love
1776,jangan terlalu byk kepo kurang2in kepo cek urg mah ntr takut jatuh cinta lg awas nanti km cinta,fear
192,"anjir bsbsnya mimpi iparku ternyata jelmaan siluman babi, y tp kalo dipikir2 ada korelasinya si sm sikap, sifat dan tingkah lakunya yg ga layak disebut manusia wkwk cok baru kali ini aku bisa benci banget sama manusia",anger
8631,"akhirnya akhirnya revisi proposal selesai, tapi ngilang 2 hari, ternyata penjelasan variabelnya harus tambahin lagi, ngilang berhari-hari, akhirnya aku ngerasa sedih karena aku harus ngeluhin penelitiannya yang ga jelas, dan aku harus ngeluhin kalo aku kasih bonus page, tapi dia ngeluhin aku kasih bonus page",sad
10828,"hore aku bisa bales tweetan mas, kaget banget deh",fear
5388,"jangan khawatir curtis jones ada di list b, jadi masih punya kesempatan lihat gocekan maut jones di ucl nanti.",neutral
8671,"makin bertambah harapan, makin bertambah pula rasa kecewa",sad
4951,embun pagi . selamat pagi mentari . jangan kau kotori dengan emosi . jangan kau nodai dengan iri dengki .,neutral
2687,enak banget lagu hivi huhu,joy
4390,"09.21 simpang muara : antrian kendaran normal diketiga kaki simpang, situasi arus lalulintas lancar",neutral
4927,"10.memandang ke tempat sujud ""apabila shalat,rasulullah biasa menundukkan kepala mengarahkan pandangannya ke tanah.""(hakim)",neutral
5552,"emang kalo cewek dan cowok sahabatan tanpa melibatkan 'perasaan' itu terkesan tidak mungkin ya?? padahal sahabatan dengan lawan jenis itu enak banget kalo lagi saling curhat, apalagi tentang pasangan masing-masing. yaa, walaupun sering dicemburuin sama pacar sahabat kita",neutral
9843,"lu ga lebih dari org yg iri, org2 gila itu",anger
238,masi pagii tahan jangan emosi:),anger
11664,"waaah, temenku lagi suka sama orang, kasih tau gimana dong biar orang itu suka balik sama diaa. makasih",love
8627,"ga nyaman sama kehampaan ini, sedih aja gitu",sad
6901,":(( kemarin takut serok, sekalinya 3 hari berturut-turum ijo terus. sedih",sad
10543,"wuih, kayaknya kalo dihajar jadi ketakutan nih",fear
12480,"aku suka banget sama cilor, kaya aku makan nasi, rasanya enak banget",love
9663,"ya udah, ada pertanyaan dari base yang mewakili gue, tapi kok sepi banget, gue udah nungguin padal",anger
5097,woww meniaga angin tuhan bagi free pon boleh kaya raya. kera bodoh tipu manusia bijak pandai. berjaya plak tu,neutral
9120,ga bisa yakin sama baju yg kudah beli,anger
9412,"aku jadi ngerasa kena sakit hati, terlalu bodoh, dan terlalu bodoh",anger
8696,"nangis deh, baru cek ternyata ga bisa",sad
3552,"iya, mau kelarin! suka banget sama adaptasinya karena kebetulan director fav gue wes anderson, tapi belum sempet. pake kotep gitu emang nanti rapih? haha semangat. bener juga makasih idenya! kamu biasanya journaling tentang apa?",love
12560,"ya, meskipun sedih, kebahagiaan tetap ada",neutral
3360,suka banget rambut kuaci nya.. tp aku gatau itu dpt darimana..,love
8328,"gaada temen ngobrol nggak sabtu ini, keadaan sepi banget",sad
5628,"safir digulirkan ke arah dimana gerobak penjual crepes berada, yang dijual oleh ahjussi paling berbakat ( menurutnya ) membuat crepes, disana. . . katanya, ini crepes paling enak di seoul! padahal dia cuma tahu tempat ini, itupun karena dekat &",neutral
7751,"wow enak banget deh, aku mau juga sih",joy
5783,"set komemoratif ulangtahun jubli emas mrsm ke-50 bakal dilancarkan 14 februari ini edisi terhad & eksklusif kehebatan tidak dilahirkan, ianya dicipta kehidupan, suka duka, pengalaman dan cinta pertama bermula di mrsm abadikan kenangan anda pada ulangtahun ke 50 mrsm.",neutral
4507,"ya namanya juga khilaf. biasa aja tho, min.",neutral
11460,"aku suka banget sama layoutnya, adikku juga suka banget",love
146,ledik jancuukk tai anjingg setann tolol babi monyett,anger
9305,"ayo lu jangan bodoh dulu ya, jangan terpengaruh dengan omongan orang yang bodoh",anger
2294,"semangat kak, aku setia menunggu ;)",joy
7178,hujan semacam ini paling cocok dibaca novel. cocok banget sama ceritanya. bulan februari juga latar ceritanya. ga percaya deh mas bii,joy
12012,aku cinta banget sama mereka,love
9857,"gimana lagi ya, nggak bisa diatasi",anger
12391,"film barat romance banyak banget, tapi film pride & prejudice aku suka banget",love
10452,"eh nih beneran ya, aku takut kalo udah start beli ini kena semua favorit chara",fear
7081,becek2 dikit gini enak banget,joy
4733,yaa berprasangka baik saja.. habis korupsi berjamaah.. anggap aja mereka kura-kura pikun..,neutral
4384,"siapa saja yang allah kehendaki kebaikan padanya, allah akan menimpakan musibah (ujian/cobaan) padanya (hr. bukhari) ..",neutral
8640,"aih sedih bgt, padahal debutnya juga belum lama, suaranya paling bagus di SN",sad
4545,baru lihat kabar denise astagaa andwee,neutral
596,"two twts rj ni, bikin emosi,, mmpir kuy",anger
11442,"aku pengen bilang suka sama kamu, tapi sayangnya aku ini gengsi banget",love
8875,"emang awalnya gini aja sih, kayak cuma suka sama style dan tone warnanya, tapi sekarang, kalau liat hasil karyanya berasa sedih iya, tapi berasa anget kek dipeluk dipukpuk",sad
5164,pamer adalah ide yang bodoh untuk sebuah kemenangan,neutral
11510,"aku suka banget style anak rumahan, yang pake kaos + celana apapun, atau kemeja juga udah suka. Style anak rumahan itu favorit banget sih",love
1647,gw panik tadi sempet ga balance trs gw ulang lagi dari awal,fear
6815,ya allah.. :(( turut sedih juga soalnya dia temen monday,sad
2700,",, congrats,keren nih pak mentri bumn erick thohir semangat pak,",joy
1700,"kena razia rok plisket padahal yg ngerazia pake rok plisket jg (kating) takut kalah saing padahal gada niat nyaingin, cm mencontoh",fear
2773,semangat harinya kak semoga banyak orderan yaa,joy
6968,"pagi pagi udh dpt kabar aja dri temen, antara sedihh dan bahagia tp banyk sedihnya sihh",sad
8143,"baru bangun tidur, sedih banget nih, Denise meninggal kan. Walaupun masih positif thinking, dia pasti akan kembali ke 7MEN, tapi vine gak ada pengumuman resmi lagi, emang agensi shit",sad
6219,yahh sedih,sad
86,"benci tasik, benci jakarta",anger
10327,"kaget banget, pasangan aku emang lebih rajin dari aku, segala hal udah kemas banget deh",fear
10303,"bgtan bgtan jadi upf fee di awal aja ya, ga mau nyariin",fear
11021,"eh baru sadar kenapa suka beli boneka babi, kalo di lemari numpuk malah jadi khawatir",fear
2594,karena kaule dados bruder makane aja digodha nben ora lepas jubahe tetep semangat om brud,joy
1029,"semenjak bisa belanja online, beliau suka beli barang yang sebenernya nggak dibutuhin banget, ujung ujungnya disimpe di sembarang tempat terus ibu ngedumel karna jengkel",anger
136,contoh orang tolol bin dongok,anger
6972,semangat ya aku juga sedih soalnya tapi tetap konsisten ja,sad
7024,"dulu suka banget bahkan aku sering diem di rumahnya krn ngerasa adem aja gitu, bisa diajak cerita juga, ngerti sm keadaanku, tp skrg udah gada sedih bgt :( gada temen cerita lagi :(",sad
2854,"keren yahh.., di pondok pintar ini mereka belajar dan fokus dengan apa yg diterangkan. semangat untuk kalian anak papua",joy
1200,w jd takut pke jnt,fear
6121,"tl twt sepi bngett, kalian pada di fb semua yhh?",sad
9713,"gue jauh lebih baik daripada orang lain, kenapa orang lain selalu minta gue bantu",anger
6296,sedih banget onlen lagi,sad
3927,"suka banget deh sama karakter adin. gemes, persis kaya anak kecil bawelnya",love
11114,"coba aja aku, aku nggak bisa kayak gitu",fear
8468,"aku cuma bisa berharap semoga semua terus baik-baik saja, jangan ada yg merasa kehilangan, dan jangan ada yg merasa kuatir, jangan ada yg merasa takut, dan jangan ada yg merasa jengkel",sad
3606,aku pernah bilang nggak kalau aku suka banget penggambaran api dan air ini,love
11218,"serius bgt, mereka nih cinta banget sama orang. lucu deh liat mereka.",love
2330,padang enak,joy
2187,makasih nokaav bahagia selalu juga,joy
195,pickaw punya dendam kek nya,anger
5059,seriusan? mie gelas masih lercaya aku.. itu didalem perut ada kuli galian? aku makan 2 bungkus auto bego karena kekenyangan..,neutral
802,dgr suara org yg makannya ngecap asli emosi aink,anger
2668,roti tawar pke mentega enak jg,joy
241,aku yakin mereka bakal jengukin sih tapi kita ga tau ya mereka mau share apa enggak. yang penting jm ga sendirian lagi ahh copit bangsat. minta maaf lu bikin mimi sakit dan sndirian,anger
2068,"benar guys, nasi goreng.,simple, cepat, dan enak.,saatnya lanjut beres2 dah, ini rumah udh kaya' gak ada penghuninya, debu udh mulai bermunculan lagi.",joy
8677,"apapun genre filmnya, kalo ceritanya bikin sedih aku pasti nangis, ini tadi aku nangisin zombie di all of us are dead",sad
11019,"aku takut gak ada yang mau makan dengan aku, maybe",fear
644,"meme gk jelas. tangganya ki step by step proses gitu harusnya, mosok random, bego banget.",anger
5103,"pepatah mengatakan bahwa : ""orang bodoh lebih berbahaya daripada penyakit menular"".",neutral
1637,aku masih pake se kamu mah ah udahlah aku malu,fear
7552,"suka sama keduanya, tapi lebih suka yang electric karena aku pernah main piano tapi sekarang gak ada lagi. Aku baru baca suratmu! Keren banget!",joy
8312,"di share ke base blm fan? sedih gini liatnya, udah 3x ga di share sama fans",sad
3074,"jangan gitu nder, gua juga suka keluar tengah malem terus foto kembang itu, bagus banget soalnya pas liat wkwk",joy
7296,"akhirnya dapet order demo, seneng banget rasanyaaa",joy
3278,sedih ya? hahah mangats dong,joy
8003,"aku nggak tahan liat kisah mereka yang mulus-mulus terus, di liriknya aku relate banget",sad
4970,"mau bertapa, mau balas dendam (keknya gabisa sie tp lets give it a try hshsjsksk) .fevereverie see you soon i guess?",neutral
8971,"ahhh, gara-gara lupa ulang tahun, aku udah ngeselin mulu. Tapi aku gak tau gimana caranya jadi orang yang ga lupa. Aku udah capek, deh.",sad
8326,"eh tapi kok kaka bilang aku cerdas, kok ayah bilang aku tolol?",sad
6915,"memang tida tau malu manusia satu ini:"")) mau marah tapi gk bisa",sad
8816,"aku pikir Tuhan marah sama aku, ga bisa dielakkan",sad
7829,"intinya, hafal aja yang penting. paling penting, ACCIO! seneng banget kalau malas ambil barang",joy
62,tak sempat la ni nak balas dendam minggu depan. mesti sakit dh hilang time tu,anger
9976,"ga mau pusing terus, jadi ga mau terlibat. Gak mau ketakutan",fear
10022,"wuih, takut banget nih ke",fear
9228,"gemes banget, liplipan gue pake beneran ya, mocha gue pake bangun tidur, dahlia siang, sweet sore, dan romantic malem. akhirnya gue mau jual produknya gimana nih?",anger
9133,"gemes banget liatnya, aku nggak bisa tidur aja.",anger
679,"dia marah yae di ship sama ayato, katanya yae miko based on yae sakura on honkai yang emang canonically lesbian tapi ini kan genshin impact",anger
2041,dipeluk enak nih,joy
5307,kalau takut kelupaan atau ga keburu bisa mintol temen buat login nder :'d semoga bisa cepet login lagi yaa,neutral
9775,"udah 2 tahun jadi kerajaan, baru aja cakap tak setuju. Jadi gemes deh, seharusnya udah tak terlibat terus. Aku merasa bodoh",anger
3641,"suka dan jatuh cinta tu gak butuh alasan, suka ya suka aja",love
12066,"cewek itu gak suka ngomongin masalahnya, dia cuma mau berpura-pura bahagia, gak mau ngerepotin orang yang dia sayang",love
3258,pagi pagi luar biasa!,joy
1873,anj suaranya deep bgt takut,fear
4744,gpp bro santai saja,neutral
2912,"terpujilah blues! tiap birama ketiga contra bass yang memetik kunci kres: dendam sadis disibak, lalu dilepaskan.",joy
4027,"lo sengaja ya milih guee?! okee jea tu baik bgtt, aneh juga tapii ahaha salting mulu kerjaannya abis tu ngilang. lo bego bgt pas naksir orang, lebih bego dr pd gue pokoknya. bawel bgt anaknya, ga bisa diem. seruu rame bgt pas space triak2 muluu. otw kcb ni boss iloyoo jea",love
5488,jangan merasa puas dengan pengetahuan yang anda miliki karna samudra ilmu membentang begitu sangat luas dan dalam.,neutral
10871,"baper bgt sih, gue malu banget kalau kalo ampe kejadian ini di lu liatin, gue ngerasa ketakutan",fear
8024,"emang pake gak jadi kalo pake yg ga ada, hahahahaa. emang pake gak jadi kalo pake yg ga ada, hahahahaa. emang pake gak jadi kalo pake yg ga ada, hahahahaa",sad
7786,"pagi ya semangat, seneng banget rasanya",joy
11644,"aku suka banget warna-warna pastel, keren banget",love
6864,awalnya w sgt kesal dgn nj tp lama lama mlh kasian,sad
489,emosi mulu nih lansia,anger
690,paling benci kalo emak bapak udh ngomongin jodoh. im still fuckin 19,anger
602,anjing babi bangsat abang gw kecelakaan pelakunya kabur setan,anger
1014,"kalo bocah koar koar kasih bukti aja biar diem, gua gak suka kedamaian",anger
869,ajuin aja kenapa takut untuk mencoba? ragu? mundur aja.,anger
1993,di tlp ex bisa biasa aja tapi kalo ketemu jantung saya tidak aman,fear
7610,"jangan patah semangat ya, kita bisa kok",joy
5283,"maksudku perjalananmu ke sini. . tapi, junsoo-ya sudah bertahan sampai sejauh ini, sangat menakjubkan! erangan itu”” meski samar terdengar pada indera pendengaran”” roman cemas tetap terpampang secara jelas. mereka, kan sudah lama dipisah oleh jarak, chaewon ”",neutral
4370,sama. gw biasa jalan dipaling pinggir sambil blg sorry,neutral
1361,kok om sih. *gugup*,fear
1526,takut disomasi sm klien,fear
1629,kok ngeri,fear
1551,malu kali nder,fear
10885,"ngga mau beli chara favorit ini semua, ngeri ya bila semua pilihannya",fear
12205,"jangan lupa berterima kasih ke fans, mereka yang mengangkat kita ke posisi ini. Kita harus bersyukur dan menerima kritik yang diberikan, jangan merasa paling baik, tetaplah rendah hati. #idol2jype",love
1337,sekalinya muncul ngegebraknya bikin kaget ya mas topo,fear
3901,"gua selalu suka kalau pagi-pagi buka tello terus ada yang kirim ginian huhu please lu cepet sembuh yaa makasih banyak karena udah baca ajay dan kugi, nanti gua update lagi oke?? cepet sembuh banget ini gua benerannnn",love
5041,"lebih baik di benci tapi menjadi diri sendiri, daripada di suka tapi menjadi orang lain",neutral
8252,"pagi-pagi rasanya susah bangun, ga ada semangat buat hari ini",sad
9219,"gemes deh, kadang liat kebodohan orang bikin pengen hihh. udah tau ada gejala lu bilang lu sakit tenggorokan, waktu tes positif kok kaget g ada gejala lah itu yg lu tulis sebelumnya apaann",anger
5039,"i think,, dari pertama kali announcement itu series n until now, kita udah bisa liat kan how the series works? this is so easly, remember, there is still a long way to go. sorry, gua cuma pengin kalian gak terbawa emosi or semacamnya lah-",neutral
2346,wahh semangat uprak ny kakk:d,joy
11689,"aku suka banget sama anak-anak, sayang banget sama mereka",love
5485,"bener wkwk, jual beli itu suka suka whales, dikira whales satu doang ada banyak, dan grupnya juga pisah pisah, mau jual beli juga suka suka dia, malah kalau dia jual ga bilang, tiba2 sorr aja, bilangnya cuman pas serok, patokan paling enak ya tradfi sama makro ekonomi",neutral
11165,"jadi bener banget, aku suka banget banget banget banget banget banget banget banget banget banget banget banget banget banget banget banget banget banget banget banget banget banget banget banget banget banget banget banget banget banget banget banget banget banget banget banget banget banget banget banget banget banget banget banget banget banget banget banget banget banget banget banget banget banget banget banget banget banget banget",love
5694,"tell seller yang open sharing photopack sg22 suka capek ga jualin sisa sharing? kayak susah banget ada yang ngelirik polaroid sama pc konsep. sekalinya ada cust yang mau beli pola sama pc konsep langsung mikir ""omg ada malaikat"" karena sesusah ituu",neutral
5119,"kok marah, korban ya?",neutral
5166,"kalo dia marah pacarnya di gandeng. tanya punya surat ijin pacaran gak. kalo mukul lapor polisi dong, 'penganiayaan'",neutral
1134,iya kaan yg lain suka pada coba pd gpp tp tetep takut wkwk,fear
8342,"apakabar? aku baik-baik saja, tapi terkadang pikiran aku sedikit berantakan",sad
8757,"aku nyesel banget, kasihan banget",sad
4017,"karena varo gemes (dan banyak temen laki gue bilang doi gemes jadi udah teruji kegemesannya dari sudut pandang cewe & cowo), dia perhatian banget & suka nyariin gue, varo demen nge spam juga, orangnya bikin gue penasaran apalagi gue suka banget ngejar seseorang gitu jadi cocok dan gue sayangin bangettt",love
2424,"best class ever pokoknya. susah, senang, sedih, semua nyatu sampe kangen berat pengen nangis.",joy
4138,"sama nder, aku masih 17 thn, gak pernah ada yg nembak, deket sama cowo pun juga gak pernah. sejombloa""nya temen gue, mereka masih ada yg suka atau pernah ngerasain disukai org. jadi gak pure jomblo. gue bodo amat sih mau ada pacar atau ga. soalnya udh biasa sendiri, jadi finea"" aja",neutral
859,"pejabat kaget itu budaya kumpulan orang 2 bego bermain drama, prestasi menjilat , korupnya ga kira2.",anger
2962,all the best buat women's team dan men's team ina takut dikit tapi saatnya pelapis kita menggali pengalaman dan melatih mental. fighting!!,joy
8089,"jangan nangis, air mata lu lebih berharga daripada apa yang kau pikirkan, tapi aku juga sedih, aku tidak bisa menghiburmu",sad
10597,"akhirnya putuskan, gw ga mau nulis apa2, gw lebih suka foto doang",fear
9753,"beneran, gw udah di lokasi jg dianggurin, gimana lu mau hire org luar, gimana ceritanya, tolol banget, ngga pengen gw duitnya, gajelas, bikin stress, tinggal beresin, proyek udah kelar, dibikin pusing amat",anger
10781,"eeee aku kaget nih, awalnya kira-kira dia ngelirik aku, ternyata bukan",fear
10680,"sabtu pagi, bukannya mendapatkan kabar gembira, tapi malah mendapatkan kabar yang membuat deg-degan. Jadwal ujian sekolah dan ukk bulan depan bikin pusing.",fear
1364,"cuman aku malu aja buat ngepublish ke orang lain , karena dia juga gk pernah publish aku",fear
11853,"aku suka banget say, say aku say say",love
1779,takut puasanya ga sah,fear
8753,"sedih banget, ngulang-ulang sama anak itu tapi tetep ga bisa, gimana ya",sad
2101,ayang kenapa?? yuk semangat yuk,joy
1818,malu banget tadi nangis dipergokin nyokap,fear
369,bodoh..,anger
4937,"alias udh pada cape bgt sm kelas gue ""ini kelas unik ya"" wkwk. bedanya kerasa bgt pas gue kelas ipa 1 waktu kelas 11 walaupun pandemi. ipa 1 sepi bgt anjir, dan walkelnya killer ribet gt lah. ipa 3 selalu begitu diangkatan gue dan selalu dapet walkel yg asik santai",neutral
5285,aku ikut ngerasain malunya gkpp kita berbagi malu,neutral
8367,sayang banget akun baru ga punya followers,sad
10208,"malu banget sih kalo ngomongin hal ini, tapi malah malah iri dengan orang yang punya keberuntungan itu",fear
7071,"iya, tentu saja ada airmata, tentu saja ada semilir duka.",sad
2093,"duuh ga lama lg insya allah ngalami masa2 ini, melepas anak lanang kuliah..pasti ambyar hati mamak ya mbak,selamat belajar mbak n, sehat, bahagia n sukses sll, smoga tercapai apa yg disemogakan, aamiin",joy
7817,"tapi ternyata langitnya cerah, seneng bgt",joy
1920,"koyok e dendam deh nih kocheng, grgr mau subuh tak kancing i lawang",fear
82,marah btol bang,anger
7331,"jangan putus asa yaa, pasti bisa loh kok, semangat terus ^va",joy
7304,"hihi, aku baik-baik aja, semangat yuk, jangan berkecil hati",joy
816,emosi bgt liatnya,anger
4396,kalau nanya mau lanjutin dimana lumayan normal si. oiya mungkin temenmu cari semangat,neutral
8475,"akhirnya aku suka banget nder kalo makeupku abis dan aku kecewa kalo ampe putus kotorannya, sensasi gelinya ga dapet",sad
6124,kok sepi rep nya gak kek pas masa-masa penjilat,sad
4120,"4. saling menjaga juga berlaku untuk menjaga pernikahan, ya jelas tentu saja 5. memastikan istri bahagia, bukan cuma nerimo? kurang tepat, memastikan keluarga bahagia, semua pihak bagahia gk cm istri, tp suami, dan anak",neutral
10031,"wkwk aku gak ngerti, kenapa kalian bilang produk ini bagus, apakah memang sejuta manfaatnya? aku ragu, tapi sih pengen coba",fear
1813,jangan deh kalo balikan ntar takut muncul perang dunia lagi,fear
1271,"bener lily. malu banget dah.. minim literasi. kirain tuh paling muda, ternyata muda dari kakak. terus kirain tuh ada n-nya, taunya dia nulis kurang huruf n, bukan ada n-nya. malu banget.",fear
2994,mandiri tanggung jawab rendah hati sabar dan takut akan tuhan..itu saja udah cukup utk harapanku :3,joy
9608,"gemes deh lo, gue marah sama lo, tapi gue juga sayang sama lo",anger
6409,kecewa bener bang,sad
2642,ya allah enak banget libur btw bulan ini sy cek out shopee isinya bantal sama blender jus mau memperbaiki kualitas bobok sama kesehatan wkwk ( saran dari dokter ) karena abis kontrol n sumpah rekor bb 64kg bhakk makanya beban badan makin berat ye shay,joy
8759,"kucing itu lucu bgt, tapi sayang aku nggak bisa ngasih makan, main, atau pegang dia karena punya alergi sama bulu meong",sad
2305,", wih enak kyaknya",joy
9193,"nyesel banget nih, aku marahnya ga tahan, bangsat banget",anger
10547,"eeeh kaget banget, ada scene zombie yang kejam di serial 'all of us are dead' tiba-tiba ngacak-ngacak usus dari perutnya, aku terus makan dan nonton",fear
4195,"kita tunggu saja kedepannya, moga hp ku masih kuat",neutral
10513,"aku khawatir banget kalau aku ngomong caper sama orang, mereka ga bakal suka sama aku",fear
3849,"banyak hal hal kecil yg aku lakuin ke kamu, ternyata kamu suka banget!! aku ngelakuin itu semua pure to make u happy",love
12407,"aku suka sekali gambaran air dan api ini, ini aku bilang",love
10561,"aku ngeri banget bgt, terpaksa kabur dari space ke ciba, takut yah",fear
12063,"aku suka sama kalian, kalian suka sama aku, kalian suka sama kalian, dan aku suka sama kalian, aku suka kalian ya, aku suka kalian",love
3554,"hello, good morning dear. ciia avail sari hari ini dan seterusnya juga provide untuk pda dan gxg rls sedikit tentang ciia, aku anaknya talkative convobuild, random bubbly person suka share tmi dan bucin banget kindly check my carrd if you -c-",love
2195,"semangat, hati-hati dijalan meii!!",joy
2600,"hii ayaa, semangat ya buat hari inii, have a great day ;33",joy
6163,ko sedih banget diisi ciba biar ga kosong,sad
1518,bisa bisanya semalem mimpiin gwinam takut bgt,fear
8880,"rasanya hidup gue kacian. gue tinggal sama orang yang gue gak rasa, tapi gue menggantungkan ekonomi sama dia padahal dia pas2an. dan orang yang gue suka dia kacian, gue penghianat. gak tahu lagi rasa gue masih ada apa gak. gak berharap ketemu orang yang lebih menarik. mungkin gue gak ada apa-apa",sad
9253,"beneran gak di call, siapa tahu marah",anger
6309,jibe kajjaa beneran sekacau itu dan bikin mewek sedih bangwt,sad
5755,"apakah anda mendengarkan allah?..apabila kita lebih suka mendengarkan suara hamba tuhan, lebih suka mendengar kesaksian-kesaksian daripada mendengarkan tuhan sendiri, hal itu sesungguhnya menunjukkan betapa kurangnya kasih kita kepada allah. ~oswald chambers	Neutral
orang yang paling buruk itu adalah buzzer, mengadu domba antar sesama muslim dengan fitnahan dan cacian. dan nabi bersabda seburuk-buruknya kalian adalah yg suka mengadu domba saudara muslim yg saling cinta"" - nasehat pagi sayyidil habib",neutral
5633,itu makanan kesukaan dia kan? entah makanan kesukaan dia atau dia emg suka sama ayam itu. dia juga bbrp kali mentioned ayam itu di livenya,neutral
8399,"kenapa sepi banget, kok ga ada yg ngobrol? cc",sad
11717,"jujurly, selain suka kopi yang pedas asam manis gue suka banget sama logo dan warna dasar yang simple si flash coffee",love
7162,"selamat hari sabtu juga, semangat ya hari ini, ya ibukkk",joy
11718,"aww cintanya ibu, enaknya dipeluk sama ibu, dan aww deh kalo dipeluk sama ibu, ciuman kecepetan dan neteknya enak",love
9279,"jgn marah kalo dihina, itu karna kalian pantas terhina",anger
1988,"iya njir, deobo gada kabar samsek, agak kawtir",fear
7737,"pagi2 hujan lagi, seneng banget rasanyaaa",joy
517,bikin gue emosi aj,anger
6160,kok ikutan sedih ya :(,sad
9453,"pkeeeet, kenapa mau petik nama aku, apa aku gak nyaman gaes?",anger
11429,"film ini keren banget, cinemographynya cantik bgt. ceritanya ringan tapi bagian theaternya keren banget. aku suka banget sama film ini, 8/10 deh",love
10163,"aneh banget, aku ngeri deh liat women nya",fear
9123,"orang ngaku bodoh, pantes ya orangnya ga berumur panjang",anger
4456,"termakan sumpah a” da_pink kartu undangan berwarna merah terlempar begitu saja. secarik kertas itu bagaikan musibaha besar yang membuat kepercayaan diri sarah nyaris lenyap. satu per satu sahabatnya melangkah menuju pelaminan. sedangkan ia, masih betah melajang di",neutral
2761,semangat cari duitnya !,joy
6481,"kalau lingkungannya ga sehat pindah rumah oke bgt, tpi kadang sedih buat ninggalin rumah lama, karena kan kenangannya banyak",sad
5911,"brother of the year, dahh jgn sedih lg yaa",neutral
11359,"aku suka banget sama dia, dia baik banget sama aku, dan aku gak tahu kenapa",love
6547,ini ga ada niatan digaji gt ya? sedih amat isip,sad
4855,begitu pindah ke dokter cowo yg seusia dia (sampe skrg ama ni dokter) yaa ga ada tuh judge ini itu. di support abis abisan apapun keputusan ibunya.. soal perkembangan solutif. soal makan solutifnya luar biasa.. emaknya keluar ruang dokter dengan muka happy krn dpt solusi.,neutral
7644,"pagi ini banyak temen abg yang murung, pasti fans mu ya kan wkwkwkwkwkwkw",joy
11154,"hahahaha jadi inget kalau dulu aku ngeri banget kalau kena booster, gemes deh baca news tentang efek samping booster, tapi kini aku udah nggak lagi kayak dulu, aku udah siap untuk booster",fear
12202,"manusia beda-beda jadi ga semua orang suka sama konten mlm wlw jadi ada tagnya biar ga ada potensi keributan. kalo straight ship ada tagnya sendiri jadi ga usah khawatir. kita bukannya homophobe, cuma mencegah keributan di dalam fandom",love
6358,ya sedih krna makanan cukup buat sehari satu org nag,sad
2438,"semangat dungs, pc & merchku blm dtg jdi hrs tetp semangat",joy
3765,aku diajak nikah jaemin karena dia suka sama aku anjir beruntung banget di game ini,love
6432,"sedih lihat timeline orang ini, kayak bukan orang sumbar.",sad
8643,sayangnya belum dapat kabar dari ayang,sad
7846,"jadi semangat deh buat nyatet, semoga bisa lolos ya",joy
8982,"ga percaya, aku pikir teman online aku udah baik-baik aja, eh ternyata.. ga, aku kecewa",sad
11292,"wah ini bener-bener keren, aku suka banget sama endingnya",love
6340,agak sedih tp sy lega bye,sad
4821,apa kabar hari ini?,neutral
18,"izinin suami poligami buat menghindari zina? lol banget, heh mmngnya nabi saya poligami gegara mata keranjang trus sangean? trus ada niatan zina, tpi biar gak zina jdi dinikahin? ngelirik cewek sambil nyebarin ajaran agama gitu? tolol, belajar agama lagi sana",anger
3560,lala moli banget suka tidur telentang gt,love
3951,"aku sering banget ngeluh soal muka yangg sensitif, suka muncul breakout gak jelas dan dimana-mana, dan aku pengen deh punya muka yg glowing kayak cewek lainnya. kadang juga capek sama muka sendiri karna sering breakout",love
49,dipta kamu jangan bego bisa ga?,anger
12470,"naksir banget sama cewek ini, dia cantik dan ramah, rasanya suka gitu",love
887,"kek gimana ya, kadang tu melihat kebodohan orang tu bikin pengen hihh. udah tau ada gejala lu bilang lu sakit tenggorokan, waktu tes positif kok kaget g ada gejala lah itu yg lu tulis sebelumnya apaann",anger
6261,"gimana si caranya biar bigwin? cpk bgt astaga, gapernah menang sedih bgt, sebernya rada iri sama yg bisa bigwin",sad
7236,"hebat bgt pkl nya, dah sarapan? kalo belum, sarap dulu yaa, semangat semangat",joy
6989,lukaku banyak banget disini dan kalo tiba2 keinget masih suka nangis & masih terasa sakit..,sad
6043,saya kerja di jababeka dua kak rumah di cengkareng..paling pas krl aja udah kontra flow jadi sepi,neutral
3168,dapat kabar baik alhamdulillah jimin udah dinyatakan negatif covid.,joy
2949,huwaa anjir kaget dan senangggg banged kaka gue pulang kerumah skskw,joy
1424,"dikasih tau adik, simbah nanyain ""ini bajunya gak pernah lihat dipake keluar, dipakai di kamar ya?"" baju tidur tali spageti yamasa ku pake keluar2 kan malu. ini kalau beli lingerie yg aneh2 ya jelas jadi pertanyaan. udah paling bener beli daster midi aja.",fear
139,"lah bego, itu all of us are dead kali gwinam",anger
3197,begitu bangun dapet kabar baik dari jimin,joy
5131,aqis masih pagi ga boleh marah marah,neutral
112,"nah ini yg gw ksl gw si b aja lah liat si bright sm tu soalnya kek phinong bet tpi yg gw benci klo kek gt suka ngelunjak anjr fans nya mn ngejelek""in iwin lgi trs pasti udh kek berasa real bet pdhl cmn fanservice",anger
8160,sales asuransi ini paling nggak ngerti. dia bisa ngomong cepet banget. tapi aku ga bisa memotong kalimatnya,sad
10926,"aku infp dan aku relate banget, kalau ada hal yang ga terorganisir jadi aku panik sendiri, pikiran jadi ga tenang deh :')",fear
4559,"baru sadar, bentar lagi ramadhan. kalau grafik naik bukannya sudah biasa? korban agen-agen konspirasi global dunia kuwalik",neutral
4595,menfess adalah pesan/kata-kata yg dikirim dari seseorang yang rahasia,neutral
4690,"bisa langsung dm aku yaa. fee 5k saja bayar akhir, testi on pinned!",neutral
7951,"aku mau buat kamu, tapi aku gagal sendiri, aku benci diri aku sendiri, sad",sad
9418,"gimana sih, keadaan kayak begini, aku ga bisa terima",anger
3277,makin kesini snowdrop stan makin ngelawak udah gak ada sedih sedihnya,joy
4068,"happy birthday taehyuni, terima kasih karena udah jdi kesayangan moa moa bkl terus dukung tahyuni dan akan terus berada disamping taehyunie saat sedih dan bahagia sehat terus dan bahagia selalu, jangan lupa istirahat dan makan yang banyak we love you",love
4408,"[closed plot with ] angin laut yang menerpa tubuhnya terasa dingin, namun tidak melebihi dari apa yang ia biasa hadapi. mantel tebal bagian dari seragam lengkapnya juga membantu menjaga rasa hangat. ia dengar, tempat tujuan mereka tidak akan sedingin ini.",neutral
12021,"aku jatuh cinta sama johnny, karena dia orang yang selalu menempatkan orang lain diatas dirinya. dia orang yang selalu ada untuk orang lain, dia orang yang selalu memberi yang terbaik buat orang lain. aku jatuh cinta sama dia karena dia orang yang selalu ada buat orang lain, dia orang yang selalu memberi yang terbaik buat orang lain. aku jatuh cinta sama dia karena dia orang yang selalu ada buat orang lain, dia orang yang selalu memberi yang terbaik buat orang lain. aku jat",love
10809,"bingung, aku demam dan batuk, apakah itu flu atau apa?",fear
451,"ada bws yg ngert tweet ku, dia ngira ak benci krna gaada moment bw tah?? ak benci krna trailernya penuh sad moments..",anger
7262,"allah, kalo ngasih surprise suka banyak banget jd terkejut bahagia",joy
3731,"nah iya, gak enak gara gara dia. taeung jadi gak ngerti mana prioritas karna sifat 'gak enakan' dia. udah gitu si temennya suka drama nanges dan beneran berdedikasi banget gitu ke taeung gitu. kan bingung!! jadi yaudalah bye",love
7256,"yeay semangat, terus jalanin aja",joy
11266,"aku suka banget sama fl ini, mungkin kalo suka genre drama dan genderband bakal suka fl-nya juga, tapi bukan tipe fl yg badass",love
4986,"hanya orang bodoh yang mati demi cinta, aku akan bertahan hidup untuk cinta. (ryo saeba ~ city hunter)",neutral
3663,"yo, chiyo. adek lo tuh sukanya apa deh? she asked. well, he already knows that yuzuha had a certain feelings towards his sister. apa aja dia sih suka, asal gak lo kasih beling aja. adek gue bukan ahli debus, lo tau kan?",love
2763,gembira dengan keadaan,joy
9288,"yah kan dia adiknya ngerjain? gimana sih maksud lu ngerjain, masih pagi ini ya jangan buat emosi bgst.",anger
1855,"malu banget anjirr, tadi ada yg teriak ""misi paket"", gue udah buru2 mau buka pintu, kirain paket gue udah dateng, taunya paketnya untuk rumah sebelah",fear
999,bnsatt anjirr pagi2 bikin emosi. kalo ga suka anjing kenapa pelihara?! tiap hari selalu denger anjing nangis kena pukul. emosii. mending lu kasih orang dah tu anjing daripada disiksa setiap hari. kesel yatuhan dengernya ikut sakit denger anjing nangis,anger
389,marah nih nunaa,anger
6426,ga ngestan sn tapi bias gue dia.. sedih banget asli,sad
1476,ngeri keinjek hp nya min t__t,fear
2240,"sale pisang 8k, ini enak bangett . dom tangerang 5 qa?link toko ada di bawah ya",joy
11505,"jatuh cinta banget sama ciptaanmu, lucu bgt ya cibi2 ini",love
8112,"aku kecewa sih sama buku itu, nggak keren abisnya",sad
992,"hadeeh kadang gue bingung banget yah sama cewe suka update2 kalo dia jadi selingkuhan gini tuh ceritanya merasa cantik banget apa gimana sih? jahat tauu beginii.. udah jahat diumbar2 jahatnya, gue aja yg cewek ilfeel liatnya, huftt.",anger
7032,ada sedikit penyesalan kenapa gak dri awal aja gue suka mereka pdahal gue udah tau mereka thun itu mereka booming banget tpi blm tertarik untk suka suka exo 2021 ni itu pun ya gra2 tmn krena dia juga bru suka exo di 2020 dia selalu nunjukin gue ttng exo jdi gue cri tau jga,sad
4997,"hargai orang lain, siapapun itu, dan jangan pernah menaruh dendam kepada siapapun.",neutral
3922,"thank you! lagi kangen banget sama exo. btw ceritanyaa sama banget suka exo dari kyungsoo huhu! doain ya semoga ada rezeki, mau ikut konser juga",love
2972,wkwk kenapa harus malu? kocak wkwk,joy
6871,"gw terlalu kepo,seharusnya gw gk tau jadi tau tapi mau gmn lagi pas tau rasanya benci banget sama dia tapi di satu sisi gw kasian harus gmn juga gtw jadi ini hanya rasa kasian sj",sad
10497,"cek keamanan tambang timba dulu ya, ga nyampe bgt jangan di dalam dalam",fear
4769,"zenwalk gnu linux 15.0-220204 diumumkan, apa saja yanga baru?",neutral
1293,: harap-harap cemas..,fear
4173,"paddy mcnair: ""luar biasa. kami memulai babak pertama dengan sangat lambat, tetapi kami pantas menang secara keseluruhan. mereka tidak memanfaatkan peluang mereka dan itu memberi kami dorongan. kami berada dalam performa yang sangat bagus.""",neutral
2535,semangat sampai punya satelit sendiri khusus keluarga,joy
11495,"nyesel banget diomongin di belakang mulu, gemes deh digosipin terus dari belakang, ga abis pikir",love
1907,nnti pcr pcr ku marah kak,fear
10439,khawatir akhirnya gak bisa jajan PC lagi,fear
11959,"aku masih sayang sama kamu, entah karena sayang atau bodoh",love
8560,"jadi bangeet, nangis di rooftop juga sedih, ga bisa ya",sad
6033,"ketulusan hati sepasang manusia kan tetap terjaga, sampai salah satu dari mereka merasakan sakitnya kecewa, atau berjumpa dengan sang pencipta",neutral
7619,"akhirnya ngebayangin kehidupan hewan, bgtu deh, y*hnya ga bisa ngelakuin apa yang diinginkan. dia cuma bisa ngomong menggoda dan ngelaba-laba. h*jnya jadi kesal dan marah, tapi y*hnya tetep lembut dan menggoda. h*jnya ga bisa menghakimi y*hnya, tapi h*jnya bisa membebaskan y*hnya dari rasa sakit. keren deh",joy
1151,thanks udh speak up bang. gua ngeri akun lu tiba2 kena petrus :(,fear
1567,karena kalo malu bakal malu banget ini lebih lebih dari orenji untung beneran iri jongu,fear
3171,wonya dia santai tapi kena ke semua otot. mantap.,joy
7106,"yeay, aku keren banget, bocil2 suka ngeliatin gw",joy
4160,"baru kenal, baru mau nyapa udah dilirikint tajem bgt ampe mau copot matanya. santai kali mba",neutral
4287,tuli-tulis saja nama2. rakyat kurang lebih 200 juta.,neutral
2230,"selamat pagi om,sehat selalu dan tetap semangat",joy
174,ntah tolol beneran atau 'pura-pura tolol' yang masih butuh informasi tentang saya ketika semua akun sosial saya terbuka untuk umum.,anger
1903,"kita semua punya rasa marah sama wowo prof, jgn dendam ya prof. kan waktu milih kita serahkan semua pada allah.. tpi klo inget trus kejadian itu bole laah prof.",fear
8752,"ya udah, aku ga pede sama kehidupan cewek umur 22 yang mau nikah, aku ga mau nikah, aku pengen skincare aja, ga mau dikatain borosan muka. Huhuhu.",sad
9263,sih kau cuma kaget2an.. aku juga bisa kaget.. Idiot amat jadi orang,anger
3408,akuu suka banget,love
1538,ngeri banget,fear
2292,"bismillah hari ini aku sehat, aku bahagia, aku berkelimpahan, aku menarik rezeki dgn mudah, segala urusanku dilancarkan, aku disadarkan dlm setiap ucapan serta tindakan dan aku dipertemukan dengan jodoh dan orang-orang yang baik. aamiin yaallah",joy
1363,"tar paket gue yang rembes hujan kemarin dateng, dan gue diminta unboxing depan kurir trus bakal di videoin. kan gue malu yak",fear
4357,"jadi fans mu udah biasa kalah,mental health nya kebal",neutral
5260,jangan panik nder terakhir tgl 15,neutral
9417,"gemes deh, kalo temen aku tuh suka kek gitu, bilangnya otw eh tau taunya lama banget, aku ngerasa dikecewain",anger
9575,ga abis pikir si kangen banget sama jake. tapi sekarang gue benci banget sama agensi jake. masalah yang jadi masalah sekarang ini gue percaya kalo jake gak pernah mau redain. sepanjang karir jake gak akan ada redain sama masalah ini,anger
680,tolol lu,anger
9961,"jadi emos banget deh kalo liat adegan mba, bukannya bikin emos",anger
3664,"ini laki satu suka bener pout sekarang, gak tau apa ya aku paling gak bisa liat cowo pout ginii, gemess banget soalnyaa",love
1661,"denger kata, foto-in satu-satu mukanya. dan yang bilang jendral bintang 4, mantang pangkostrad. warga kehormatan kopassus dan tentunya pimpinan tertinggi angkatan darat. ngeri bos..wkwk",fear
508,ngomong dari pagi kek bangsat nyusahin bngt,anger
166,"dipakai untuk acara pernikahan tuh, bodoh.. kunjungi ke tkp jangan cuma maen jempol aja luu.. keree gk punya ongkos, gw bayarin dah, gw mah gitu orangnya",anger
10717,"jadi kaget banget, ternyata gampang kegedean, takut kececer jadinya",fear
10499,"nggak suka banget sama rasa pait, kapan-kapan bisa makan yang pait, soalnya aku takut nggak bisa ngelawan rasa paitnya",fear
7365,"lesnya lagi, aku semangat banget",joy
1914,"tapi keinget pas lsp ngejurnal manual sampe arus kas gue lancar, komputer juga lancar, eh giliran ujian teori gue zonk bgt tiba2 kek orng bego wkwkw",fear
7263,"ajak temen-temen jalan-jalan santai petang di lcct. naksir banget liat pesawat landing. ajak foto bareng. aku siapkan skill fotografi terbaikku. bawa kamera cina terbaikku. alhamdulillah, aku happy banget liat hasilnya.",joy
12139,"aku sayang banget sama kamu, tapi gemes aja kalo kamu suka dia, pliss minn, jangan sampe nyeselin sama aku",love
12299,"manis banget, manisnya juga ke semua orang. mana cakep lagi, wajar banyak yang suka",love
7361,"suka banget sama romansa sama jolly, wanginya manis tapi pas. kalo yg manis banget itu charming, soft tapi manis banget. kalo pengen gak terlalu manis bisa coba yg fantasia. kalo freshy aroma manisnya beda, gak soft gitu manisnya lebih ke nyegerin. ini pendapatku.",joy
1104,dah lah ak kecewa!!,anger
10868,"harus istirahat dulu, ga mau kecewa lagi buat yg kedua kalinya, soalnya ga yakin sama yg terakhir",fear
5310,"salah satu sudut bibirnya kembali tertarik ke atas membuat senyum tipis terpatri pada paras tampan miliknya. dengan penuh semangat ia melanjutkan bait dari lagu anak sekolah ini. ""tiap kali kau bermanja gemetar rasa di dada ingin kubisikkan cinta tapi hati ini malu jadinya""",neutral
9526,"makanya jangan bego aja, ngaji yang benar biar gak kecewa",anger
5754,"dalam cinta, jangan pernah meninggalkan seseorang yg kamu cinta hanya untuk seseorang yg kamu pikir kamu suka.",neutral
152,"pebenda lah org penuh dgn emosi last episode, time tu jugak dia nak sumbat ppl",anger
10007,"( kaget saat punggungnya dipukul. dia sendiri juga baru sadar langsung sebut nama. ) ..aku kaget banget, kayaknya dia berani banget ngomong nama aku, aku ga tahu, bisa aja",fear
5679,libra salah diartiin php mulu padahal behaviournya aja yg suka bikin nyaman orang2 sekitarnya.,neutral
11500,"sayang kamu, ku sayang banget, jangan sedih ya, sayang, ku sayang kamu",love
3551,iya suka banget,love
3722,"aku suka gambar semua bagian! kecuali satu, sepatu! males banget apa lagi yg ada talinya iihh gaa! ga mauuu",love
10762,"waduh gue beneran ngeri bgt, ngeri banget nih",fear
4538,"biasa nya gitu kalo abis ke lock, bakal balik kok",neutral
9393,"jadi gemes sih mau WFH aja, gak enak kalo harus ke kantor",anger
8463,"sayang aja kalo denger cerita cewek kaya gue, sedih bgt",sad
1991,semoga baik baik saja,fear
11087,"malu banget jatuh di parkiran, jangan dengerin",fear
8501,ga mood buka twitter bawaan jadi sedih,sad
5141,emosi tidak akan membimbingmu pada suatu pemikiran atau tindakan positif. oleh sebab itu kamu harus tenang :) teens_paulina,neutral
3811,makin suka sama dia abis nonton one spring night gua jadi banyangin kalo di kehidupa asli nya junghaein itu emg seromantis dan sayang bgt sama pasangan dia,love
11032,"kalo aku harus registrasi buat ngurusin apa aja, aku ga mau ngebayangin kalo aku salah ngisi formulir. Aku khawatir banget ngerasa kalau aku kualat ngeisi formulirnya.",fear
3450,suka banget sama style artnya,love
4591,hawo mowning dynda.. kabar baik ni km gmn,neutral
7352,"applause! thohir siapa yaaa, keren banget! :D",joy
205,"1. jangan main klarinet. 2. jangan pernah melambaikan lampu senter ke depan dan ke belakang terlalu cepat. itu dianggap undangan. 3. jangan pernah berhenti menatap sekitar. 4. jangan makan keju, kecuali yang kotak. 5. jangan pakai topi sombrero. 6. jangan pakai baju bodoh.",anger
6680,iya ya udah cocok huhu sedih sih tapi gapapaa :3,sad
2749,"makasii, semangat juga buat hari ini pik!!",joy
8497,"aku bingung kenapa aku bisa ikutan bahagia ketika kamu sedang bahagia, aku takut salah. Aku sudah terlalu sering menganggap semuanya pure dari kontak batin, tapi terkadang hal tersebut yang membuat aku kecewa dan aku tidak ingin mengulanginya. Aku menganggapnya sebagai perhatian, ya memang benar.",sad
1849,takut ditabok,fear
11408,"sayang banget sama orang yang lambat, jadi pengen cepetnya",love
3240,"pagi pagi buka twt langsung dapet kabar baik, jimin udah negatif dan tinggal pemulihan pasca operasi. seneng banget aku tuh, udah lega rasanya. terus jaga kesehatan ya baby mochi",joy
10004,"nggak percaya, ternyata gampang banget kegedean, tapi kececer juga sih, ya kan? huhuhu",fear
3109,". lucu banget tetangga ngira aku punya baby karna tiap pagi suka gendongin kucing cium cium. dia kira baby sampe dia nanya ""babynya umur brp mbak?"" aku malah ketawa",joy
5934,alhamdulillah baik. banyak bgt sih sejak udah mulai cut off orang orang yg sering bikin sedih,neutral
10311,"aku takut ada yang drop sesuatu di sini, jangan sampai terjadi",fear
5810,"jika kau tertawa kau akan bahagia, walau disaat sedih apapun [jaguar d sauro]",neutral
8575,"lagu day6 yang dibawakan denise bikin hatiku sedih banget, jadi rasa kangen pada dia makin besar",sad
5634,"di tengah2 generasi yang butuh instant gratification, ternyata kesabaran itu kunci utama yang dibutuhkan untuk bertumbuh. ini ada 1 quote dari leo tolstoy. yang gue suka banget yang menggambarkan tentang proses dan waktu.",neutral
4307,kala tak mengapa untuk tak baik baik saja ~ [],neutral
3156,"ntah kebetulan atau engga, setiap gua udah capek banget, ada yang dateng ke mimpi buat nannyain kabar haha makasih loh ka wooya udah mampir ke mimpi dan jadi tempat curhat haha",joy
6534,"1 kata aj sih, 'kecewa'",sad
10940,"yah udah, bokap zam pake akun gue buat nyari cewe, gw takut nyesel",fear
10437,"gua ajak temen aja, tapi ga ada yang mau, cuman chucky doang, gua ketakutan",fear
3832,"cowok jujur tu cowok yang bilang suka kalo dia suka, bilang sayang kalo dia sayang dan kalo lapar, dia makan!!",love
12362,"hallo sendiri, izinkan kalo aku mengajukan diri ke kamu ya. Aku biasa saja, aku bisa datang ke kota kecil ini, dan aku juga bisa nonton film dengan kamu. Aku suka berbicara tentang hal-hal acak dengan pasangan, aku juga suka kalau pasangan berbicara kepadaku dan aku diam saja.",love
4776,sudah biasa,neutral
7997,"rasanya kesepian sendiri di rumah, padahal suamiku sedang sibuk bekerja",sad
4276,"kalo mau menjadikan ayat tsb sbg hujjah, coba dipahami lg konteksnya jangan cuma text nya saja diayat tsb ada ""syarat dan ketentuannya"" loh, enggk asal boleh saja monggo bisa dijadikan referensi",neutral
12280,"hi sender, aku pengen request avatar kamu hari ini, bisa kah? Kalo iya, bisa kah aku request avatar kamu yang non frontal? Kalo iya, bisa kah aku request avatar kamu yang dirty talk? Kalo iya, bisa kah aku request avatar kamu yang frontal? Kalo iya, bisa kah aku request avatar kamu yang non frontal? Kalo iya, bisa kah aku request avatar kamu yang dirty talk? Kalo iya, bisa kah aku request avatar kamu yang frontal? Kalo iya, bisa kah aku request avatar kamu yang non frontal? Kalo iya, bisa kah aku request avatar",love
8955,"kok lu yang lagi di sana? kalo gak salah kira kamu yang paling ganteng di dunia ini, aku ga bisa ngomong ke kamu langsung 😢",sad
12091,"lagunya seru banget sih, meski liriknya ga paham, tapi tetep suka.",love
278,marah,anger
6771,bestie gue mau nikahh gatau kok rasanya sedih ya,sad
7415,"good morning to the sky, semangat ngeba hari ini yah, jangan lupa sarapan",joy
3252,"semangatnya cmn beberapa jam saja, wkwkkw happy taehyun day _21_",joy
12232,"betul, aku paling suka kalo orang berbuat baik kepadaku, cuma jangan banyak memperhatikan, ya sudah enak banget.",love
12305,"aku suka banget sama kamu, apa yang kamu suka aku juga suka, ngga bisa dihindari",love
289,"gua steril kucing aja abis 1 juta 3 ratus 80 ribu men bangsat mahal kan tapi karna kucing gua udah tua jadi reaksinya lama bgt masih suka spray urine sembarangan, suka teriak2 minta keluar nah itu yg bikin gua pusing",anger
3075,terima kasih sudah belii semoga suka dan berguna dan membawa berkah yaa,joy
9117,ga ada salahnya di omongin namun ga semua orang ikut pindah,anger
8925,"wahahaa aku 19 tahun, sepupuku 22 tahun, dia mau nikah, ternyata aku yg dianggap mau nikah, sodaraku bilang aku yang boros skincare, aku sedih banget dikatain gitu",sad
270,wkwkwk tolol,anger
4570,"kalo contoh di sini berarti kaya melebih-lebihkan kalimat gitu, ""this is a good reminder"" kan artinya bagus aja, kalo ""this is such a good reminder"" artinya bagus banget sampe yang melampaui batas normal gitu, kaya dihiperbola",neutral
11050,"hiks, masih terasa rasa malu itu, jadi gak bisa berani meneruskan",fear
6696,hp aku rusak sksk sedih,sad
4316,monggo yg butuh tempat untuk santai bersama kawan dan saudara warung makan buka mulai pukul 09.00 - 21.00 lhoo jangan sampai kehabisan masakan ayamnya yang lezat di laburi dengan sambal bawang yang lezaat,neutral
3180,"setdah salut banget sama sender, aku tak sanggup menjawabnya karena aku di perikanan saja sudah hampir menangis tiap malam pusing tugas + prak haha semangat nder",joy
1422,"sekarang kalau upf fee di awal aja kali ya, ngeri bgt hnr",fear
8275,"males banget mandi sore karena les, tapi akhirnya harus karena les malam minggu",sad
12068,"aku cinta banget sama mamah, padahal aku udah ga muda lagi. tapi tetep kayak anak kecil gitu, kalo ga makan nasi udah mau pamer. forever mommy lil girl ya huhu. i love you mamah sayang",love
4557,"oke karena salah ukuran pas beli, kita jual saja ato tuker size xl or l ya sabii jersey home timnas indonesia 2020 sz 2xl lok cibinong pakansari harga 320k bnwt sudah freeong se pulau jawa *foto hanya pemanis, yg asli masih rapih terbungkus plastik*",neutral
7812,"wow benar-benar berbeda, harapanku hari sabtu juga cerah seperti ini",joy
6297,"gapapa beli skinnya dulu orangnya dateng nanti gapapa, tapi tetep aja sedih banget anjing¼¼ arghhhh mo nangis",sad
9237,"pagi ini udah dibuat emosi, ngga bisa ngerti apa yang ada di pikiran, ya udah posting foto cewe, aku udah ga ada tapi mau ga marah, jujur aku pengen marah, jadi ga mood hari ini",anger
12213,"engga, aku malah muak di sana. baru setengah bulan pengen pulang aja rasanya, alias ga nyaman. aku orangnya lebih suka ketenangan. di sana malah bebas ga karuan, aku ga ngerti situasi anak-anak sana.",love
1132,ragu utk bisa beli barang tu karn harganya bisa buat cicilan bulanan,fear
6242,"tau ga si rasanya kecewa sama diri sendiri?? kaya yg ""oh gua gagal lagi"".",sad
9569,"hahahaha tolol, kayak gitu aja juga lo",anger
11884,"ya gitu deh manusia semua orang, apa yang kita suka dan nyaman itu mungkin tidak sama dengan orang lain. makanya klo ada konten yang mungkin kurang cocok kita kasih tag. straight ship aja ada tagnya sendiri kok. klo kita bukan homophobe tapi kita cuma mencegah adanya potensi keributan di dalam fandom",love
7423,"happy birthday moa dan taehyun, semoga panjang umur, sehat selalu, bahagia selalu!",joy
11449,"ah gila, dia jahat banget. aku gak mau ngasih perhatian padanya, tapi dia gak mau gak. kan gak enak. dia kaya dia, aku gak ngerti. aku gak mau lagi.",love
9084,eh lu yang namanya baim tu kan tau ga sih? Lu baim tu ga bingung ga sih? Apa lu ga bingung sama semua omongan lu? Lu baim tu kan ga bingung ga sih? Lu baim tu ga bingung ga sih?,anger
5520,kok bisa kamu semangat,neutral
11629,"gw ga ngira gw cuma delive doang, gw suka banget sama lo, gw gengsian dan malesan aja, gw suka banget sama lo",love
11014,"ya ngga jangan lupa ngeingetin ayah buat napas, jangan lupa ya, kalau lupa malah repot",fear
3786,bener. aku paling suka kalo jamurnya dibakar. cuma dibumbuin garem udah enak banget.,love
9383,"orang bodoh jadi ustad, pengikutnya jadi bodoh juga",anger
8345,"barca udah mulai negosiasi dengan araujo, jangan sampai sampai blunder membuat araujo kecewa",sad
2161,"kalo baring bawaannya lelah, kalo kerja bawannya semangat terus, salut sii sama diri ini",joy
3008,oke berarti dianya panik jd jawabnya ga konsisten wkwkw,joy
1105,yg ngmg mana cita rasa budaya indonesianya? sedih gue liat org nge - gass tp klo suruh ngaca dianya kaga demen,anger
9309,"bgtz ini jangan ulang2 ya, gue dah capai batas kesabaran",anger
692,emang dasar nya pada tolol semua yang komen begitu,anger
4956,"bs jd hal tsb adalah dendam kesumat dri klompok org yg terjungkal di 2017 (krn ambisi ingin mguasai +62), dan kbencian itu jg mrembet ke ormas/alim-ulama yg saat itu unjuk-rasa agr org tsb sgra diadili.",neutral
8307,"rek, aku perempuan umur 24 tahun. Aku sudah kecil sekali dipukul ayah sendiri. Ini karena aku salah pake panci untuk memasak mie. Ibuku malah mengancam kalau aku melaporkan ini ke siapa pun. Aku harus bagaimana? Aku sudah menyerah dengan hidup",sad
4369,"apaan weekend, ini mah kaya hari biasa aja banyak tugas",neutral
2765,semangat tinaa,joy
3929,"jihan ternyata suka nonton shiva, sama banget meskipun gak inget itunya",love
9625,"udah udah, pake plat b di luar jakarta? ini jalan sepi sih, kok pake plat b? apa udah ngeluarin uang?",anger
12378,"pagi hari, senyum mentari mengejutkan, bunga-bunga terpanggil, kupu-kupu terbang, suara burung-burung berbisik, angin bertiup, langit berwarna biru, matahari bersinar, hati bersinar, rindu, cinta, kasih sayang, suka, peduli",love
7778,"aku seneng banget gue bisa ngeliat yuuta di sendai, semangat ya yuuu",joy
628,tka gak usah asal jeplak kalau tidak tahu budaya orang indonesia.. bodoh jangan di pertontonkan.. tka buzzerrp dapet berapa receh.. dasar lambe arus,anger
2451,semangat !!,joy
3824,pas punya iya suka banget,love
11298,"sayang banget drama ini, gue suka semua castnya, tapi sayang alur ceritanya gak seger kayak series pendahulunya. Gue harap di episode selanjutnya lebih seru dan menarik",love
12547,"emang gitu, episode pertama keren abis, tapi mulai episode kedua emosi kita dipermainkan. Apalagi episode akhir, emosi kita dipertaruhkan",neutral
3743,yang suka film india menarik bisa banget mola tv jd pilihan,love
2176,semangat nidaa,joy
6689,"barusan nonton ini, sedih ngeliat il-rak jadinya dia beneran anaknya si ha so itu? atau salah sangka doang?",sad
8858,"emang gimana aja, baru tadi jatohin bunga bapak, aku disuruh duduk santai aja",sad
3318,"ya kali ngejar ngejar cinta, ngejar tahajjud aja kadang suka telat",love
10451,"sedih bgt, ngeri banget. semoga kuat ya, garuda muda",fear
7432,selamat pagi semangat semoga kita bisa selalu happy happy,joy
2787,"haii nottie, semangat yaa hari ini jangan lupa sarapan yaapy weekend -paw",joy
1196,md nya juga tolong jangan lupa dibacain takut meriang membutuh kan kasih sayang,fear
1676,ngeri angine soalna jeng wkwk takut sakit,fear
3947,"ahh kakak suka xiao zhan to ah iya oath of love kapan tayangnyaa, padahal udah lama banget ituu ooo chemistrynya kurang ya kak berarti. wah iya chemistry nya mereka kenceng banget",love
7618,wow kaget banget tapi seru bgt nih,joy
4444,"hoho ga kokk sunbaenimm, aku tuh baik budimann, cuma emang tingkat hormon isengku tuh diatas batas normal",neutral
5722,"halo halo! kenalan dulu yuk sama darion main fc aku jungkook nih, dan kurang lebih ngerti dan paham banget lah sikapnya jungkook. mau jungkook ver baby atau ver talented bisa banget. aku sendiri orang yang talktive dan bubbly kalo chat, flirty, manja, dan suka pampering partner",neutral
10671,"oh my, aku ketakutan ketemu orang yang sama seperti mas",fear
2369,"bersyukur sekali karena berkatmu aku juga bahagia dan merasa nyaman. inget taehyun tuh bawaannya happy,semoga panjang umur dan sehat selalu untukmu yang juga salah satu sumber bahagiaku",joy
4967,nanti pawang nya marah loh pak lurah,neutral
2217,gempa tapi lagu lagi enak enak nya.,joy
8148,"yaahh, gara2 liburan aku jadi job sepi banget",sad
3326,"iya bangett suka minderan, kalo nemenin temen yg suka nya cuma liat2 aja kadang suka malu banget",love
9363,"sumpah bengi banget, ajaib sih uang rakyatnya bisa dihabisin gitu",anger
3583,"8/10, aku belum baca webtoonnya tapi suka banget sama drama ini. seruu banget sampe udah rewatch berkali2, tapi sayang endingnya gajelas",love
12315,"jadi bingung deh, aku rindu sama doi",love
12379,"suka banget diceritain pas pertama kali ngepost bio di kokomz, soalnya sering dicengi di kokomz. Padahal itu nama skzoo-nya lino. -,- terus lama kelamaan baper sih gua.. maaf baperan terus confess, ternyata dia menerima confessan gw.",love
3619,likee both cuma puzzle piece tuh suka nya suka banget,love
6217,woylah sedih bangett,sad
2468,enak banget aku kayaknya maret udah uts.. tbl tbl,joy
8277,"emang nggak sih, aku sedih banget kalo aku ngerasain diposisi pram atau niskala",sad
10652,"kena gosip dari cowo sendiri, mukanya mirip yah yahu",fear
5973,"jangan jari shamming nder kasian sedih ntr dia, km gak mau kan dibilang jelek aneh di antara temen""mu",neutral
3667,suka banget. makasi ibu bapak dan eyang,love
5158,jd orang yg sulit mengontrol emosi. akhirnya smpe skrng ya tetep sulit,neutral
7594,"yeay semangat ya kak, pasti bisa dong",joy
6976,ngga enak badan,sad
3423,"akhir-akhir ini suka banget nontonin asmr, seru aja gitu",love
8199,"kamu yang di sana, kenapa kamu begitu tampan? maaf aku ga bisa bilang langsung. sedih banget",sad
2409,semangat nguli,joy
3212,"baru bangun, puji tuhan dapet kabar baik tentang jimin",joy
10779,"hahahahahahahaha, bingung nih nanti mau jalan kemana.",fear
5366,"itu maksud sendernya "" alhamdulillah nggak malu "" gitu yorobun",neutral
9384,"pasti kalo biasa dengerin kata pastor, jangan ngomongin al-qur'an, lompat pagar namanya, jangan jadi begolah",anger
6593,noo eter niat mau nyari kembarannya malah sedih bgt,sad
2895,"guys klian hrus nntn mpua army sumpah,gemes bngttkontennya tuh nyobain eksperimen2 hng ad di tt atau video eksperimen buat sesuatu gtu.klo wksperimennya bhong atau ngk berhasil psti dia lgsg meong2 kek marah gtu,trs kabur",joy
11018,"jadi ngeri sekali, kaget banget sih",fear
11597,"aku masih sayang padamu, entah karena sayang atau karena bodoh",love
3642,"taurus lo tuh kadang egois bgt, keras kepala juga, suka memendam. kalau udah ngerasa nyaman susah lepasnya, tukang julid, trus lu klu loyal coba ngasih batasan jg dong",love
9296,"jangan dipilih, tapi dijamin emosi",anger
10559,"gue ga tweet gitu, malu banget, gue ga mau dikecam, dianggap jelek, atau dihina. sekarang kan serem, apa-apa saja bisa dipill, bahkan tweet yang pake bahasa gaul bisa jadi bahan teh",fear
12531,"kamu lelah gak? ada yang mengganggu di pikiranmu? jangan terlalu keras, semuanya akan baik-baik saja",neutral
11282,"aku suka banget Jennie, dia lucu dan senyumnya paling kece",love
8548,"sayang banget tapi ini harusnya aja, ya ga bakal bisa bersatu. sebatas suka aja. sebatas teman dekat. itu udah lebih dari cukup. insya allah",sad
12481,"aku suka banget sama sate ayam, bikin nagih deh",love
5451,"menteri bumn 2 mengajak para warga memanfaatkan lahan perumahan menjadi lokasi2 pertanian. erick thohir pun menggagas program bernama2 energi tani2 atau et. dia menjelaskan, gerakan energi tani bertujuan membumikan semangat bertani.",neutral
7160,"walaupun ga ada di daftar penerima, aku juga udah selesai baca, ini genre romance+mental health bagus banget, kalo suka cerita yg ga cuma ada romance-nya tp jg bahas banyak hal tentang mental health yg banyak bahasan psikologi-nya jg. dibawa jalan2 jg krn authornya ngedeskripsiin tempatnya bagus.",joy
7866,"pagi bang, aku sarap bubur ayam, enak banget deh",joy
2743,mesti la bwak gi mkan2. bole sembng2 n makan skali. dah kenyang bru senang nak shopping.,joy
4958,bo** tuh apa ya?? boring? bodoh?,neutral
6474,"terkadang aku bisa marah, bingung, sedih dan ceria tak kenal hari dan waktu. aku sadar itu dan aku menyesuaikan. mungkin yang paling sering terlihat ketika aku berada di kerumunan banyak orang adalah warna-warni (ceria). tapi sebenarnya aku memupuk warna hitam, putih dan abu.",sad
7888,"yeay, alhamdulillah hari ini aku mendapatkan kabar baik, semoga cepat sembuh total baby mochi",joy
8811,"aargh, sedih banget, dulu fans emyu berani nyindir semua rival rivalnya. sekarang fans emyu cuma berani nyindir arsenal doang, karna tau diri.",sad
492,mau marah,anger
1116,buat kali ini gw ga ngerti sama jalan pikira lo gar yang jelas jelas vara lagi hamil goblokk dan satu lagi buat lo zara gw tau lo kaget kecewa sama kk lo tpi dia lagi hamil anjritt dan lo gatau alesan kenapa kk lo ngelakuin itu semua anjing emosi bngt gw,anger
5637,"capitano rela dipotong gaji untuk bertahan, tapi milannya keterlaluan nawarin angka gaji barunya. emang suka banget manajemen skrng lepas pemain jd free..",neutral
11057,"gua kaget, ternyata di kebun itu nggak cuma ciuman biasa doang, tapi ada yang lebih serius",fear
12436,"sayang banget sih sekarang, aku malah nyesel karena gak cari pengalaman dulu, jadi sekarang ketergantungan dengan keluarga jadi tinggi, padahal aku seharusnya cari pengalaman dulu, kalo di usia muda, seharusnya cari pengalaman dulu di luar (siapa tau suka) tamat kuliah langsung pi en ice. (magang/part time tak kuitung sebagai kerja)",love
9430,"jangan ngajakin yang gak mau, tapi gak perlu kebodohan",anger
10840,"ngerasa ada cewek yang keren dan suka sama aku, tapi aku punya pacar dan takut jadi selingkuh. Aku mencoba melupakan dia, tapi malah terus memikirkannya. Kehidupan aku tak pasti.",fear
6589,gua sedih bgt,sad
11946,"gue suka bgt cerita ini, soalnya ada detailnya yang beneran bikin kita ikut masuk ke dalam cerita, ga enak banget deh",love
7557,"kalo tau macam kiko, rasanya seneng bgt, yakin deh",joy
10079,"terus kepikir bikin baju bayi sendiri, tp ga tahu kapan mulai. susah beli pake yg dipakai cuma sebentar, tp daerah sini gak ada yg jualan. ga tahu harusnya apa, serem",fear
5241,"pura-pura kaget, atau mo cuci tangan.",neutral
11634,hshhehshhs aku juga luv sama mimo bayu berani adu bacot doang tapi softie kkkk,love
2783,", nah gitu, kan enak. nanti gua kalo ditanya 'punya temen gak', masa jawabnya 'punya namanya badut oppo'. salken, hen. kenapa malu ya? asal halal dan menyenangkan mah gas aja kan. gua juga kalo bisa mau jadi badut oppo.,",joy
9285,"ntar kalo di sadap balik marah, ya udah",anger
1696,"hahahaa takut, anaknya galak",fear
5685,"- (10/10) gw suka jadi wanita misterius - (100/10) omg lucu banget capa ini - (8/10) ni pasti temen smp - (8,5/10) do you get deja vuu",neutral
2295,"enak kalo masak telor ceplok, margarin yg masih nyisa ditaruh di nasi behh",joy
5939,"kelas gue ya gitu deh kayak kelas biasa, sesi a ribut bgt tp sesi b nya sepi bgt huhu hobinya ngevlog dikelas apa aja kalau ada kegiatan selalu dibikin vlog",neutral
7763,"akhirnya aku dapet gambar pesawat dari LCCT, hehe. aku pake kamera HP cina juga, tapi jadi ga kalah hebat gitu deh",joy
3313,aahh iyaa bgtt hazaa!! kek tbtb bawaannya mellow bgtt yaa semangaatt hazaa!! semoga mellow2 kzl sedih gajelasnya cpt2 ilang ya,joy
4781,tentu muhaimin iskandar senyum-senyum dikulum. ia baru saja mendapat peringatan dari pbnu. gara-gara..,neutral
8350,"jadi gak tahan aja liat temen yang suka EXO tapi aku gak bisa juga nih, gak pernah niat suka sama mereka dulu, padahal aku tau mereka booming banget, tapi aku gak tertarik, jadi aku gak bisa ikut nih.",sad
9395,"gemes deh, apa yang dikerjakan tak dihargai, orang yang bodoh merasa suka, orang tua tak ada kasih sayang, semua itu tak akan pernah membuat orang baik merasa senang",anger
7605,"keren banget ceritanya kak ria, aku suka banget, terima kasih ya kak ria udah nulis ceritanya, semoga kak ria selalu bahagia dan sehat",joy
215,dah hari ke 6 pun still kena marah pasal panadol,anger
6707,ga tau knp vibe pagi ini sedih pol,sad
10377,"bingung nih pake warna apa, takut ga cocok ama gambar",fear
8682,"malam tadi asik baca tiba-tiba dia lock akun, sedih bgt, eh kok bisa ya?",sad
11498,"aku jadi nyesel ga ketemu doi, rasa-rasanya udah lama nih",love
3483,"alhamdulillah ada yg menyadari sisi injun yg ini. soalnya kan kebanyakan org kek tau nya image injun tuh suka ngegas walaupun ttep kiyowo, tp dimata aku injun itu orgnya soft banget, gampang peka, trus penyayang banget apalagi diliat dr dia yg nekat kekorea demi mengejar mimpi",love
7006,"mau cerita, ayah sender tuh bukan tipe orang yang suka marah atau suka ngomong kasar ke sender. cuma tadi karena sender gamau ikut pergi keluar, sender dibilang bego sama ayah sender. rasanya sakit banget + kaget hehe. tapi sender nahan buat ga nangis didepan ayah.",sad
5102,"nih typing ganteng ""ngentod bangsat anjing kontol biadab brengsek hanceut bereum""",neutral
6599,ngga terlalu kecewa ya tapi tetap gk senang,sad
3764,"banget .. delapanpuluh halaman yang bisa bikin tercengang. betul. sekarang websitenya juga udah banyak, udah nyaman juga buat baca manhwa-manhwa yang lain. salah satu alasan saya jadi sering baca buku karena lupa urutan baca komik. suka bingung baca dari mana ke mana.",love
11528,"aku suka banget sama event ini, lebih suka dari festival lampu2, lucu liat kichiboushi, paimonnya juga gemesh, liat lumine ngejawab setiap pertanyaannya juga lucu2",love
6410,hari ulang tahun bukannya bahagia malah sedih dari sekian banyak temen yang ngucapin cuman 1,sad
9855,kenapa yae kagum sama kisah ayato dan miko di honkai yang kan kisah lesbian tapi di genshin yae mau ship sama dia,anger
25,sei ini ya gue baru bangun tidur udh bikin emosi aja,anger
7659,"seneng banget nih gue mau part, udah nunggu nih",joy
10976,"wah ini 2p kegedean ternyata gampang lepas pula, aku khawatirin jadinya",fear
11585,"cinta itu luka, tapi rasanya enak banget",love
11574,"aku suka banget nonton film horor. kapan-kapan nonton all of us are dead (2021) sama temen-temen. aku berani banget nonton film horor, tapi kenapa ya aku suka banget nonton film horor? aku suka banget nonton film horor. aku suka banget nonton film horor. aku suka banget nonton film horor. aku suka banget nonton film horor. aku suka banget nonton film horor. aku suka banget",love
6683,"huhu emang pendek bngt ya,, klo ga buka ig kadang tuh notif live gamasuk suka sedih:(",sad
10359,"bingung sih kak, aku malu, tapi aku juga gak tahu apa yang harus aku lakukan, aku takut kak, aku gak tahu harus gimana",fear
8584,kesedihan terus karna ngeluarin uang banyak banget buat beli payung tapi ga bisa dipakai,sad
9735,"kok gitu ya, emang sih manusia suka gitu, tapi aku mau kasih tahu kalau aku juga manusia, jadi jangan nitipin aku seperti itu, aku mau kamu menghormatiku, aku gak mau kamu ngomong gitu aja, aku mau kamu menghargai diriku, aku gak mau kamu menghargai diriku, aku gak mau kamu menghargai diriku, aku gak mau kamu menghargai diriku, aku gak mau kamu menghargai diriku, aku gak mau kamu mengh",anger
10821,"dulu suka olahraga, jadi ga pernah takut ketika berlari di jalanan.",fear
12156,"gila deh, ibu ngomongin serius tapi kalo diinterogasi udah keliatan lucu, aku suka banget sama dia",love
12409,"aku suka malam, aku suka kopi, aku suka begadang. tapi kesukaan terbesarku itu kamu",love
1102,"kalo ketemu orang dan dia keliatan murung, coba tanya dia fans mu bukan? mu kalahh cukk !!",anger
3276,"gm zamm, congrats banyak betul laa tembak tak kena smlm hahaa badape, wkwkwk",joy
5345,lama lama kan juga terbiasa. teknik ke accounting ya kaget dan gugup karna baru awal,neutral
11422,"anakku sayang banget sama episode yang ini, suaranya campur aduk wkwk told ya, kalau punya adik yang seperti bumi gak perlu pacar wkwk",love
11077,"baim, bingung, kaget liat ular di rumahnya",fear
8386,"aku tau rasanya malu, tapi gak apa-apa, kita semua bisa salah",sad
8835,"rasanya hampa banget, sedih sekali",sad
9157,"gemes deh dia malah menyebarin keburukan gua ke orang orang yang benci sama dia, dari 10 orang yang dia kenal kira kira 11 orang lah yang benci sama dia",anger
12590,"salam kenal untuk temen baru, terima kasih untuk semua yang telah membantu",neutral
2207,rejeki enzi si anak imut! pagi-pagi zi dpt jajan dari yg lagi ultah! wuhuu maaci ya iden~ semoga bahagia celalu (¢Ì€á´—-),joy
4552,haii po di mirfa yuk dp 100k bookslot 50k aja dicicil santai dom tangerang bisa shopee all payment,neutral
4402,mamak santai sejenak.. bocil jalan kaki brg ayahnya,neutral
7395,"haha, aku kagum sama temenku, dia berani menerima kesalahan dan mengambil pelajaran darinya. aku bangga padanya",joy
3718,"emosinya natural banget, aku suka wkwkwkwkwk",love
972,"ga suka banget org sembarangan naik ke kasur aku pas keringetan, atau kakinya ga dibersihin dulu padahal abis dri luar trus berpasir, naikin kaki seenaknya, badan lengket sama keringet. kamar aku apek kan jdinya aku mesti bersihin ulang. dilarang ke kamar, dibilangnya rahasia2an",anger
4579,kirim foto yg biasa ada tulisan topup berhasil sih,neutral
6516,lagi di fase sedih bgt gapunya siapa buat cerita,sad
719,"simpanse memiliki kecerdasan yg mirip dgn manusia - mampu menampilkan berbagai emosi, mengenali diri sendiri di cermin dll. juga dpt belajar bahasa isyarat utk berkomunikasi dgn manusia. bijimane dgn masih bodoh & betah jd jongos peng peng oligarki n cukong",anger
6155,ayang aku yg ini lagi camping kali ya berdua sepi amat ayang,sad
11878,"aku suka banget sama kamu, tapi aku lebih suka crush aku",love
2803,bdsm bangun dengan semangat mengkangen,joy
2566,"hii amaraa, semangat ya buat hari inii, have a great day ;33",joy
4025,kami bukan tidak saling menyayangi atau sudah dapat pengganti namun krna besar nya cinta kami smpai kami pun larut dlam hal hal yang buta. cmburu buta marah tanpa alasan egois yang berkelanjutan itu lah yang sedang kami alami maka dri itu kami memilih untuk brhnti sejenak,love
6198,makanya bersiap kecewa sama wakilnya sendiri..,sad
8224,"aku yang meninggalkannya, dia yang lebih dulu bahagia",sad
11537,"aku jatuh cinta sama suara sunny, dia cantik, imut, dan mempesona. Suka banget sama dia, aku suka banget sama suaranya, aku suka banget sama dia, aku suka banget sama dia, aku suka banget sama dia",love
4063,"kemarin hari jumat fun banget entah kenapa, jalan bareng sama sahabat sma (kurang lengkap si) tp one thing gue sayang kalian banget, terima kasih ya udh ngeluangin waktu, terutama kalau gue sedih. gabisa dijelasin rasa sayang gue ke sahabat-sahabat terbaik gue. luv u sekebon",love
2792,"semoga cepat sembuh , ga enak gatal-gatalnya",joy
2222,"pengen tinggal di perpus, enak aja ngeliat banyak buku",joy
5818,ngga sedih tapi juga ngga seneng lempeng aja nih mood w,neutral
3866,"aku bener bener suka senyumnya mutsuki. yuki senyumnya hangat, mutsuki senyumnya black prince banget . udah gitu aku suka hubungan mutsuki sama hajime. kalau yuki-kyo sering baku hantam. mutsuki hajime justru berteman",love
9125,"lu gitu aja bangsat, yang paling susah diayoin aja",anger
10908,"aku kaget banget liat nilai semester kemarin, tapi aku tetep optimis bisa naik di semester sekarang",fear
3227,excited sebab dah lamaaaaa nak beli cincin. pastu dia selalu cakap dia tak biasa pakai cincin so tak suka sangat pakai so bila dia pakai tu ehehhehege seronokk,joy
4214,"pura"" bukan army dan pura"" biasa aja :) sampe rumah baru teriak"" lalu nangis lalu meletoy i vote as the at the 2022",neutral
3923,"suka banget sama lagu2nya, langit biru slalu indah disana ..",love
9415,"chenle ga mau aku ngehaluin sama teman aku, aku marah banget sama dia. kenapa dia ga suka? aku penasaran kenapa dia ga suka. aku ga suka dia. dia ga mau aku ngehaluin sama teman aku, aku marah banget sama dia. kenapa dia ga suka? aku penasaran kenapa dia ga suka. aku ga suka dia.",anger
1401,"liat kok cuman takut pada ikut close juga,nanti gw sendirian:(",fear
8931,"semoga kamu ga perlu tahu perasaan aku yang sedih, semoga kamu bisa mengenal aku, yang hanya aku, dengan segala kebaikan dan keburukan ku",sad
7703,"yeay alhamdulillah kabar baik juga, udah srpan belum gaes?",joy
4979,"berteman sama orang bodoh bakal ikut bodoh, bahkan jadi bebal, itu sangat tepat. tks.",neutral
3253,dari kemarin aku coba tahan buat gak buka twitter sekalinya buka dapat kabar kalau jimin sakit. kaya langsung nyesek gitu. tapi pas dia bilang kalau army ga usah khawatir. gimana ga makin nangis? tapi aku bersyukur sekarang dia udah sembuh. sehat terus ya anak baik. luv you,joy
10866,"mendingan gak berdua aja, jangan gosipin lagi yah, udah bikin aku panik",fear
2661,enak bgt,joy
2158,"wkwkww kadang mo ngelarang nyanyi dia nya dah kepede en dlasal bunyi aja , asbun.. dan bahagia buat dia",joy
8578,"nangis aja lihat timeline orang ini, ga abis pikir",sad
8088,"ga tahan lama2 liat klub ini, yang jelasnya, prestasinya memburuk setiap tahun. kalo begini, pasti bakal jadi bahan olok-olok juga, kan?",sad
674,lo ngerti nggak drun dia sdg menjalankan krj sbg anggota dewan yg dpt hak impunitas. kadrun bego bgt sih. klo si edi mulyadi udh jelas menghina luar biasa merendahkan dgn nyebut kata2 binatang dan setan. lo kau gt dong aja nggak ngerti drun..,anger
9595,"jangan marah atau sedih ya bang, udah makan belum",anger
7011,"iyaa, apalagi kalau udah yang sakit banget yang susah makan gitu suka minta suapin mama terus kalau tidur harus ditemenin papa juga t__t",sad
9266,"gemes banget sama orang yang suka nangis di message ya, ngapain pake duit internet ya, ya udah",anger
3841,single krna suka ilfeel kl dideketin org dan blm ada yg sesuai sm aku dan blm ada yg bs bikin nyaman,love
1815,om kok nyempil gitu. ngeri om,fear
10480,"sih, bener banget, aku suka makan apa aja asal ga pait, tapi yang pait banget, aku ga suka, kalo pake makanan yang pait banget aku bakal takut ga enak nafasnya",fear
12396,"ahhh, sayangku, kamu cakep, sehat, dan bahagia ya, aku cinta banget sama kamu",love
2100,demi yaa gtu aja udh enak bangeets,joy
11208,"aku ga bisa ngerti cara menghilangkan rasa ovt, tapi kalau kamu lagi sedih, ya biarin aja, ga perlu ngomongin. klo kamu butuh waktu sendiri, ya silakan. tapi klo kamu butuh ac, ya silahkan chat ke grup. kita cinta kamu",love
6708,"sch! sedih banget mingdep ptm 50% huhu, mnaa aku skola tuu gapunya temen dekett gituu, apalagii kloo 50% gnii hh sedihnyah ads: join komunitas mahasiswa ""schcampus"" di telegram dan discord!",sad
1673,nonton drama sama mama trus ada kiss scene gue panik,fear
4213,"pagi hari ini pijat incall/outcall area jakarta pijat reflexi, pijat massage, pijat traditional dari jam 09.00 s/d jam 24.00 pesan di link wa",neutral
12252,"aku suka banget ceritanya, aku baca komiknya juga sampe selesai. plot beda dari komik bukan berarti jelek ya. banyak ko drama adaptasi yg beda dari komiknya malah tambah bagus. kim go eun adalah hong seol terbaik, sampe aku ga suka malah sama remake ke filmnya.",love
1548,ini both of inamas aku super khawatir banget sama para ms nya dah,fear
9118,"dah emosi deh sih, ga tahan lagi wkwk",anger
8547,rasanya mau menangis kalo dengernya.,sad
5184,kadrun pinter nyari pengikut dari kalangan publik figur yg bodoh,neutral
1461,"takut banget kena polusi, mau isoman dulu",fear
11819,"aku suka banget sama exo, aku jadi ingat sama kyungsoo, doain ya aku bisa ikut konser mereka",love
3220,"hi guysss jangan lupa cek berita dan ya terus saksikan dengan meriah konsernya hari ini, mangattsss",joy
11530,"gila deh, jarak antara aku dan damar ga ada sama sekali, ketika aku nihir kepadanya dia langsung mencium bibirku, aku suka sentuhan tangannya yang lembut dan terasa sayang",love
7170,"semoga pagi ini penuh keberkahan ya allah, semoga rezekiku lancar dan diberkahi ya allah",joy
7430,"jadiin aku happy ya, aku setia nunggu loh",joy
12017,"aww jadi gitu ya army harus suka sama semua idolanya, padahal setiap orang punya kriteria sendiri, kan mengejutkan ya",love
1751,g terbayang gw langsung panik,fear
3976,"kalo menurut juna, nara itu asik buat diajak ngobrol ya berarti itu mah nyaman sebagai teman aja. bukan yg 'suka' gitu kan? dan kalo pun juna pengen temenan aja sama nara, batas temanan nya jg dia harus jaga. topik ngobrol nya jangan kayak org pedekate ajg",love
8353,jadi lagi ngelantur pikiran kalo aku gak sukses. padahal aku tau aku bisa. tapi kok ga ada yang ngilangin hambatan2 di depan mata? gemes aja gitu. manusia bodoh bat gue,sad
1772,wkwk ngeri kali gaga,fear
2016,asli gue pikir temen gue sedih ga bisa jadi kutu beras aja udah aneh apalagi gue makin ngeri dah,fear
2005,"hlt! guys, aku punya kebiasaan ngopi, ga tiap hari sih, cuma kadang.. nah pagi ini abis ngopi, tb2 bagian atas selangkangan sebelah kanan sakit..kira2 ada hubungannya ga ya? tapi aku buang air ga kenapa2,normal..",fear
3893,"setidaknya dohoon pernah sedekat nadi kalo harubby bener2 gak nyatu dah kalo kita dohooniest selalu bilang dohoon dah punah, bahkan pecinta harubby bilangnya ˜harubby kan gak saling kenal' lucukk banget kakunya makanya ku suka liat harubby kalo dah dipaksa berduaan",love
3237,baru bangun langsung disambut kabar menenangkan,joy
4424,"ok, jangan berlebihan sewajarnya saja",neutral
8588,"kadang aku merasa sedih, tetapi aku tetap mempertahankan emosi itu untuk diriku sendiri",sad
2257,semangat fa,joy
4072,"lae ku sayang jangan sedih ya, bentar lagu kau menyusul junjungan mu yang kau bela mati matian kemarin sayang kamu",love
5574,processed food sana murah n senang dpt. fast food restaurant tu bersepah n murah.,neutral
9083,"ga jelas yang menghabiskan uang rakyat, kalian semua bencana",anger
11976,"suka banget sama rumah impianku, kecil tapi adem banget :3",love
5355,gak malu,neutral
8418,"ga ada teman deket2 di sekitar sini, ga ada yang ngomong sama aku",sad
6093,"pagi"" saya udh di sambut tangis bunda",sad
7935,"jadi penasaran liat kertas hiyo, baru liat sekarang, itu udah dari tanggal 23 jan, sedih. ini hiyo beneran cantikk",sad
12533,"sebelum keluar dari ruangan dokter gigi, periksa dahulu apakah ada yang harus dipotong dengan cutter",neutral
1519,iiih malu mau blng nnti pas libur semester pulang lg,fear
10951,"ga mau dengerin lagi omongannya, emang takut banget sih",fear
1378,apapun selain romance. :) tapi kalau horror jangan yang hantu. mun takut sama hantu.,fear
5672,"suka tidak selalu berarti cinta, bisa saja rasa kagum",neutral
2587,wahh semangat nge-date bestie,joy
12303,"hal paling males dimuka bumi adalah beresin lemari trus bingung baju mana yang masih dipake mana yang engga, mau dikasihin ke orang suka ngerasa sayang nanti juga dipake lagi. ujung-ujungnya numpuk dilemari padahal yang dipake ya itu-itu aja. kalo aku ga mau pake baju yg udah dipake itu aja sih, yang baru aja beli harus dipake semua. tapi gimana sih? hiks",love
5621,"dulu wkt meniatkan untuk ikut mbkm aja w mikir2 khawatir kalau skripsi w jd gakepegang krn w daftar start-up. semoga kedepannya pada bisa lebih bijak, kadang keputusan yang udah diambil itu gak bisa kita mau 'ah berenti aja', terus orang lain akan jawab dengan senang hati 'ok'.",neutral
11419,"chen suka banget sama lagu machine, dia jadi ingat jaman rekaman susah banget",love
10375,"ga enak rasanya ngerasa terancam, ketakutan",fear
5842,"jangan kecewa, kalau orang sunda masih pilih partainya arteria itu namanya keterlaluan..",neutral
7122,"kebetulan ada yang ngasih saran, jadi aku mau ngetes sendiri apa yang dikatakan",joy
5832,tlku sepi mari cri moots baru,neutral
4888,amanah yg bagus. bismillah ..,neutral
5904,kok sepi?pada tidur ?,neutral
522,ada banget kan paniknya lo hahhaa eh eh kenapa? kirain sakit gatauny bego,anger
8043,"jangan coba-coba sedih, bisa jadi kau bertemu jodohmu",sad
3607,dari semua fs mfs yg paling gue tunggu pasti khawla karena dia keren banget ga ngerti lagi gue suka banget kalo dia ngobrol ama mark,love
234,ini yg kelimaa anjing sial mulu dalam seminggu bangsat ntar besok apa lagi nih taiik,anger
3796,gue tipe yang suka ngasih kasih sayang tapi geli kalo di sayang balik.. pengertian nya,love
6318,bangun tidur denger dua kabar ga enakin tuh sedih bgt.,sad
7094,"semoga cepat sembuh , jangan sakit-sakitan ya",joy
1948,"dulu aku gini, sampek sd kayanya. ga suka sama rumput2, apalgi yg tajem2. takut, nggak nyaman, geli hassembuh lah pokonya wkwk",fear
6361,sedih aingg,sad
11836,"aku suka banget sama dia, meskipun awalnya aku benci dia, tapi setelah tau dia lebih dekat, jadi aku suka banget sama dia",love
6091,sedih baru ngeh jimin ngerayain tahun baru di rumah sakit ya,sad
11437,"pertama kali liat suhu, aku jatoh cinta, belom pernah ngerasain sama siapapun, ya tuh orangnya beda banget",love
2224,"nabilahjkt48 suatu saat kita kn berdua, 1 atap bahagia bahkan tuk selamanya",joy
9010,wah iya ya emang aku pernah tolol banget,anger
5571,"dengan senang hati & terima kasih konfirmasinya. jika kamu membutuhkan informasi, jangan sungkan untuk chat kami kembali ya atau kamu jg bs mendapatkan informasi melalui help center via aplikasi ataupun website have a nice day. terima kasih by ts",neutral
4523,"dlm mengobrol kita gk hrs jd pelawak,,to kita beri pesan bahwa kita bkn lh org yg sangar..",neutral
5793,sedih knp?,neutral
11064,"ahhh, takut banget nih loch",fear
5738,"cannot relate kebalik, anak-anak malah suka banget nempel padahal akunya diem aja. tau-tau ngusel, tidur di pangkuan, minta digendong, disuapin, ngajak main, dll. beberapa kali juga nemu balita nyasar yang lari ke aku dikira aku emaknya. apakah aku infp kw?",neutral
2624,"yeahh, aku akan semangat",joy
4728,klik pesan ayam bakar lewat,neutral
7818,"senpai-senpai ketemu kenchan, ya dia lucu banget. dia udah kenal kenchan sejak kecil atau bahkan lebih muda, trus dia nikah sama orang yang mereka kenal juga, jadi ngerasa kyk ngebesarin anak sendiri pasti wkwk. lucu banget",joy
8859,kenapa aja gaji ga masuk ya? aku nyesel banget,sad
12491,"hi, jinni! kamu cantik banget. aku lagi suka lagu cigarettes after sex sih, apalagi yang ini. apa kamu lagi suka dengerin apa? btw, selamat ya untuk debutmu!",love
11478,"aku suka banget sama kak mimo dan kak bayu, luv sama mereka",love
9080,"nama satu orang pun bisa dilapor ke polisi, tapi biota lingkungan jutaan makhluk hidup tidak? Ini berarti biota lingkungan ini lebih bisa mawas diri dan memaafkan diri sendiri. Alloh lebih menyukai hamba yang bisa memaafkan.",anger
9385,"gemes deh kenyataan dihadapkan mulu, tapi aku harus bersyukur karena aku didampingi sama kawan yang baik",anger
2437,"pagii, ngga nih cerah disinii",joy
6056,"soalnya ga sesusah to m1p1 kok beneran, bacaannya juga pendek2, tapi ya gitu berbobot bgt buat otak pas masuk tka sumpah panas bgt, ac ga kerasa sama sekali mana sunyi, cuma ada suara kendaraan dari luar, bunyi klik2 mouse, sama bunyi kresek2 sarung tangan kebelet pipis",neutral
9009,"beneran gak bisa ngerti orang, beneran gak bisa. apa salahnya gue benci sama sodara gue. siapa yang benar, siapa yang salah, siapa yang mau ngelurusin, siapa yang ngelurusin",anger
6352,abis baca cerita yg makin kesini makin sedih dan aku terus curhat ke seseorang nangis parah dong gue haha,sad
3167,"happy birthday sender!! wish u all the best, be happy ya bsk giliran harinya aku tp pasti g ada yg ngucapin jg, ya gpp dah biasa",joy
1809,"rada ngeri yaa, apalagi stranger gitu",fear
10200,"aku khawatir banget sama kamu, kamu pasti gak baik-baik aja, aku takut kamu akan merasa sendiri",fear
7161,"doa untuk maak, semoga maak sehat dan bahagia selalu ya",joy
5086,sabar jangan pake emosi,neutral
10151,"aku pengen tanya, kalo kita dm minta pl dan over bvdget, boleh nggak kita ngajak maaf ya kak over bvdget gitu gak? takut ga enak ya. atau ada saran kalimat lain buat blsnya?",fear
7016,"ngga suka jeruk tapi nggapapa deh, menyiksa banget sariawan",sad
11638,"aku cinta banget sama mukaku, meskipun kadang bermasalah. aku pengen muka aku jadi glowing kayak cewek lainnya",love
4945,kalian kadang bingung ga sih kalau diajak keluar outfitnya pake apa? padahal ya yang ngajak teman biasa,neutral
6046,bogor sepi ya bang,neutral
11656,"aku suka banget kalo liat cowok yang support victim, mereka lebih baik dari cowok yang cewek juga tapi ngeliatin victims sebagai bahan cemooh",love
6919,bahkan jika itu palsu terimakasih telah membuatku merasa penting :),sad
5590,"juara bukan hanya sekedar usaha dan menang, tapi harus bisa bersyukur, kalau gk ada rasa bersyukur tidak akan ada rasa puasnya dan tidak akan tenang, jadi ingatlah utk bisa bersyukur",neutral
7226,"yeay, pagi ini moodnya happy banget karena jimin lagi nyanyi di panggung, semangat banget aku denger lagunya, bahkan aku jadi ramah banget sama orang-orang di sekitar",joy
1228,takut,fear
9717,"gimana gk ya, kenapa kalo ada temen yang sakit, bgtu juga kalo adek kita sakit, tapi ga tau kalo ada temen kita yang sakit, pasti kita juga akan marah, gak gitu?",anger
6846,sedih sih gue takut makin bego,sad
8244,"gatau kemana semua, aku jadi sad bgt nih",sad
6555,"7. pas cheongsan peluk onjo demi allah gw sampe teriak ""jangan pergi ahelah"" terus nangis 8. pas namra mau gigit onjo tp gajadi tu kan namra teriak frustasi bgt sampe merinding gw karena gatau ya sedih gt 9. pas anak2 nyamperin namra di rooftop gw nangis",sad
159,buat dan kalo mau nyerang pemerintah itu janjian dulu gitu..keliatan pada bego nya kalo begini !!??,anger
8851,"hahaha, judul temlenmu bikin ngakak abis mbah, jadi saksi perjalanan kamu berdua yang lucu banget, gembala kecil menangis sedih karena judul temlenmu yang lucu",sad
1589,kaget bgt liat om kungya masuk base sjdkdkkdldlr,fear
12399,"gaes, keren bgt deh, aku suka banget",love
11948,"Yuzu keren banget, sayangnya covernya kurang bagus, tetapi aku suka dengan lagunya.",love
11925,"aku cinta banget sama kamu, jadi aku suka banget bikin itu",love
11752,padahal mereka juga yang suka nggak? ayo ayo cinta aja deh,love
6687,":( sedih, knp bub aku",sad
11765,"oke, gue udah jadi fan exo, tapi mereka gak bisa digantikan sama orang lain, jadi gue seneng melihat mereka melalui karya-karyanya",love
9498,"gue ga bisa lagi dengerin kebanyakan omongan orang, dah ga baper",anger
7480,"parfume yang aku beli tuh ga enak, aromanya bgtu",joy
11659,"terima kasih banyak ya min, keduanya sangat baik banget sama aku, padahal aku baru kenal sama mereka dan mereka tidak segan segan untuk membantu aku, saya suka keduanya banget",love
1556,takut positif trs gbs skolah hhshshhdhshdhsh mau nangis aja sumpahh pdhal aku masuk angin anjir,fear
2828,semangat untuk hari ini,joy
436,"iya itu kan dulu, taun lalu, sebelum tobat jadi pemuja fol ges, ngeyel banget kamu. kamu gatau saya ini pemuja fol ges, profil pake fol ges, mengakui klo fol ges itu godfather saya? kamu tolol banget sih. aku jijik banget sm kmu. capekbbggt:((",anger
5789,"ayaka menampakkan ekspresi cemberutnya ketika mendengar ucapan yang dilontarkan ayato, ""sungguh?? pekerjaan ayaka sudah selesai sejak tadi."" ayaka menggembungkan pipi kanannya kecewa. ""onii-sama sendiri bagaimana? apa pekerjaannya sulit?""",neutral
11180,"hey sender sini, hari ini aku ga bisa nggaikin, aku cantik gile wkwk, aku bisa ngasih ava juga, aku juga bisa ngasih NSFW, mau ngimagine atau ngomongin sesuatu yang kotor, frontal atau non frontal, aku juga suka pacaran, suka banget ngomongin sesuatu yang bawel",love
1588,"kata gw mimpi paling buruk tuh mimpi jadi pembunuh sumpah. gw sepanjang mimpi kaya stress sndiri ini gw kudu nyembunyiin mayatnya dmn trus gw kudu buat script apaa. sedih, takut, nyesel, panik, jadi satu. anjirlah stressful mampus.",fear
7398,"gemes deh baku hantam awal-awalnya, tapi akhirnya dapet korea ganteng. Alhamdulillah, sedap banget nih",joy
2780,semangat hari inii jangan lupa sarapan!!,joy
11303,"wow, aku cinta banget sama bebek surabaya yg bumbu kuning, aku mau coba bikin bebek surabaya versiku",love
5686,"banget nomor 3 bikin geleng-geleng kepala, i can be cute and mature at the same time, suka banget babying and pampering pasangannya. suka share tmi apalagi dengerin cerita tentang keseharian kamu sambil pukpuk gimana? kita juga bisa pacaran love hate relationship yang",neutral
3965,"bukti satu lg, bahwa proses untuk warga kecil sangat lamban. namun untuk pundi"" uang terus digenjot setiap bulan nya. juga lagi dan lagi birokrasi yang super menjelimet. kenapa pejabat suka banget bikin pusing diri sendiri ya? padahal otak saja gapunya",love
4727,"perkokoh kesabaran mengapa kesabaran perlu diperkokoh bagi setiap pengusung gerakan ishlah? karena ujian di jalan perjuangan adalah keniscayaan. orang-orang beriman saja pasti diuji, apalagi orang beriman yang berjuang.",neutral
9165,"gemes deh, yang poin 3 itu kek apaan sih, mutajir mutajir, lagi deketan biar enak nampolnya",anger
1238,layout mu keramat aku jadi takut ajakin barengan,fear
2951,hahhaa ngakak banget bin malu pastinya wkwk trs ketauan ga siapa yg cepirit?,joy
12055,"suka banget sama dia, aku sayang banget ke dia, lucu abis deh",love
9746,"gemes deh si orang tu itu ngeganteng, ga tahu harganya sendiri, abis-abisan ngeganteng, kaya anak gila",anger
1497,kicep. takut ketauan mungkin.,fear
6465,"aku bisa tersenyum walaupun didalam hati ini, masih tersimpan rasa kecewa",sad
7355,"jangan gitu aja nih, gua juga suka keluar terus malem-malem, foto kembang itu bagus banget jadi pas liat wkwk",joy
7823,"wow kak, ada chat konsultasi gratis dari kemenkes? itu udah beres, ya?",joy
7547,"eh ternyata ada orang yang cocok banget sama kriteria kamu, dia suka main sama jaehyun dan juyeon, dia juga bukan orangnya cuek dingin sama pasangannya, justru dia itu sangat talkative dan suka diskusi banyak hal!”",joy
7913,kesedihan datang kalo liga inggris ga ada cup,sad
10782,"iya sis aku takut ga diperhatiin, jadi aku balik deh",fear
5185,karena motivator terbaik adalah dendam,neutral
5647,"ketika kita suka sama suatu hal, pasti itu akan jadi kekuatan kita. karena ya ketika kita ngerjain itu, everything is flowing and we feel happy. tapi kan, kita lagi kena impostor syndrome,lagi gak pd banget sama diri kita. gimana cara cari tau apa yang jadi kekuatan kita?",neutral
11840,"aku suka banget sama konten bu guru, mungkin karena konten yang menarik, gampang dipahami, dan berpengaruh pada pengetahuan kita. Semoga konten-konten lainnya juga menarik dan bermanfaat.",love
5242,"itu la tu. tgk biceps kiri pun nampak bekas bcg tu. tak kerana vaccine tu, dah cacat kena chicken pox.",neutral
2130,"sabtu sek semangat makaryo pren, uang kenakalan cair.",joy
2092,good moawwnnning! let's start this sunny morning with happiness bb don't forget to breakfast && mandi tp masih kepagian jadi nanti siangan aja :d have a nice day bffs semangat buat hari ini yuuuuup jangan lupa selalu bersyukur many people love you,joy
5409,seperti tki yg kaget dengan germerlap kota kuala lumpur,neutral
187,kebawa emosi,anger
9450,"kebangetan nih ikut campur, ga ada yg nyebut namaku, ga ada yg nyebut namaku, problematik",anger
7938,"yaah, aku bener-bener nyesal banget nih",sad
3655,"mau ikutan wish me luck semoga rezeki amiin biasku kim junkyu dr treasure, orangnya cute banget tapi kadang suka soksokan cool gitu ngebiasin bnran dia nyaman bgt pokoknya, liat dia senyum tanpa sadar kita ikutan senyum soal body beuh mantull,udah jadi model dari kecil",love
3426,your hand fits in mine~ suka banget lagu little things sekalipun cuma diiringi gitar tp enakeun oy:',love
9672,"gemes deh gitu aja klo gini udah di sumpah pakai duit, diem aja, termasuk yg ngamuk-ngamuk di sebut jin buang anak, jin nya saja gak marah kok..yg manusianya ngamuk-ngamuk, sadarkah kalian itu sudah di provokasi woii ? di kampung saya jg ada tempat yg disebut gitu",anger
1381,"anginnya kenceng bgt, takut :(",fear
9846,"kenapa aku yang harus nunggu terus, aku marah gaes",anger
8605,"sad to laugh, ya Allah liat ini nanges sedih tapi mau ngakak di saat bersamaan huhuhuhuhu",sad
7427,akhirnya aku ga malu lagi,joy
5037,"kita selalu bisa memilih, bersabar atau marah. bersyukur atau ingkar. bahkan saat situasi itu memang menyakitkan, boleh jadi tetap ada kebaikan disana. dan orang-orang yg sabar dan bersyukur akan mengingat hal-hal yg baik dibandingkan yg menyakitkan.",neutral
4897,apa kabar ya pak raimu din a¿?,neutral
3175,muantap luar biasa,joy
10051,"alamak aku malu banget, tadi ada yg teriak misi paket, aku buru-buru mau buka pintu, aku pikir itu paketku udah dateng, tapi ternyata itu paketnya untuk rumah sebelah",fear
8448,"nyesel banget, aku jadi ikutan sedih anjir",sad
12471,"kaito: sayang, apa yang kamu suka lakukan di hari minggu? | shin: mm, aku suka nonton pokemon dan fairy tail, apa kamu? | kaito: aku suka lihat foto kamu karena aku sayang padamu",love
10630,"kaga sih ya aku keburu nikah, mendingan nggak usah terburu-buru, dulu",fear
2235,wah sekolah? semangat yaa,joy
8068,"aku juga sedih, apa kalian sedih juga?",sad
4236,masih pagi sudah mulai senggol sana sini saja man,neutral
9359,"no way, abang aku gak mau pacaran dulu nanti mama marah",anger
9652,"ngga apa-apa aku cinta sama keduanya, tapi gatekeeping itu emang gak bener",anger
24,iya ni tvn kan suka memancing emosi penonton,anger
3363,haha yess aku dulu suka banget sama dia sekarang juga masih sih.,love
1088,"gk usah mewek udah biasa gue liat kpop keluar masuk.gk usah lebay gk jadi lockey lagi.karna bias lu out.dalam dunia kpop keluar masuk itu hal biasa.kalau agensi dan denise tidak sejalan beda kemauan mau apa lu.mau maksa denise stay.mau maksa vine cegah denise ttap stay gk bisa, bikin jengkeeeelll",anger
8733,"seneng banget akhirnya bisa pulang, soalnya rumahku sepi banget",sad
11525,"suka banget sama chapter best friend to lovers troops, sumpah bikin gemes banget, gimana bisa ada anotasi mcnya huhu. pol ini bukunya wajib banget baca!!",love
2841,semangat banget,joy
7537,"ah dokter pembimbing aku suka banget, dia sangat baik dan helpful",joy
7470,"semoga sukses ya kak, semangat!",joy
11734,"film romantis keren banget yang pengen banget di tonton. Kata dan ku kira kau rumah. Dulu suka ke bioskop, tapi sekarang tidak punya pasangan lagi. Aku mau ajak teman? Mereka juga akan membayar, tapi masih ada alasan.",love
4152,eyo angkasa akunya ada rasa kamunya biasa aja,neutral
695,woilah pagi pagi bikin emosi anjir,anger
11554,"sunwoo gak peka, jadi sabar yaa eric. Tapi, aku sayang kamu, kan? Cintanya apa? Cintanya siapa?",love
6337,udh lama ga on tl gua jdi sepi mengecewakan,sad
1227,"hujan tak kunjung reda, setiap hari hujan mulai menemani nih,.. jadi males keluar rumah,,untungnya wifi rumah pakai indihome jadi g takut internet lemot",fear
1999,tatapan matanya bisa biasa aja gakk ngeri liatnya,fear
276,hal yang paling gue benci dari sebuah proses adalah.. nungguin. dan lebih menyakitkan adalah nungguin hasil di kala badan masih belom membaik. capek banget tiap hari harus bergantung sm ibuprofen dan obat-obat lainnya biar sakitnya berkurang.,anger
5929,"lapor komandan saat ini pagi pukul jam 07.04 wib bagian indonesia perjodohan masih terpantau sepi belum ada perubahan status sampai saat ini "" terima harapan """,neutral
2953,kalo sunda jukut itu rumput kalo kalimantan timur jukut itu ikan.. saya sunda nanya sama suami kalitim.. abang makan nya sama apa..? trs suami jawab makannya sama jukut.. saya kaget kok suami saya makan nya pake rumput kaya kambing.. Ngakak kwkwkw,joy
3637,cinta banget ama kue iniiii sksks,love
3906,aku lagi suka banget sama lagu ini siapa tau masuk juga dikupingmu hehe,love
4778,air cukup deras membawa material potongan-potongan kayu,neutral
5845,acc real sepi? yuk join. admin member baik hati dan tidak sombong'-')b,neutral
12217,"suka banget sama kacang merah, enak bgt rasanya",love
4117,"jika merasa berat melupakan masa lalu, ringankan saja dengan mengingat masa depan bersama orang yang ada disampingmu saat ini.",neutral
1137,ogeb bat dah pake sok sok an kaget,fear
2767,enak mek,joy
8182,"rasanya bahagia banget meski cuma di mimpi bisa bertemu lagi sama teman lama, tapi juga sedih banget dia udah gak mau kembali ke masa lalu",sad
10000,"ga mau dianggap dewasa ya, ngeri banget",fear
7661,"seneng sekali ya, aku happy banget",joy
9134,"ini gak lucu, ngerasa karya2 kpop ga bermanfaat? aku kasih liat penghargaan2 yg mereka trima? apa tuh bencinya sampai dibentur2in ama even motogp. aneh",anger
9379,"udah gitu deh, kalo kromone kacau, kayaknya aku bakal nyokap",anger
2490,semangat nyatetnya plz plz demi bisa kepilih lomba,joy
12196,"bapakku waktu masih ngerantau, gw tau banget kalau pisang ambon favorit gw. setiap pulang kerja, dia pasti bawain pisang ambon buat stok bbrp hari. kalo abisan, dia beli lagi. gw seneng banget kalau liat gw makan pisang lahap, sayang bapak",love
7742,"hehehe aku happy banget, tapi juga sedih gini, enjoy aja",joy
3935,"aku juga gak tau sih yaa, tiba2 aja gitu kepincut buat jadi jennie. aku suka senyumnya, lucu banget!",love
2384,"morning moots semangat, bsk kembali nganggur.",joy
8016,"udah jadi gaya sih, nangis dulu, kemudian marah, lalu tertawa, baru bisa normal lagi",sad
7084,"10/10 seru banget, bener-bener happy gitu",joy
115,"dulu waktu smp saya jengkel banget sama ibu saya, mau pergi naik bus dari jombang ke bojonegoro (jawa timur) pake dianterin ke terminal bus. padahal pinginnya naik angkot saja.",anger
1863,iya sis udah takut gosong soalnya kalo ga dibalik,fear
3119,"pertama suka idolnya tsukipro itu dari 2.5d butai tsukiuta, suka banget six gravity, baru deh dengerin drama cd dan nonton animenya. lalu menjalar ke grup lain kayak solids, growth, vazzy dan infinit0",joy
4258,"singkat cerita sampailah kami di jalan grabag. tiba-tiba.. jalan dialihkan ke sekitar pemukiman warga. di situ kami masih biasa aja, nggak berpikir aneh-aneh. toh juga pemukiman warga, pasti ramai dan banyak rumah-rumah :))",neutral
11621,"asmr banget banget, aku suka banget lihatnya",love
10649,"aku ngerasa mewek nih, malu banget",fear
2819,selamat hari lahir. semoga bahagia hingga ke anak cucu,joy
9616,"nih jawabannya: poligami tuh bukan solusi loh, jangan jadi poligamis, ga baik buat lo sendiri dan istri lo juga. Jangan pernah jadi poligamis. Jangan. Jangan. Jangan.",anger
12582,"kirimlah bangsa 10 kg perbulan, dari jenis makanan apa?",neutral
11438,"gemes bgt liat cowo pout, aku ga bisa liat cowo pout gitu, apa ya sekarang ini gila pout?",love
4699,me. di padang udah biasa gempa soalnya wqwq,neutral
3802,suka an cinta banget tulisan macem giniyg pandai bikin emosional org tergerak wkwk,love
6068,"wkwkwk can relate, antara seneng apa sedih, gatau seneng awet muda apa sedih dikira anak kecil",neutral
3536,"gue jengkel banget pls ini sama seperti ultah gue kemarin! tante taunya gue suka korea, emak gue juga tau tuh. akhirnya tante nanya 'lia suka apa?' krn emak gue bingung antara nct dan bts, dijawab lah bts jadilah tuh kue kuning terang (butter) datang kerumah",love
3825,"cintaaaa banget warna pastel begini, makasiih",love
6642,"tapi pas liat liriknya gw jadi merasa apakah ini yg dirasakan mark sesungguhnya, gw sedih dan merasa jahat,sebegitu depress nya seorang idol sampai kehilangan masa child nya,demi karya yang kadang juga masih di hujat",sad
10884,"kaya apa aku pusing banget gitu, apaan nih?",fear
1946,"bukan nggak suka sama seriesnya, iya aktingnya bagus, soundtracknya jg bagus, tapi ceritnya serem. serem banget.",fear
10992,"aku masih bingung, di jilat? hahahahaha",fear
9626,"ga nyangka banyak model cwo begini di rl, semuanya cwo model biasa aja, ga ada yg menarik, jd susah banget percaya sma namanya cwo",anger
10496,"wah nonak nonak, ngeri banget liat tweet ini, malah jadi takut",fear
7269,"yeay akhirnya tembak jarak jauh berhasil, seneng banget",joy
9839,"marah, geli, kesal, kesengsaraan, kekecewaan, kesedihan, dan rasa kehilangan.",anger
7929,"wah kok tante kantil jadi sedih, ya ampun",sad
7166,bangun2 nyari kabar jimim sembuh tuh bahagianya,joy
6963,seperti tidak ada semangat hidup,sad
5867,"hidup adalah pilihan. apapun yang membuatmu sedih, tinggalkan. dan apapun yang membuatmu tersenyum, pertahankan.",neutral
4761,menjadi biasa itu terlalu biasa.,neutral
882,ga tau malu ga tau malu ga tau malu!!!,anger
557,"itulah pukimak ny cebong .. udah dy yg d bodohin, teteep jugak bilang org yg bodoh .. kepala hotak kw lah ceby",anger
10219,"kalo balikan kaya gini aku cemas bgt, ga mau kejadiin lagi",fear
1207,malu dan males,fear
11962,"aku suka dibanggakan sama ibu-ibu di pasar, mereka selalu panggil aku sayang",love
7684,pagi ini enak banget buat bangun,joy
9745,"ah, emosi aja sih pas keburu tololnya",anger
6538,aku sedih eh tapi kok kamu udah bangun,sad
3211,alhamdulillah kabar baik jimiinn,joy
3630,"mau liat air terjun 'kah, mas? wilayah geiranger agak sepi karena penduduknya masih jarang, tapi justru bagus untuk orang-orang yang suka di tempat yang senyap. sayang sekali, kemarin tidak sempat berkunjung kesana.",love
1708,"tegang banget kak, santuy aja santuy..",fear
8458,"suka banget tapi ga pernah bisa nyantol, kekecewaan ga bisa diungkap",sad
1140,emm hampir setiap waktu gitu sampe panik?,fear
3162,saya udah biasa dibilang jahat wkwk,joy
6207,like i understandd gue jg apal lagu2nya mostly krn gue gapernah absen nonton pensi festival.. and ofc not everyone grew up listening to the same songs as me tp tetep aja sedih dikit hikss,sad
3730,"gue setiap mau nge-drive thru makanan di pake motor suka sungkan. padahlkan kan bisa ya (: soalnya gue suka ngata2in orang dalem hati, maaf bnget nii (: ""dihh aneh banget itu kan drive thru bukan ride thru"". wkwk",love
2660,"lucu banget jisuung twibinyaa happiest birthday sayangkuu, wishing you anything but only the best one in your life. jangan lupa mam yg enak ya hari ini",joy
8848,"emang pendek bgt ya, kadang tuh notif live akun IG ga keluar, kalo gak buka IG terus aja, ga ada yang tahu, kecewa banget",sad
1307,khawatir,fear
2567,"selamat pagi, semangat olahraga",joy
9190,"ga tahan liat lagi scene2 kucing, lebih baik liat konflik reyna perebutan jessi aja, ga masalah kalau harus liat tingkah kuyang, tapi ga tahan liat lagi scene kucing",anger
2834,nanaananaannanaa:(( cepetan balik okaay? jaga kesehatan!! jangan lupa bahagia dan bersyukur,joy
12060,"elu harus berpikir tentang orang-orang yang kamu sayang, baik itu teman atau pacar. Orang-orang itu tidak suka dengan orang-orang yang ribet, mereka lebih suka dengan orang-orang yang lembut. Jika dulu kamu marah atau bertengkar, mereka yang pertama-tama meminta maaf. Saya sarankan jika kamu menyukai mereka, sebaiknya kamu yang pertama-tama mengungkapkan perasaanmu",love
2151,dimana mana hatiku senang,joy
9837,"mendingan ga usah buka fb, banyak virusnya, nyesel banget ga aja ngeh",anger
3835,rambutnya lucu banget mbaa suka bgt,love
12214,suka banget tapi ga over gitu,love
9668,"jangan sange sama cewek lain. Tahan diri, jaga pandangan, bukan poligami bangsat. Kalo poligami, lo miskin jadi gimana? Istri jelek lo ga kasi duit langsung ditinggalin. Jangan gitu deh",anger
10349,"nggak nyaman, ngeri ngeri sedap",fear
5004,"benalu negeri bebas mencaci, krn ke adilan sdh mati.. ujar benci dan mencaci itu lah alat pekerjaan mereka, fitnah ulama, dan provokasi adalah pekerjaan sehari hari, memecah belah anak negeri.. demi uang utk nafkah haram anak2 nya dan istri..",neutral
6626,aaa jangan sedih sedih nunaa,sad
1627,"gue udh kaget jongu knp, rupany bnrn dikoms. udh panik",fear
10086,"ngeri banget, ntar yang kena ya siapa nih?",fear
12358,"bgtu pagi, maaf ganggu. aku mau ngekos di the home. mau tanya beberapa hal. 1. kalau hujan deres kedengeran banget ga ya dari kamarnya? 2. kalau berisik kedengeran ga ya sampe kamar sebelah? soalnya aku suka dengerin musik pake speaker gitu",love
358,baru bangun kena marah tiba tiba but we should keep kiyowo,anger
138,"ahahaaa khas buzzerp jokowi nuduh org mau, dituduh marah",anger
8491,"baru bangun tidur, rasanya masih kecewa karena denise left padahal masih berpikiran positif dia bakalan kembali ke ot7, tapi belum ada pengumuman resmi lagi, emang agenshit",sad
382,salah bank katanya tak bagi paperwork pakai letterhead firma dia. eh eh. kau yang bodoh ok. bank pon kata kau tak check sebelum bagi cust sign,anger
11457,"aku rindu banget sama kamu, kamu yang paling aku sayang",love
4857,pagi ce.. udah normal kah tweetnya ?,neutral
11702,"aku jatuh cinta sama au kak agdys, dia baik banget, makasih udah baca. semangat belajarnya~~",love
1439,"i decided to buy pc from kseller je nanti, i takut i tak dapat pull my fav member sebab tangan tak wangi",fear
946,"pas sma ga pernah bawa uang saku karena sekolahan deket banget dari rumah, bisa jalan. kadang males banget kalo kerkom jauh-jauh banget karena pulangnya suka malem dan kalau bayar ojol jadi mahal, mending aku kerjain sendiri. bikin sakit hati",anger
5498,orang yang mata batinnya baik akan bisa menerima kenyataan sebagai fakta & ia akan bahagia,neutral
4916,tidak mengapa untuk mengaku sedang tak baik2 saja,neutral
8556,"sedih gila, member kalian harus kuat, aku takut jika ada yang keluar dari grup, semoga Trejo selalu aman di kemudian hari",sad
1932,"kenapa ya perasaan ku gak enak, mau pergi padahal nanti",fear
2352,"bisa jadi tuh, kak. di sini juga kemarin begitu, beneran masih abg ini, sih. tapi semoga hari ini cerah",joy
3236,"ya allah baru bangun dapat kabar baik alhamdulillah jimin kamu udah (-) cvd-19 udah boleh pulang juga , banyak"" istirahat ya sayang semoga bisa pulih secepatnya dan bisa nyapa army lagi , i love you jiminie",joy
10420,"wkwk, aku juga, tapi seringnya ga jadi karena rasa takut",fear
3807,iya suka banget sama pola filet,love
1936,gatau. tapi aneh banget kok orang-orang banyak yang suka sama dia?,fear
11209,"akhirnya bisa aja, gue ngerasa gue dan dia udah hampir, gue suka gue gak bisa ngontrol diri gue kalo gue melihat dia.",love
4154,kadang pesan dari allah ada pada org yg ga banyak bicara dan sangat sederhana.,neutral
8988,"jadi penggemar tim pagi tapi disini malah disayangin, gimana nih",sad
2416,senang bangett jimin udh sembuhh,joy
10364,"udah berusaha mengurangi faktor cemas dari diri sendiri lho, tapi dari luar semakin dewasa ada aja yang harus dipikir",fear
6139,2x suka seseorang dan orang itu suka orang lain. berturut-turut. sedih amat hidup saya :(,sad
785,"gausah ngasih gua aturan diluar kemampuan gua, lu bukan siapa siapa bego.",anger
6789,pagi-pagi sedih lihat berita-berita sedih jadi sedih kan,sad
8036,"sedih banget loh, walopun sih bukan fansnya, tapi mimpi buruk fandom tuh kaya gitu, trus mungkin lagi-lagi",sad
8315,"aku terkejut banget, kecewa bener bang",sad
11916,"kalau cinta dia, jujurlah padaku. Kalau dia suka ngomong ke orang lain, jangan marah. Kalau dia suka ngomong ke orang lain, jangan marah. Kalau dia suka ngomong ke orang lain, jangan marah. Kalau dia suka ngomong ke orang lain, jangan marah. Kalau dia suka ngomong ke orang lain, jangan marah.",love
5668,b .. meskipun hype banget tapi kalau aku nggak terlalu suka sama alurnya ya nggak aku tonton..kadang mager juga buat nonton jadi cuman spoiler aja jadi tau ceritanya meskipun nggak nonton,neutral
2172,sarapan tenongan si enak,joy
2169,ngopi enak,joy
6628,ini teel emang sepi apa gimana? kesepian,sad
4009,"beneran ta, ini kakak suka banget nih tema, konsepnya nih",love
4340,tentu saja tidak,neutral
910,poin no 3 solusinya kontrol your kntl pak! enak aja udah dikasih 1 buat seumur hidup masih minta cicip yg lain. poin no 4 juga geli bacanya. ujung2nya yg dipikirin juga perkelamninan ye ini buaya2,anger
6268,sampe pagi ini masih nempel suara denise cover day6 ini di kepala..antara masih msih kagum dan sedih karna dia salah satu orng yg bikin ku tertarik ke kpop karna headvoice dan range vocal dia bagus bgt:'(,sad
2309,keberpihakan akan ketidakadilan ini yg senantiasa diperjuangkan gus muhaimin. semangat terus gus....,joy
6591,sedih karna mati ditinggal ayang,sad
4458,sebuah pengalaman luar biasa untuk menyaksikan bahwa teknologi masih belum ada apa-apanya dibandingkan gejala alam.,neutral
7597,"guys, aku ngga mau kamu yang jomblo, ldr, atau jauh dari yang kamu sayang terus jadi galau. aku punya solusinya. bisa banget kamu ikutan coaching clinic yang membahas tentang tugas belajar dan izin belajar ini. untuk mendaftar, kamu bisa cek di ideas yaa~",joy
9370,"ngapain coba buka twit pake pagi-pagi, beneran nggak bisa",anger
9695,"gemes deh, aku baperan sendiri, tolol!",anger
11753,"ini enak bgt tuh liatnya, suka banget sama makanan yg ga rapi gitu, mau ikutan kegoreng kolnya",love
4652,ya allah udah ada kabar euphoria bakal ada season 3,neutral
6218,"may all goes well ya kakaak walaupun gitu-gitu aja like you said. oh iya stay safe and stay healthy soalnya kasus di sana udah mulai naik.. it™s concerning t . t i™m doing all fine kok, stress sedih dikit tapi gapapa aku kuat hihi :3",sad
442,"emang bangsat para netizen, sampe bayi aja dihujat macam itu",anger
3415,"hablom, suka banget sama seragamnya",love
11011,"awalnya gue emang kayak gitu, sampe SD, gue ngga suka sama rumput2, apalagi yang tajem. gue takut, gue ngga nyaman, gue geli. akhirnya gue punya penyakit yang ga gue tahu wkwk",fear
10814,"aku mawar, malu banget deh",fear
9883,"kalo ada yang ngelakuin yang ga adil sama aku, aku bakal balas dendam kalo aku bisa, tapi aku gak mau. kalo dia main game melampau lampau, aku bakal balas dendam ke dia. siapa yang merasa adil?",anger
5744,"kalo suka lauren layne, samantha chase, boleh banget ngobrol2",neutral
1054,hahaha betul sekali aku aja susah kalo udah gak suka sama orang benci nya sampai lama banget,anger
3699,"yeayy hadiah giveawaynya udah sampe baguss selimutnya phi , suka bangett gambarnya gede dikasih freebies jugaa makasih yaa phi buat giveawaynya suka banget dan thanks admin jugaa",love
929,ya kalo mau poligami ikuti sunah rosul tunggu istri pertama meninggal dulu dan lu nikah ma nene2 yang udh tua dan miskin buat diurus bukan mau enak nya doang tolol,anger
6468,"gak bisa dah, dari semalem dah sedih bgt e, gak sampe nangis wong masih ada 6 memb lain, lockey semangat ya mesti bisa og",sad
8767,"thank you denise for all the time you spent with us, we will always remember you as our super main vocal. your randomness, your cheerfulness, we appreciate it all. we are so sad that you are leaving sn, we don't know why you are leaving, but we will still support you denise",sad
1829,hari ini belum ngerjain tugas samsek males banget takut numpuk tapi males,fear
10930,"gak ngeri sih, tapi gapapa juga ya.",fear
10252,"boncengan, bca msh agak berat kalo lampu merah, jadi jadi bego, trs cape juga bwa mtr, dan rada takut nyetir kalo ga modal nekat.",fear
2011,"iya iyaang.. mau reply biasa gw kong tapi gw tag bapak ade,takut nganu nanti",fear
913,gak beli motor gak beli rumah kalau cash resikonya ya dibuat ribet salesnya kaya gak senang ngehe,anger
7611,yeay akhirnya enak juga sih kak,joy
10369,"udah kaget banget, apa lagi ini yang dikomunitasnya nyebelin",fear
9714,gemes deh nerds yang main romen buku setiap hari pasti poyo nggak hotboys,anger
2606,semangat noona boleh abis ini sekalian bersihin akun gue :-),joy
4928,"pasti atuh apalagi lg musim begini.. engga itu radang biasa gpp, makan buah2an yg banyak.. aku baru sembuh, kmrn begitu juga huhu",neutral
6564,"angin malam terus menyapa, mencengkam rasa sepi ini tersenyum diri ini dibuatnya teringat manik indah dirinya saat menatap dengan senyum.",sad
10255,"wah kaget banget nih, baru tau kalo om gw dateng. kapan kalo om gw meninggal?",fear
6,drama abg tolol,anger
7835,"semangat yaa, semoga banyak orderan ya",joy
6583,baru bangun tidur woyy elah sedih bgt denise left padahal masih positif thinking dia bakalan cb ot7 mana vine gk ada pengumuman resmi lg emg agenshit,sad
3361,gua tebak jaechan duluan yg baper sih karena seoham nya ngasih perhatian 'lebih' gitu kek skshekehjehekehe keliatan banget jaechan nya suka open up apalagi setelah punya instagram,love
10057,"tadi lagi makan denger notif aja, rasanya kaget sih",fear
1635,deg-degan nggak -tu ditanya habis nonton apa karena panik gw jawab habis nonton coboy junior addaffafsf,fear
1141,jadi malu saya,fear
359,"poin ke 3 kayak org bodoh ga sih? ngapain udah nikah berzinah sama wanita lain, ya di pikir aja. itu mah emang nafsu lo yang kayak gitu, sok-sok an berlindung di balik kata zinah.",anger
2070,"selamat pagi., salam sehat n bahagia untuk semua",joy
3134,"alhamdulillah kabar baik jugaa, udh srpan belum niee ??",joy
5160,"mau seburuk apapun lo, mau sebanyak apapun kesalahan lo jangan sampe lo benci diri lo sendiri karena yang harus lo lakuin cuman satu, belajar dari semua yang udah terjadi. lo bakal spesial bagi orang yang tepat.",neutral
6990,"w kalo mimpi ngomongnya pake b ing atau lainnya selain indo pas bangun suka capek banget, kepala pusing. apa banget dah",sad
3243,yuk istirahat lebih cepat semoga besok dapat kabar baik,joy
2242,semangat menambah,joy
1474,still can't help but feel so curious about her face. secantik apa sih kak raline sampe gege gak mau nunjukin fotonya ke orang-orang karena takut pada naksir gitu ya?,fear
10811,gua gak percaya deh kalau gua bisa berani tidur sendirian malam ini,fear
3259,wuihh luar biasa,joy
4020,lao yan :') suka banget sama yg modelan gitu meski ngeselin :'),love
11119,"aku bingung, harusnya aku injeksi tapi dokter bilang aku vakum 3 bulan, jadi aku bingung harus apa, obat atau salep",fear
8566,"ya ampun cinta itu nggak mudah, jadi serius, cinta itu nggak bisa diatur, klo aku cinta aku cinta, klo kau cinta kau cinta, klo aku cinta kau kau cinta, klo kau cinta aku aku cinta, klo aku cinta kau aku cinta, klo kau cinta aku kau cinta, klo aku cinta kau kau cinta, klo kau cinta aku aku cinta, klo aku cinta kau kau cinta,",sad
3500,"eh ini lucu banget, jarang bgt gue suka tiktokers cowo tapi dia lucu, mana kacamataan, rambutnyaa suka banget. kek lucuu",love
2658,yukk semangat ngeba,joy
10635,"aku ngerasa kaget banget ketika lihat netizen Indonesia ketawa-ketawa pas liat foto si mbak, kayaknya aku ngerasa kaget banget",fear
1130,trs barusan dia reach out aku trs minta tolong buat bantu project dia yaallaah aaaa jujur agak takut pressure tp ok gapapa,fear
1819,"ini dari kemarin kepala pusing, badan pegel pegel, flu, trs hari ini tenggorokan mulai sakit kenapa yaa :(( takut bangett",fear
7461,"happy banget, sukses nih, beruntung banget",joy
9892,lu ga lebih dari org yang iri dan bodoh.,anger
9858,"ga enak gosongan aja, rasanya anjir",anger
10287,"wow, ada lagi dengerannya hehe, bikin kaget aja",fear
7064,pagi pagi dpt kabar baru ini rasanya pengen nangis masih positif thinking sbnernya tp sungguh ku tak bisa,sad
4318,"yg nanya aja lewat tpi yg biasa kaga, ngapasie",neutral
9342,"kenapa kau selalu mempertahankan argumenmu seperti kau paling benar, padahal kita sama-sama salah. Kau bisa menjauhiku dari awal, dan tidak perlu menjawab lebih dari itu, tetapi kau menjawab seperti yang akan terjadi adalah sesuatu yang nyata.",anger
4669,"awal2 khwin dlu gi hnymoon kemain berani chck in hotel biasa. tp biasa pun satu mlm tak smpai rm100. selalu oyo lah yg jd pilihan. aku dgn suami mana apply kad nikah. nak apply dkat pjbat agama kulim, depa sruh apply dkat pjbat agama pendang. renyah sngat aihh",neutral
9428,"ga ada yang ngomong sama aku, udah ga sabar!",anger
5476,"jika anda ingin bahagia, menikahlah dengan pria yang berwibawa. wii .. bawa mobil. wii... bawa duit.",neutral
12394,"aku kagum banget sama karya Mark, emang liriknya bagus banget, tapi yang paling keren adalah dia, dia sungguh hebat dan aku bangga banget sama dia, aku sayang dia",love
11043,"kalo ada yang mau nikah, jangan kaget kalau ada yg kena 'dipinjam' pas ngumpulin orang2 kampung, kalo gak dikerjain, kek.",fear
1856,kata gw admin seluruh warga somethinc lg panik huft,fear
2282,"semangat, bestie, aku kerja dulu ya nanti sambung lg",joy
11532,"jujur aku gak yujin stan tapi kok aku kepoin dia lagi kayaknya, foto-fotonya kece abis, dia bukan cuma cantik tapi kecantikan dia gak bisa diungkapin dengan kata-kata",love
4008,"kaito : sayang, kalau hari minggu suka nonton apa | shin: mm,aku sih sukannya nonton pokemon sama fairy tail, kalau kamu? | kaito: aku sukanya nonton foto kamu karna aku lope you",love
6401,"kukira kau rumah , judulnya aja sudah sedih banget woilaahh.",sad
12505,pagi-pagi gue yg sedang sakit bisa makan bubur pagi itu suatu keajaiban,neutral
11674,"film romantis yang pengen banget ditonton: kata dan ku kira kau rumah. dulu suka bat ke bioskop, tpi sekarang udh ga punya partner lagi. ngajak temen? elehh mereka pun gue bayarin tetep ada aja alesannya.",love
386,di bilang kalau sudah hatinya hitam mana ada bisa bedain putih atau hitam. yg pintar bisa mendadak bodoh kalau sudah hatinya penuhin dengan penyakit hati,anger
1628,malu typo ya nder saking nsjahss nya,fear
10606,"sumpah bingung, mesti nyemplung di lampu merah, berisiko mati, malah kena hukum",fear
11741,"aku suka banget sama paraga, jangan di prank deh, jangan di prank",love
7718,"aku pernah berlatih bermain bareng temen, malah jadi seru aja wkwk",joy
9689,"unesco org arab hahaa kata yg benci anis, gemes bgt",anger
12559,bagaimana cara menjadi manusia yang bahagia? amalan apa yang bisa kita lakukan?,neutral
9101,"jangankan dedak, sekedar air pun ga ada, jadi aku jadi jompo",anger
1842,pano anj gua kaget,fear
2497,mantaf. pg jg semangat,joy
201,"diselingkuhin mereka belum sampe pacaran sih, tapi main belakang aja. diem diem gitu tapi ga mulus, bego banget mereka pdktnya jadi ketauannya cepet",anger
10119,"jengkel banget, aku takut ketemu bird japan, yang justru aku suka",fear
3868,"aku bener bener suka senyumnya mutsuki. yuki senyumnya hangat, mutsuki senyumnya black prince banget . udah gitu aku suka hubungan mutsuki sama hajime. kalau yuki-kyo sering baku hantam. mutsuki hajime justru berteman",love
5054,"2 kemungkinan: 1. elu tolol 2. temen lu jd sepuh di sma, smntr adek nya udah kuliah",neutral
5889,iyh ak tw sepi jg ko. ak buka ya kdng2 apdet bias doang ama scroll2 tok.,neutral
2702,vsoy enak bgt tuh,joy
7922,"beli mie goreng tapi ga pedes, aku kecewa nih",sad
331,gerombolan ngawur bin tolol..,anger
3808,"dule : si yang paling are u sleeping?brother john? haha. temen lawakku. ucik : si paling dewasa, sabar bgt hadapin aku. cik,bagi hotspot,cik kantin ibok,cik aku gembel bgt ga?. suka aku repotin juga kadang kadang onik : kadang kadang hebring sendiri, tapi aku sayang.",love
935,nie ayam kampung kenapa suka banget ribut sikk,anger
1774,"pengen ngerjain yoel, tapi takut diamuk duluan",fear
12360,"joss gue diingetin sama lo, nggak ngerti kenapa sih, tapi gue suka banget sama lo. lo itu orangnya baik, jadi gue cinta banget sama lo. gue nggak ngerti kenapa lo begitu, tapi gue suka banget sama lo. gue suka banget sama lo, jadi gue cinta banget sama lo. gue suka banget sama lo, jadi gue cinta banget sama lo. gue suka banget sama lo, jadi gue cinta banget sama",love
8611,"sedih ya, tapi aku baik-baik aja, maafkan aku ya",sad
11515,"cinta banget sama tempat itu, berharap bisa berkunjung lagi.",love
989,"males banget, nge-chat w kalo cuma mau nirun, huh. di sekolah aja lagaknya kayak orang pinter, tapi suka nirun aing",anger
5443,tidak ada semangat,neutral
10494,"ngeri deh, tapi tetep harus yakin diri sendiri",fear
6993,"sama cowo kembar, tapi keknya yg satu suka sm gua, trs kita kos an nya sebelahan gitu, dia baikk banget, terus entah kenapa mereka (yg kembar itu) tiba tiba ngejauh, bahkan pindah kost, jadi gue kesepian, lagi dan lagi",sad
10764,"ajaib sekali, tiba-tiba mata aku bengkak banget, ternyata aku alergi obat ini",fear
5806,"lah itu mah kesntuh semua sarafnya, stres sedih marah frustasi cemas mual tegang langsung bablas ilang mana cantik banget genggamannya",neutral
11005,"huuu ternyata kemarin aku flu, kepala pusing, badan pegel pegel, sekarang tenggorokan mulai sakit, apalagi aku khawatir banget",fear
10960,"gimana kalo nyoba makanan baru, aku gak tahu rasanya tapi aku takut aneh rasanya, gimana ya?",fear
6574,cuman kayak sedih ajaa. i really hope i could change the destiny.. tapi ya mana bisa.. gue gapunya kekuatan apa apa buat ngubah takdir.,sad
3052,"sukailah suka, sayangilah sayang, dan cintailah cinta..maka di akhir perjalanan kau temukan kebahagiaan",joy
10879,"ngeri banget liat kecoa di dapur, mati aja deh",fear
8365,"rasanya mual banget nonton filmnya, nggak tahan lihat adegan pake duitnya",sad
4615,"kan udh biasa juga kita kayak gini, gak usah serius kali",neutral
3321,btw roo makasih rekomendasinyaa suka banget sama ini au beneran dah tt aku sampe sakit perut ketawa mulu,love
9583,"emang gitu ya, dia pengikut pimpinan pesantren yg cabul, gimana mau ngerti ya",anger
6246,diam nder sy sedang kecewa berat,sad
6048,udah seminggu gak on tw sepi sepi aja,neutral
3311,yaaaa rumah sepi. mari kita party wakwakk,joy
9810,"ngga usah bikin orang merasa khawatir, kenapa sih",anger
9920,"kenapa ya orang2 gitu suka nyalahin orang lain, padahal mereka sendiri ga pernah benar-benar melakukan apa yang mereka bilang. mendingan mereka lebih baik nyalahin diri sendiri.",anger
11810,ini lagunya lagi di hutan terus ada peri nya sambil lari larian di bukit bukit indah gitu wkwkkwk,love
8210,"anna jadi kecewa, aku sedih banget",sad
3628,"kadang ak yg perempuan aja suka iri ama mukanya dia kecil banget heyy, matanya juga belo pengen punya muka kayak gtuuuu",love
11622,"bapak suka ngejek emak, tapi abis itu bilang emang paling cantik, pa maksud kadang suka usil ke emak, tapi abis itu ngibrit",love
1356,"iyaa.. takut banget soalnya fc rpku pake thailand juga:""",fear
5002,"pekan 23 telah tiba! tim arema fc akan bertemu dengan tim asal ibukota persija jakarta. duel seru kali ini tentu tidak mudah untuk kedua tim, karena arema fc harus melawan persija yang membawa misi balas dendam kekalahan di putaran pertama.",neutral
9792,"ga enak rasanya, benci banget sama diri sendiri, gampang nangis kalo ngobrol sama orang tua",anger
5823,winner $200 aamiin pede aja dulu. biar ga keliatan menyedihkan. pickaw masih sepi senyap dari minggu lalu,neutral
11971,"aku suka maruko dan jadoo, maruko anaknya banget, sopan juga, sementara jadoo bandel sih wkwk",love
5670,pull & bear atau uniqlo. tapi so far masih paling suka uniqlo sih karena awett poll uda 7-8 tahunan dan masih bagus banget. kalo p&b gatau kenapa lebih gambar grembel grembel gitu bahannya dan resletingnya rusak terus,neutral
3112,"kok suka ya liat fadly, omnya gala. kaya adem gitu liat wajah dia. nggak yg cakep banget, tp adem aja diliatnya kek ubin mesjid.",joy
182,jangan biarkan satu hal yang bodoh ngehancurin kebahagiaan lo seharian.,anger
11152,"jadi bingung sama notif notif yang aneh, kenapa aku ada gebetan tapi orang lain juga suka aku?",fear
855,"makanya baca mbak baca. itu disuruh gembira brrti jgn panik. klo panik imun turun. tanya yg ahli, org genbira biar imun bgus apa sebaliknya? Bikin kesel aja",anger
10613,"aku ngerasa berat banget karena takut jadi salah, aku cemas",fear
4912,biasa dirapel ya makannya?,neutral
10754,"yahh aku ngeri banget, malah kaget bgt aja",fear
1800,malu ku bnar bnar malu,fear
11651,"suka banget pas masih kecil dulu ketika aku naik becak bersama nenek, jalan-jalan di alun-alun, kangen sekali",love
5482,"ular ,buaya , tikus jg klw udah dipanggang pasti enak",neutral
12209,"cinta sama part rapline, ga ada yang bisa menggantikannya",love
1968,memfilter org org yg toxic yg suka ngurusin hidup orang. parah banget ngerinya,fear
10485,"jangan sedih sedih ya, rasanya ngeri banget, ngeri",fear
10263,"malu banget pake kacamata, jadi aku ga berani keluar",fear
4697,atau bole jadi diorang defend kalam mufti. sebab bukan ulama muamalat saja yang haruskan,neutral
4987,dia punya keinginan besar buat hidup dan bales dendam makanya dia tetep hidup meskipun setengah zombi,neutral
4650,"kalau kebalik gmn?jangan jangan semua dari nusantara skrg jg udah biasa kita kirim barang baku, balik balik barang jadi yg kita anggap ""asli luar"" catatan sejarah adalah potret waktu peristiwa, bukan sejarah itu sendiri",neutral
1159,"namun, untukku itu hal tabu dan ga baik untuk di lakukan, apalagi dada itu aurat nya cewek, hal sensitif nya cewek, meskipun masih kecil itu ga bisa di lakukan. kalo dilakukan terus menerus lama2 jadi biasa bagi yang melakukan, dan bakal di bawa sampek dewasa sumpah itu ngeri.",fear
9405,"emosi bgt liatnya, gemes deh",anger
9764,"gemes deh, goro sumpek nih dosen, pengen balas dendam aja",anger
1325,beneerr udh ngga ngerti malu pulak,fear
10258,panik deh liat gw langsung pusing,fear
4796,"seperti biasa, bingung mau makan apaana¦",neutral
6796,kangen dan sedih+overthinking wkwk. apalagi kalo baca komen2 di buku lama,sad
5808,pengen berduaan tengah malem di tempat sepi sm suami sampe kita digrebek polisi/satpol pp terus tunjukin aja buku nikah kita ke depan komuknya,neutral
12433,"aku jatuh cinta sama warna ungu, aku suka banget gini",love
1455,hawane ngeri,fear
5410,tanpa baju kita malu tanpa media sosial kita bosan tanpa orangtua kita takkan ada di dunia ini tanpa allah we're nothing.,neutral
8333,rambutnya berlawanan tapi aku sedih karena Nari tidak tertarik sama Chanyang huhu.,sad
2800,"jangan hiasi wajah dengan sedihmu, karena kamu tak pernah tahu seseorang bahagia hanya melihat senyummu.",joy
7616,"keep going, you can do it",joy
11263,"akhirnya inget juga ke google photos, udah lama banget gak ke sana ya ternyata. pdahal seru banget makanan2nya, si yg dulu ga suka olive+humus, jadi suka banget",love
7815,"gue pagi-pagi lagi sakit, tapi ada kabar baik, jimin gue sembuh",joy
4378,"wta, kalo gini gimana biar kaya normal lagi? money!",neutral
8921,"aku bodoh banget, aku tahu aku jatuh cinta padamu, tapi aku tetap terluka, karena aku tahu bahwa itu hanya akan sia-sia",sad
10024,"paket gue yang terkena hujan kemarin dateng, dan diminta unboxing depan kurir. Tapi ga mau videonya dibuat deh, malu gaes",fear
6716,ko masi sepi ya..,sad
3736,"terakhir, ada iral yang diam-diam menghanyutkan. dia keliatannya kalem, diem, padahal aslinya dia tuh bawel, punya banyak topik untuk dibahas. iral tuh perhatian banget banget ke pacarnya. dia suka kasih pukis ke pacarnya dan selalu seru deh",love
2261,"hmm imo, seni itu untuk dinikmatin, ga harus menguasai dasar2nya. sama kaya kamu ga harus paham hukum elektromagnetik buat main hp, paham hukum aerodinamika buat ngayuh sepeda, and lastly, hal2 yang mereka lakuin ini ga ngerugiin orang lain kok. biarin mereka bahagia~",joy
7429,"alhamdulillah, uang jatuh tempo bulan ini udah dibayar, tinggal yang receh-receh aja. Semangat pagi!",joy
4005,"sherlymu soft bucin banget gila gw suka, canonnya sherly caring ama understanding juga ke liam si cuma sayang scenenya kurang banyak ayo takeuchi-sensei banyakin konten bucin sherly",love
9302,"ngga tau kenapa, tapi aku emang udah bosen",anger
2394,hai piaa semangat hari inii,joy
1185,takut..,fear
2007,sekolah itu biasanya ramai tapi ramai karna makhluk tak kasat mata wkwkwk bikin merinding,fear
193,dah bodoh dah relax nanti sendiri sakit,anger
8770,bestieku nangis gara-gara makanan yang dimakannya belum disuruh minum sama mootsnya,sad
5525,"kata temenku enak, tpi aiu belum pernah nyoba",neutral
771,anaknya jadiin model aja bund biar bisa balas dendam,anger
1478,eh takut bgtt,fear
1846,takut ditinggal ayang..,fear
3740,suka banget kayanya sama tamao senpainya,love
7986,"ya emang begitu, tanpa dia dunia ini terasa sepi",sad
405,iya tuh bapak emak w emang bodoh,anger
12016,"jihan ternyata suka shiva juga, sama aja gak inget tetep suka",love
10767,"ngeri nih, nggak percaya ada apa di sini, mungkin ada monster",fear
6317,"banyak fans tersakiti. entah dr bws atau shipper main couple di series. posisi win sama female lead di series baru jg jadi serba salah. mereka mau deket ke bright nanti dihujat, gak deket dibilang gak ada momen dan itu jg ngebuat fans kecewa.",sad
6581,aya sedih,sad
1447,pengen makan seblakk tp lagi irit duiitt takut ga cukup sampe akhor bulan wkwkw,fear
342,"nah kan banyak homophobic nyampah di lapak itu foto mana kebanyakan dari indo lagi. mancing sih pake aplod segala, ujung2nya kan ada yang bawa2 w dan dia kena hate. bangsat emang yang nyuruh fanservice!",anger
7468,"agree, lebih puas banget sih",joy
727,"nonton pilem, antagonisnya ngeselin, ""benci banget gue lihat muka lo, jijik pengen gue ludahin.""",anger
4577,"hanya saja dalam madzhab syafi'i, demi kehati-hatian, kalo nyentuh anjing perlu dibasuh 7 kali yg salasatunya dengan debu. alasannya jelas, karena anjing biasa menjilata"" tubuhnya, jadi dikhawatirkan terkena liurnya. lah kalo babi, ga ada ayat atau hadits tntg itu.",neutral
9168,"lo tau yaa, lo udah baik dari dulu, tapi terus terang lo terlalu baik, lo jadi idol gitu, lo bisa bikin lo stress dan depresi. Tapi giliran lo ada masalah, emosi lo udah bisa sedikit demi sedikit di",anger
9250,"lu udah gemes, lu orangnya bodoh, ngga pinter, ngga bisa apa-apa, cuma beban doang, hidup lagi haha, masih mau hidup lu zar??",anger
3516,mau banget jadi bagian creative team yang bagian konsep konsep gituu. karena emang dari dulu tuh suka banget ngekonsep segala macem,love
11193,"deh ternyata damar aja yang suka cium bibir, ciuman tangannya lembut dan bikin cinta",love
11490,"halo temen. kangen aku ya, mau nggak ketemu sama kamu? aku udah lama gak jalan-jalan ke tempat kamu tinggal, aku suka banget sama tempat kamu tinggal, itu banyak sekali tempat wisata di sana, aku mau banget nih kesana lagi, kita bisa pergi bersama kan?",love
7156,"pagi kamu semangat dong, selamat hari, semoga berjaya",joy
7851,"kucing kesayangan aku lucu banget, anak tetangga nanya umurnya",joy
9491,"ini yang kelima anjing sial mulu, besok bangsat lagi, taiik",anger
1348,takut gw mappa garap csm scene muntah di sensor apa kg,fear
660,kucing apa anjg bangsat,anger
1492,takut limit wkwkw,fear
12022,"aku suka banget sama ibuku, dia galak banget dan nggak pernah takut untuk membela diri sendiri, aku tertanam juga nilai-nilai itu di diriku",love
5154,"gw gk sok pinter sih, mungkin lu aja yg terlalu bodoh sampe ngeliat gw kaya gitu",neutral
12072,"aku suka kamu deh, jadi aku nempel padamu",love
9277,"sistem kredit emang gak adil, pantes emak w bacot bgt kalo 1% itu banyak beli cash di suruh indent 1 bulan udah gitu di diemin (gak ada basa basi atau nawarin lain). kalo kredit dah tuh heboh sendiri mereka nihh",anger
2524,semangat mencari nafkah untuk baby l nya ya kak. aku doain dari sini semoga selalu diberikan kesehatan yang luar biasa,joy
9712,"wkwk kalo aku emang begitu, aku ga akan bermimpi untuknya",anger
10665,"hore, akhirnya ada balasan lagi ya, jangan lupa mampir ya",fear
5374,kaget kan lo,neutral
3198,"alhamdulillah pagipagi dapet kabar baik i'm soo happyy yayy ayang jimin udah sembuhh, tinggal pemulihan abis operasi nya aja ya..",joy
5717,"saya tidak di ajarkan bermulut manis dan bermuka lebih dari satu. suka, saya katakan. benci, saya tunjukan. sayang, saya buktikan. krna sya bukan yng memberi senyum kebhongan",neutral
9604,"jangan ngeremehin anak muda, kan gitu aja yg mudah di manipulasi",anger
11455,"mamaku emang cantik, tapi dia ga punya pacar, banyaknya kakak gemes, jadi emang suka ga ngewaro cowok buat cinta-cintaan, meanwhile aku gak ada yang naksir dan sibuk sama cintaan cowok kpop, aku gemes banget",love
10356,"ga bingung, ga perlu khawatir, obatnya udah aku pilih ya",fear
8259,"kenapa pas kita ga jadi, dia jadi narsis, sedih",sad
10129,"mabok gara-gara ngeliat cewe hot, terlalu geli",fear
40,"lah kakak gue yang umur 33 harus manggil gue yang umur 23 apaan anjrit kalo bukan adek? ""oh saya anak tunggal, ada anak perempuan satu lagi punya ayah ibu saya"" gitu? tolol ih.",anger
11369,"suka banget nggadoin susu bubuk, kalo pake pisang goreng atau donat makin enak, nafsu makan jadi tinggi",love
6816,terkadang disitu sya merasa sedih,sad
11285,"minho lucu banget kalem, suka banget kalau dia begitu, that's so soft of him. minho minho minho, aku suka banget sama kamu, aku cinta banget sama kamu, minho!",love
10280,"kaget bgt, gua takut ada pendekar biru yang mau menagih utang jasa",fear
2723,"uwah semangat, besok lusa ya",joy
11565,"jadi lucu banget si ceweknya, bajunya terbuka terus dadanya gede gitu. tapi cowoknya polos banget soalnya, tapi kalo gak suka fanservice ya kagak nyaman sih",love
10798,"gak percaya diri, rasanya mau menyerah",fear
9335,"susah banget jadi baik gitu, tapi emang harus dijalanin. Kalo di tuntun terus, jadi stress, depresi, gemes. Tapi jangan berhenti. Biarkan kegembiraanmu sedikit demi sedikit mengalahkan emosi negatifmu.",anger
12262,"aku rindu banget sama kamu, tapi kamu itu bangsat, harus kuat deh",love
7155,seneng banget bisa mengumrohkan orang banyak,joy
12482,"aku selalu jatuh cinta di fandom baru, perlahan tapi pasti, dari shokudaikiri, hasebe, azuki, buzen, dan yg pertama kalinya itu kek masih suka yang biasa aja, bukan yang beringas bgt kek aku ke buzen 😔",love
11611,"jadi pengen kirim cinta ke jeanne, dia keren abis",love
7230,"yeay akhirnya libur, semoga bahagia ya",joy
5075,yg hari ini selalu marah marah pasti dia pens emyu,neutral
7880,"seneng banget nih, happy happy happy",joy
5394,"bolos, katanya takut kena congorna",neutral
10769,"mimisan gitu, gak tau kenapa terjadi, cuman sedikit, tapi aku panik sih, ga mau lagi ya",fear
7789,"kamu cileng, kamu buat hidup aku lebih cerah",joy
11760,"aku suka banget nyobain baking, kapan-kapan juga ya?",love
4088,"menurut kabar, burung temen ane lagi sakit",neutral
1967,"ada ga sih cewe yang tulus ke aku, takut patah hati",fear
12229,"sunwoo, kamu ga tau gile kan bahwa saya suka sama kamu, tapi kamu tetep ga pede sama saya. Masa kamu malah suka sama eric. Ga ada yang lebih gemes daripada itu. Padahal, kamu pasti suka sama saya. Jadi, kalau kamu mau bikin saya gemes, kamu harus jadi seperti saya.",love
11086,"gmn nih, ngeri deh tapi wkwk",fear
12086,aku sayang banget sama mereka,love
6999,"aku dulu suka banget sama wenda wkwk tp pas dia hempas untung ada jeketri, sedih",sad
423,"no 3 kaga bener banget menurut gua mah. woii mencegah perzinahan ya lu tahan napsu bego jangan minta poligami. sekate kate banget minta poligami cuma buat muasin nafsu sendiri, jerk. dan no 4 menurut gua penyampaiannya salah distu seolah olah istri ni cuma alat pemenuh kepuasan",anger
11669,"ga bisa ngontrol diri deh, jatuh cinta ga bisa ngontrol diri deh",love
11974,"kan kita saling suka dan sayang, kok malah bingung gitu?",love
10800,"indahnya terbang terlalu tinggi, tapi aku takut jatuh terlalu jauh",fear
6142,sedih,sad
5661,konten bigo banget ini kak kokoh suka nonton video beginian di bigo terus dia kirim ke aku. lumayan penghasilannya minimal 5jt perbualan dari management.,neutral
9031,"ga usah emosi dulu, siapa tahu aku mau ngalihin akun dulu biar bisa maki-maki",anger
4596,"energi sebaiknya digunakan untuk latihan mikir kritis n mandiri drpd mlintira"" cari pembenaran beri asupan gizi wawasan dengan pengetahuan nasihat baik itu banyak n bisa datang dari mana saja, jangan batasi, rugi *siapapun kadang benar tapi juga sangat bisa salah (termasuk saya)",neutral
2659,"gaa, oke semangat nyucinya",joy
141,bangsat banget,anger
2597,kgk soalnya aku semangat event,joy
6701,"sedih td malem mimpinya jeleek kali sampe aku kebangun tengah malem nangiss deress, trs aku tahajud baca doa blabla, trs mimpi jelek lg sampe dalam mimpi itu aku capeek kali baca ayat kursi 3 qul tapi setannya ga pigi2 anjir",sad
1377,maaf ya sy mau ngetik agak ngeri. hukum mati aja pak/bu . semoga ketikan sy tidak salah dan tidak berdampak negatif kpd semua orang. aamiin,fear
3674,"sebagian wanita suka banget dg kalimat yg diucapkan oleh pasangannya. salah satu kalimat itu adalah "" yank, sini aku checkout kan sopimu""",love
12468,suka bgt sama yg crispy,love
6362,eh gue ikutan sedih denise keluar :/,sad
11791,"ah gue cinta banget sama treasure, dia suka banget sama jeongwoo dan senang bermain di atas panggung. gue suka banget sama treasure",love
4741,bukan player biasa biasa ja guna. yang pro player pon ada guna. halahh halahh,neutral
1138,"plis nilai akm keluarnya lama banget, takut",fear
7374,Selamat pagi! Happy weekend! Semangat untuk aktivitas hari ini. Jangan lupa untuk v0te+stre4amnya ya! Stay healthy and stay safe semua. -en,joy
1787,ada masalah apa tigrealnya? aku sebagai user tigreal malu bgt,fear
10116,"oh nih gue masih teringat sama kamu, mungkin karena kamu jadi bahan candaan, mungkin karena aku malu",fear
4646,cuddle saja,neutral
7568,"si kakak tertua aku, seneng banget rasanya kalo bisa bikinnya ketawa",joy
459,"ioe la wax nga doug si yeufou xalei,lolou nga tolol",anger
6115,sedih banget masi pagi.,sad
8179,"ajaib ya, gak ada yg lewat, aku rasa sedih",sad
948,"aga emosi pengen datengin ksy terus tanyain ""elo udah punya pacar beneran ga si? emosi banget, suka tmi ke anak yang ngecrush in elo, gelud kita yokk"" ayo lanjut lagi pengen marah2 tapi gada hal yang mau ku marahin",anger
9528,"kasian org yg suka ngeyel aja, jangan bawa-bawa sinet tp kalo ditanyain ga tau. ga tahu, ga tahu, ga tahu",anger
6370,"temenan 5 tahun hasilnya gini, sedih banget",sad
4628,berani untuk tidak nyuru jokowi turun dari mobil atau datang kesuatu tempat agar tidak terjadi kerumunan saja mereka tidak mampu. padahal lebih mudah cuma satu orng yg dilarang.,neutral
7358,"yeay wajib banget ngeyak dulu, karna aku takut kehabisan waktu",joy
5925,gak jadi sedih,neutral
6040,rata² 84 milih unpad keperawatan cih wkwk terlalu nekat abis klo milih jurusan yg sepi peminat takut salah jurusan.. gpp la cb aja msh ada pmdp poltekkes semoga sy lolos pmdp poltekkes kep bogor / keb bogor aamin,neutral
441,"ahaha benar, pagi pagi sarapan saja. jangan marah marah, nanti lekas tua.",anger
6659,"ketika senang ia datang lagi. ketika sedih ia tak pernah pergi. perkenalkan, dia ibuku..bidadariku. :')",sad
8831,"gimana dong akun baru aku ini, pas mau follow terus tidak, sedih yaa",sad
9046,"gemes deh bangsat team ngelap kelap kelip layarnya, ga mau nginstal ulang, ga mau ngeluarin duit, ga mau kena musibah, ga mau ganti layar",anger
3830,mama juga sering dengerin cerita-cerita random gue wkwk kaya keseharian gue apapun itu. suka banget kalau udah curhat sama mamaa and i love her so much,love
11830,"kamu suka kembang? hehe aku kasih kembang spesial nih, bonus dapet ayang gratis",love
6144,"mandi sore, soalnya mo les. sedih malem minggu malah les",sad
11390,"mantap banget, aku suka banget sama akhir cerita ini",love
6344,dugaan loni takdok ore kijo. mari kijo sari pastu tkse dah. banyak doh ore kijo hk mari tp tk lekat. allahu sedih nya. gano nk tinggal ma nati. tu sebab sapa loni tk gi kijo mana mana. sobs,sad
1958,"minderan anjir klo suka sm org. abis gmn ya gua selalu aja suka sm santri, dgn fisik yg tdk memadai serta akhlakless gini jd lebih nyaman mencintai dlm diam wkwk. udh gt doi pernah liat gua nyedot tijus make selang, apa ga nambah jijay??",fear
9262,"ini yg gw nyesel, gw cuma suka fanservice doang. Kalo fans gw dijejalin, gw ga bisa ngelunjak, dan gw ga bisa ngelunjak, gw ga bisa ngelunjak",anger
155,suka nih yg bikin emosi gini jadi tag aku dong kack,anger
10039,"ngga mau terkena bencana ya, jadi bingung gimana nih",fear
4578,ga usah mewek biasa aja.. ibarat pepatah sekali merengkuh dayung berenang-renang kemudian..,neutral
1089,pasti profesor goblok satu ini baru saja ngelonte mkanya pemikirannya jadi seger gini. bagi org kafir ngelonte itu ibadah yg utama,anger
6049,"follow ca ore yok, sepi :v .kangkeceh",neutral
11527,"runa suka banget sama aku, ngerasa aku penting. tapi kalau aku ngga ada di dekatnya, suka ngga ngertiin aku. apa yang sedang dia lakukan sekarang?",love
9122,"kok nggak ngerti? gue udah ngasih pinjaman 2,7jt ke lo, sekarang lo kaya mau ngapain?",anger
7950,aku bukan orang yang mudah tersentuh tapi kok ikutan sedih gitu ya,sad
1674,jadi malu,fear
6763,"dulu tiap ngerasa ga nyaman (sedih, takut, kesel) selalu mencari pengkaburan",sad
10546,"rasanya mau aja duluin perasaan sendiri tapi malu ga bisa, takut kecewa",fear
6416,"yg bikin makin sedih tu denise msh ngetik for my lockeys and member, w udh berenti nangis malah makin nangis",sad
12048,"kalo baca chapter best friend to lovers troops pol ini buku, aku gemesin banget, kalo aja ada anotasi mcnya huhu, kalo pol ini buku",love
2326,kenangan tetap ada tapi jangan terfokus disana. hidup lo bukan untuk kenangan tapi buat masa depan. tetap semangat!,joy
7096,"yeay, akhirnya syuting lagi, semangat ayank",joy
11465,"coba deh liat konten nonton theater JKT48 sama adikku, dia suka banget",love
9918,"orang yang selingkuh/main belakang sama pacarnya, siapa dia? Dia harus mati! Dia harus jaga dirinya sendiri, dia harus ngurus hidupnya sendiri yang ga seberapa bagus, dia harus merawat dirinya sendiri, tapi dia masih mikir buat selingkuh?? Sumpah sampah banget!",anger
6450,sedih bacanya,sad
1715,"kalian yg udah b00ster, efeknya gimana? gue masi lama si jadwalnya, cuma kok gue takut mau ambil b00ster, gue mikir ""b00ster"" efeknya lebih horor dari yg pertama",fear
9172,"ga abis pikir, aku bukan anak kecil yang cuma dikasihin aja, aku orang yang berarti, aku orang yang harus dihargai",anger
8381,"badan panas terus, rasanya ga enak",sad
9433,"waaah, udah ga paham lagi sama yang aku lakukan, udah ga ada jalan keluar",anger
3831,"wajarlah cewek suka kangen, biasanya setiap malem ada yg ngucapin ""sayang, makan sana, nanti jgn tidur malem2 ya"" tapi sekarang gak ada.",love
6299,"pas lewat jg kaget banget, gini banget deh netizen indo sempet record saking kagetnya. beda banget sama komen orang luar. orang tua nya kalo liat terus ditranslate pasti sedih banget",sad
3348,"suka banget kk flo,, yuk kita beli kk flo !!",love
11989,siapa sih yang paling dewasa? siapa yang sabar melihatku? siapa yang mau memberikan hotspotku? siapa yang mau memberikan makananku? siapa yang mau memberikan tempat tidurku? siapa yang sayang? siapa yang mau berbagi cintaku? siapa yang mau berbagi peduliku? siapa yang mau berbagi suka-sukaku? siapa yang mau berbagi kasih sayangku? siapa yang mau berbagi rasa peduliku? siapa yang mau berbagi rasa su,love
9177,"profesor begini, aku resign dari kampus, malu, dan kesel",anger
587,"masih pagi makannya begini. pdhl baru beres sikat gigi. perut jd kembung krn minum air hampr 500ml. klo diingat - ingat kmrin g mkn berat samsek. pagi mkn roti, diskul mkn kue sm puding. pulsek.. ga ada, cm tidur. stress bgt menguras emosi. tidur tp kek tdk tidur",anger
9346,"emang harus balas dendam, anaknya jadiin model aja biar bisa ngejar-nerasain orang-orang yang ngegosipin",anger
11993,"aku cinta banget sama EXO, jadi aku tetap ngikutin mereka walau mereka lagi hiatus, aku selalu ingin tahu kabar mereka dan aku suka banget sama mereka",love
2990,gue jugaa hahhaa plus kaget,joy
11686,"hore aku jatuh cinta, dia super menarik, aku suka lihatnya, dia juga sangat ramah, pramugari yang bagus, aku ingin bertemu dengannya",love
9959,"jangan bego deh, mending ngejar ilmu",anger
11168,"maruko dan jadoo, sepasang kekasih yang sayang banget sama anak-anak, tapi si jadoo juga bandel gitu lho wkwk",love
9587,gemes deh temenku tuh suka kek gitu.. bilangnya otw eh tau taunya lama banget,anger
264,"jujur gue malu jadi orang indo, kok bisa tinggal senegara sama orang2 bodoh kyk gini semua",anger
9943,"aku merasa terlalu bodoh untuk berlawanan dengan dia, aku ingin mengambil kursus lain dan mencoba lagi",anger
6788,"ga punya ayang, sedih jadi fans man utd, sedih sedih²",sad
10720,"sumpah aku sampai takut kalau berpapasan sama ayam, pasti ngelambat. soalnya doi tuh bukannya minggir yang lebih deket tapi malah nyebrang",fear
3864,"sumpah sekeren itu, gila banget mark tuh kereenn bangeett bagus banget, sukaa. style bajunya jugaa, suka banget, so mark intinya",love
6274,kadangkala dirimu berhenti memberikan sebuah perhatian pada seseorang hanya untuk menyadarkannya akan ketidakhadiranmu akan membuatnya sepi.,sad
12350,"aku suka banget sate ayam, rasanya enak banget",love
3711,"tapi, gue suka bngt sana guru smp gue ms. riri, gila accent britishnya love banget kalo ngajar berasa denger harmonie lagi ngomong.",love
8438,"emang ga nyangka ternyata rumah ini udah jadi tempatku paling nyaman, sedih banget nih",sad
1529,gue kalo liat ada musuh yang pasang title takut malah,fear
10336,"mau ngomongin kicep tapi malu, ga kuat masalahnya",fear
923,"sering banget update sw, pas abis minjem duit eh, kukira kontaknya udah terhapus anj.. foya-foya sambil ngumpet gak enak tau, bangsat",anger
9902,"gemes banget sumpah, gimana ya. bisa2nya ngomong nanti kamu suka sama yang lain, aku ditinggal, punten, kamu suka sama aku aja aku udah keong2 (hah?), kamu ngeliat ke arah aku aja aku udah beruntung banget loh, aku ditinggal gue ninggalin lu kemana sih? tukang martabak?",anger
7329,"kalo temennya glo ada di mana-mana rasanya males banget buat lanjutin gambar-gambar lama hehe. tapi dulu aku suka beli yupi ulet, tapi sekarang udah gak pernah beli lagi hehe. pokoknya yang kayak ulet itu",joy
4364,"cermin itu telah lama pecah,jangan bilang ""serambi mekah"" sebut saja aceh",neutral
669,"berarti gravity probe-b sudah menyerah? oke. fix. kamu ini baperan, bodoh dan ingin terlihat pinter. ngaku psnteis, yang dibicarakan perasaan. huek. pakai simbol biar kelihatan anak pinter ngerti atom, padahal nggak tahu apa2. malu aku malu, karena ketahuan bohong",anger
3604,"duhh alus banget masnya pas ngomong ""soon guys, soon"" heheh suka",love
5108,keluarin malah di bilang palsu/fake/buatan agensi pelajaran deh. sebagai fans kita jg harusnya bs perlakuin idol selayaknya manusia biasa bisa salah bisa marah bisa mengumpat btw gue tbtb bilang gni gr2 abis denger lagu mark -child di tambah day6 zombie dan day6 stop talking,neutral
11333,"suka banget ke suatu tempat, dimana tempat itu hanya aku dan orang asing -lala",love
5248,kalo makji udah aktif gini pasti otomatis ngarep dapet saldo kaget padahal udah sering nyadar kalo akunku di lapak makji tuh gaib walaupun nimbrung ngeramein tiap hari juga,neutral
7183,seneng banget deh bisa berbagi cerita dengan teman-teman yang sukses,joy
2591,ayoo kyy kita semangat bareeng ;3 ramein opmemnya wixst yaa!!,joy
5906,coba diliat lagi alasan dia sedih kenapa biar gk nyesal nantinya,neutral
6509,denise ih gila gua sedih banget denise langsung deg jantung gua,sad
7133,"wuih aku bingung mau ngetik apa nih, tapi aku suka banget sama aunya, harus sering-sering update aja, yuk semangat! Terima kasih, doakan aja aku bisa menyelesaikan ini",joy
2307,"yang diharapkan itu pacaran dengan langgeng dan bahagia, kalaupun sekalinya menjadi mantan aku ingin kita menjadi teman bukannya musuh.",joy
8804,"ga enak sih nih, sebelumnya aku pikir maag biasa aja tapi ternyata infeksi lambung. Harus banyak minum obat, semoga segera sembuh ya",sad
3690,plis suka banget cibi2 gini lucukk,love
687,"pas ketemu, ngak jdi marah, jdi tambah syg hmm",anger
612,si kapitalis politik yg bodoh,anger
7167,"makasih Allah, menghindarkan aku dari malu karena perbuatanku",joy
9954,jadi gue kecewa sama cewe yang nyolong gue sama cewe lain. Gue ngga paham kenapa dia suka ngomong sama gue kayak gitu.,anger
3200,yaallah kabar baik bismillah yaallah ini jalannya,joy
6629,"wml rules done. akunku ika_ruyanah semogaa jaehwan sama baejin sembuh, sedih liatnyaa",sad
4135,"hari sabtu emng biasa libur, emng ada apa?",neutral
1898,takut sepi tapi yang lain tak berarti.,fear
282,marah muluu,anger
258,bego bgt knpa maksa ya,anger
11870,"eh padahal mereka juga yang suka jodohin aku sama siapa aja, ga abis pikir",love
4943,ternyata manfaat marine collagen itu biasa aja dengan penjelasan collagen klik,neutral
2822,semangat mar..,joy
3525,"seru banget, terlebih gue paling suka genre fantasi + tema kerajaan",love
12169,"happy banget bisa ketemu sama elf di sini kak, mimin juga suka banget sama kamu",love
5223,tuhan selalu memilki cara tuk membuka matamu atas orang-orang yg berusaha memanfaatkanmu. jangan pernah ragu akan hal itu.,neutral
2285,semangat,joy
6063,"lucu, sedih, serem kek kok bisa sii",neutral
8078,"yeseo, aku sayang banget, tapi sayang aku gak punya tiktok",sad
4654,"lima menit pun, setidak deras apapun hujan, tatap saja basah; yang kemudian bisa hadirkan sakit apabila kondisi badan tidak fit. tak jauh, mari.a tapak kaki injakan permukaan tanah yang mulai basah akibat rintik, pun tenn masukan tangan ke dalam saku jaketnya,",neutral
5000,"ada sebuah kisah nyata di jeddah. suami istri lagi bertengkar, suaminya marah luar biasa pada sang istri dipukul lah wajah istri. kemudian istrinya menangis, tiba-tiba terdengar bel pintu rumah berbunyi. ""begitu pintu akan dibuka, ternyata sudah di gembok""",neutral
6710,"food is more than it™s fat calorie counts duuh sedih banget tiap bawa pulang cake/pastry yg riset, cari bahan, bikinnya berjam2 cuma buat dikomentarin aduh ini lemak semua ya?",sad
11746,"gak perlu hebat, cuma aku suka aja",love
8676,"plis author, bikin versi dewasa dulu yaaa. aku sedih",sad
5416,"takut tapi tetap percayalah diri, bismilah yuk bisa yuk",neutral
475,gatau anjg kesal,anger
2555,semangat ya kak nanta!! semoga lancar operasinya terus cepet pulih deh semangat kakak hebat,joy
8087,"coba aja nggak sedih gitu, biar ga kehilangan yang ngeliatin",sad
7,masih emosi sih sama katla kemarin. mana keterangannya gini aja. ((hasil mengaci)) kzl.,anger
6411,"ya gimana ya gw sebenernya suka ngerasa bersalah kalo dia galau, sedih, ovt dan sebagainya kalo gw tinggal karaokean terus. tapi mau gimana lagi itu kan emang hobi gw",sad
11536,"mantan aku suka ngutang, dia bilang gaada uang, tapi pas ngutang ke aku sih, dia bisa aja bilang ada. Beneran gaada plan, emang si aku ga disuruh bayar, tapi watak nya ternyata bertolak belakang",love
11221,"aww aku suka banget sama yg modelan gitu, meski kadang ngeselin",love
5546,semangat nge ga,neutral
2426,oalaah.. rajin ya ydah tetap & trs semangat ya,joy
6744,gue sedih bgt kaya huhuu kisah mereka mulus sekali t__t mana relate banget sama lirik di samping,sad
12130,"naksir banget sama temenmu, keren abis deh",love
2274,selamaat terus semangat yaa sender,joy
9203,"jujur Drake ini orangnya bangsat, biasanya ga ada yang bisa bikin aku marah, tapi ini dia orangnya bangsat",anger
1577,takut banget loch,fear
7264,"selamat pagi idm, seneng banget dapet kabar jiminie hari ini buat kalian, semoga selalu sehat ya. Jangan lupa sarapan ya",joy
9259,"kejar gitu, kena marah, ajaib",anger
3970,"huhuu makasih ya min udah buat ga ini aku suka keduanya , pertama tama qiao tuh baik banget sama orang-orang, padahal orang itu baru dia kenal dan qiao juga ga segan segan-segan buat nolong mereka, lao yan juga gemes bgt kalo lagi deketin qiao, aku suka bgt keduanya",love
5879,"jika kamu merasa sepi, apalagi saat berada dalam proses berbenah diri, tak mengapa. bukan mereka yang menjauh, tetapi dirimulah yang sedang memfilter, siapakah orang-orang yang layak hidup bersamamu.",neutral
10600,"wordle 234 3/6 sih bener aja, aku kaget sendiri, gampang bgt tebakannya keluar",fear
11750,"gue selalu merasa malu ketika mengendarai motor untuk membeli makanan di drive thru. padahal boleh kan? soalnya gue selalu merasa takut mengganggu orang-orang yang sedang makan di dalam, maafkan nii (: hah? drive thru? itu bukan ride thru?. wkwk",love
7193,"akhirnya aku solo stan, tapi kalian tetap suka sama favorit favoritku. Apa rasanya kalian lebih sayang sama member yang kalian ga suka? Hahaha",joy
3867,suka kagum banget sama cowo yang ambiss sama masa depannya,love
11859,"aku suka banget sama serum ini, dia bikin kulitku lembab dan fresh alhamdulillah",love
6823,"kaak makasih banyak , yaampun denise sedih banget",sad
7548,39. aku suka banget klepon,joy
781,pagi2 pasti emosi,anger
1749,takut sm sembi,fear
6519,"temen gue yang lockey udah bilang gini sebelumnya, kalau sampai cb group dia ga ikut, ada kemungkinan bias gue nggak akan lanjut lagi disana, yaallah sedih:(",sad
5774,"sksksk bener banget, pas ngajar gua cuman cengo aja ngeliatin, nanya ke temen ni orang ngomong apa. mana pelajaran ipa..tapi kalo di fb suka comment2an bahkan chattingan sama mr.nyaa",neutral
9283,"aku pusing, udah pagi dan udah ada yang bikin gundah-gundah",anger
9369,"waduh kok suamiku cuma mau pake aku buat apa2 aja, ga ada yang baik buat aku, gila ya",anger
2324,"diliat2 jaehyun kalo deket jungwoo tuh bawaannya ketawa bahagia terus. jungwoo lagi diem aja, tiba2 jaehyun bisa nyubit pipinya atau nepokin pantatnya jungwoo",joy
5055,mantan yang masih bisa marah itu dipastikan masih ada cinta.,neutral
11346,"wah suka banget sama aduhh itu au terbaru, wkwk, ya itu pokoknya. ga papa angst, yg penting ” hihihihihihihihihihi maaci anon!! amen! hehe gak streaming mungkin nunggu di tl aja wkwk",love
1727,pasarannya emang segitu kah?? kaget t__t,fear
610,"iya cakep, emosi nya dapet banget pagi pagi",anger
4666,temtu saja akan hadir,neutral
5413,malu mu mahkota yg tidak perlukan singgahsana~~,neutral
8103,"soalnya sekarang aku ngga bisa maju santai kayak dulu, sekarang kalau maju aku stress banget. dulu aku ga nervous, tapi sekarang ketika aku mau ngomong, semua jadi ilang, dan aku stress",sad
8174,"rasanya aku sedih gini gara-gara Denise keluar dari grup, padahal aku ga pernah jadi fan mereka",sad
8535,aku udah bisa terima tapi masih sedih aja kalau inget inget lagi,sad
3750,ini ada bukunya ngga sih? kalau ada mau beli huhu. soalnya gemes banget. aku suka model yang ada ilustrasinya gini.,love
97,capee lagi puasa ada aja yg dibikin marah nya tu,anger
6985,"ketemu cowo itu di pekanbaru. masi ingat banget semua hal sama dialah walaupun ga pernah jadian. ya sesayang itu dulu. sekarang sih dpt yg better. tapi dgn kejadian itu aku bs blg ke anak perempuanku one day, jgn mau di blg suka trus km ambil hati kalo ga diofficialin :/",sad
3137,haii hai ikut po md photopack di mirfa yuk dom tangerang bookslot cuma 50k bisa dicicil santai! ^^,joy
1537,duh bukan lagi mah..takut kebakaran,fear
3648,"aku awalnya kan lagi scroll ig tu terus liat jae di podcast apa ya lupa nah kata katanya tu ngena banget, awalnya aku kira dia motivator terus cari cari di youtube taunya punya lagu juga, awal aku denger lagu dia yang pacman langsung suka si terus dari situ",love
1517,awal smt 3 ada rekrutmen buat asdos mo daftar maju mundur takut ilmuku belum cukup,fear
11777,"aku suka banget sama dia, cintanya aku puji",love
4624,kalau begitu mendingan golput aja ngapain pilih wakil2 rakyat percuma saja,neutral
6566,sedih banget.,sad
2090,hormat kepada angin semangat everybody. nanti kita akan selesai pada waktunya.,joy
7097,"yeay hari baru, mau baca buku favorit aku, cerita tentang dua orang yang berubah jadi manusia dari hewan asli. mereka jadi manusia karena beberapa hal yang terjadi",joy
6171,sedih,sad
7521,pagi cerah ini diawali dengan sarapan yang enak,joy
572,"ahay bocah tengil tolol, cuma pintar foya2 ngabisin hasil warisan. mumpung masih banyak warisan, terusin aja halunya.",anger
11417,"aku suka banget sama benda-benda di langit. t __ t, bingung sih aku mau jadi apa ntar. iya, aku suka air dan aku mau jadi mermaid",love
3062,bener banget .. aku baru suka khh sekitar 1 bulan ini dan mulai mendalami dan segi rapper dan agensi mereka but u know wait agensi aomg dan h1ghr music yang di pegang dan di kelola jaebom bener2 hebat dan di isi segudang prestasi artis nya,joy
597,kecewa w bangsat,anger
6633,kayaknya tim baby yg kecewa,sad
11874,"aku suka sama orang yang model banget, meskipun kadang ngeselin",love
7875,"yeay ikut photopack di mirfa, yaudah bookslot aja, gampang banget",joy
7345,"jangan berhenti semangat ya, tetap sehat dan bahagia",joy
6304,sedih bangat kamu selalu di cuekin warga,sad
10115,"eh, iya jujur aku takut ketauan",fear
11891,"aku suka ngomongin apa aja yang ada di kepala, tapi gak salah kalo aku suka ngabarin kamu, kan?",love
5976,"kalau gak punya siapa2 sih bodoamat ya, adanya tl sepi sih join agency wkwk",neutral
8562,"kalo ngeliat orang jatuh, aku jadi berduka sejenak",sad
1938,"aku di sini cengeng, suka misuh, tiap hari ngeluh, belom lagi kalo ngomong kasar, jadi tau aku aslinya kek mana. takut aja kalo ada temen rl nanti yang ada makin gak nyaman sama aku. jadi kalopun ada temen rl yang aku ajak ke sini, i know i trust them.",fear
8100,"aku sadar aku bisa marah, bingung, sedih dan ceria tak kenal hari dan waktu. aku menyesuaikan diri dengan apa yang terjadi, mungkin yang paling sering terlihat ketika aku berada di kerumunan banyak orang adalah warna-warni (ceria). tapi sebenarnya aku memupuk warna hitam, putih dan abu.",sad
1753,ini aku belum bilang ibu wkaka takut ga diboleih,fear
3670,dulu pas ngekost demen banget ua makan solaria tanpa perlu jadi simpenan omom,love
10121,"tetep aja ongkirnya bikin kaget, aku takut bgt",fear
2361,hehe semangat ayang,joy
4260,kok ono se,neutral
5432,kirimlah bangsa 10 kg perbulan.... perjenisnya..,neutral
6285,"sedih ngga sih,harus dengar hal yang kaya nya kalo di denger bikin ovt,sedih dan yang lainnya:)",sad
9927,"kepo deh nonton video keluh kesah gitu, gak ada yang tahu gimana sih sebenarnya dia merasakan",anger
11923,"kalo liat suho di exo 2013, aku suka banget, ga ada yang jamet sama sekali, dia beda dari yang lain",love
9880,"ga jamin rumah perumnas ini kekayaan pribadi siapa, yg suka ngomongin pki itu gimana ya? Diajak ngaduh ke polisi ga ada, tapi jualan bendera baru aja",anger
10775,"gara-gara dengerin lagu pasangan yang nyanyi keren, aku malu banget. akhirnya aku muntah. akhirnya aku pingsan. akhirnya aku lari ke sana ke mari. akhirnya aku minta maaf.",fear
10438,"ohh, hujan deras banget, aku takut banjir",fear
5591,bahagia adalah milik mereka yang bangga menjadi dirinya sendiri,neutral
1171,cuman kaget tok,fear
7927,"kalo ditolak, ya biar gk sedih aja, kan",sad
10765,"baper deh kalo ceritain semua ini ke kamu, saya khawatir kamu tinggalin, saya jadi ngerasa takut sendiri",fear
9614,"jangan marah marah, kan semua manusia, bisa salah tapi dada dari mana ya lord",anger
11778,"suka banget sama backgroundnya warna-warni ms ny hj, tapi kenapa ga senyum? ya ga tau",love
10189,"ayo jangan takut, kita bisa melakukannya!",fear
11535,"jangan bikin aku merasa tidak dihargai ya, aku butuh kesetaraan",love
874,kmana aja kliaan.. ?? kok bru kaget sekarang ?? freak,anger
2297,"pasti kuatt, semangat semangaatt",joy
11716,"bang johnny aku suka sama kamu karena kamu suka duduk di belakang layar dan aku suka duduk di belakang layar juga. kita sama-sama suka menonton film, tapi kita sama-sama ga suka dipuji-puji. aku pengen kamu selalu duduk di belakang layar, kamu yang punya banyak ide, kamu yang punya banyak wawasan, kamu yang punya banyak hal untuk kubagiin sama orang lain. aku pengen kamu selalu ada di belakang layar, kamu yang menginspirasi, kamu yang",love
2643,pagii jangan lupa bahagia! km berharga! hrs inget yaa! hv a nice dayy,joy
5347,"aku last seen aja sih, sampe kadang lupa kalo wa tuh ada last seennya, tapi enak aja gitu gatau kenapa, kalo centang biru aku tetep nyalain biar yg ngechat tuh ga panik dan udh yakin aku baca kalau hal penting",neutral
9032,"baper deh gini, kebanyakan nge-ke. Tapi jangan kaget, gini aja mulai masuknya akhir zaman",anger
12516,jangan merasa iri tapi jangan benci juga ya,neutral
581,electro batman emang bangsat sih,anger
204,"mestinya yg benci pemerintah di obatin sampe sembuh,tdk hanya covidnya yg sembuh tapi sakit hatinya juga sembuh..",anger
7896,"yaay finally the webinar I've been waiting for is here, the topic is so relatable: toxic relationships. let's join, my bestie who often gets stuck in relationship problems, join us too!!",joy
9833,"hahaha, gemes banget liat bapak ph bergaduh dengan bapak songlap, ph tuh jadi good cop aja, lawak konyol ya",anger
2014,"aneh bgt perasaanya ga enak gini. kek degdegkan, sedih, takut gt. bismillah smoga lancarr aamiin",fear
905,"kadang jdi anak yg ga dibolehin bawa motor kemana mana tuh ga enak anjirr. contohnya gua, setiap ada acara kelompok pasti kudu nebeng ke temen. kan nyusahin bat anjirr udh klas 12 masih tetep kaga dibolehin heran",anger
631,"emang benci bngt si kalo liat"" komen di tiktok, kalo maen tiktok jarang buka komen biar gak emosi sendiri wkwk",anger
8461,"nggak bisa nonton cup, matiin matiin matiin",sad
10495,"kasian sender nih, dia nggak bisa tidur nyenyak karena ketakutan dihantui mvs euphoria",fear
1974,takut banget kalo sampe nikah keluarga ga suka. trus cuma datang langsung pergi kaya tamu. kalo gitu kan kesan gak sukanya emang keliatan gt ya.,fear
162,semangatt walaupun dalam hati berkata bangsat,anger
4998,remember the day aku pura2 bego nan polos pas di ajak ngobrol soal ao3 sama temen. padahal tab ku begini,neutral
10385,"ngeri sekali, ada yang bikin kau takut",fear
9557,"jadinya terjadi gosip antara aku dan jiran. akhirnya aku yang kehilangan muka, bukannya dia. jangan menyampah n benci sangat takut nanti aku yg kau cari balik. aku katakan apa yang aku katakan",anger
4713,upcoming stream tes stream bikin itasha sambil ngobrol santai~ via,neutral
9067,"udahlah, aku malah penasaran sama lo, idiot!",anger
1431,"udahh, tapi takut kalau dia ngecek2 pakai akun lain. dulu aku priv, aku buka lg krna pengen rep base. ah, jadi ga nyaman banget, masa ginian aja sampai harus priv mulu aku ingin bebas",fear
6868,"banget, kalo gua slr dan cuma bisa bales seadanya dan cp gua marah ato bete wajar sih, itu gua ngerasa bersalah.",sad
11504,aku suka banget liat foto Xiumin rambutnya dibandoin gini,love
7710,"yeay gue malah bisa rebahan, seneng bgt",joy
7736,"udh solo stan tetep dukungnya, apaan rasanya faves kalian lebih sayang sama member yang ga mereka suka? wkwkwkwkw",joy
4283,"coba masuk sini, mi kalau jdi anime kabar gweh",neutral
7531,"flo semangat banget, bener2 ngeles ;3",joy
10430,eh siapa sih squad leader itu? eh ternyata sih itu dia.. aku takut fansnya kecewa,fear
3384,"pepatah lama bilang : ga ada suatu pertemanan/persahabatan antara laki2 & perempuan, dimana salah satunya pasti suka/jatuh cinta sama teman/sahabatnya itu. even if it's a platonic love, it's still a shape of love. lagian lu dulu jg sblm pacaran kan temen biasa juga. so..yeah",love
12051,"aku suka banget sama Coldplay, lagunya bikin aku happy",love
10987,"moga-moga blunder tidak terjadi lagi ya, bisa lebih baik lagi",fear
10493,jules makanan sendiri? siapa yg mau diajak makan sama jules? jules gak mau kasih makan sama temen2nya? jules gak mau kasih makan sama cassie? jules gak mau makan sama cassie? jules makanan sendiri? kasihan jules,fear
7462,"hahahah panik nggak, udah kenyang bgt, seneng bgt",joy
3331,suka kasih something ke pacar jadi kalau kamu milih aku gaakan bosen dan bakalan dibuat happy terus hehe kalau kamu tertarik bisa langsung check carrd aku atau dm ke agensi aku disini see u,love
12015,"aku suka banget acara konseling kayak gini, nyamannya bgt ngobrol bareng, bahkan bisa plong ngomong kalau sibuk",love
6404,hari ini aku lagi sedih krn makanan tumph,sad
8895,"aku sedih, rasanya kecewa banget",sad
2096,semangat buat hari ini!,joy
10571,"iyahh kalo udah kea gtu kaget sih, bingung pilihnya tiket atau uang",fear
7999,"ya ampun, paket aku belum dateng, udah dua hari sekarang, kecewa banget, meni",sad
5017,"ghost doctor, all of us are dead, our beloved summer. seru cuma yg aouad lbh bikin emosi dr pd serunya",neutral
8738,"aku tahu ini akan berakhir dengan ab, dan aku merasakan cerita yang berusaha memasang c sebagai antagonis tetapi sebenarnya anjir, siapa yang suka jika u mencintai seseorang tetapi orang tsb berbicara dengan mantannya secara terus-menerus ya?",sad
1449,tbl tbl tadi di cek darah akunya lg degdegan takut hasil ny suruh transfusi pls pls semoga lgsg operasi malem ini,fear
6900,mana banyak adkel alias malu bgt :(,sad
2610,"good pagi pagi on this partly cloudy saturday dipagi ini, happy day off n semoga harimu menyenangkan semangat theaterannya hari ini",joy
1900,"jangan pernah benci sama orang, bisa aja dia jodoh kam",fear
8186,"angin malam malah bikin sepi, senyum-senyum aja gak enak, rasanya pengen melihat manik-manik",sad
3920,"suka bgt sm fight scene tlb (so far paling bagus). khususnya semua fight scene ashile sun.. apalagi wkt ah sun nyelamatin chang ge, kereen bgt2. drama dimana mainlead gak ada real kiss lagu fave gw di tlb, pengen gw kasih cut scene takut sopiler",love
2757,semangat nyucinya ayah,joy
6397,"lagi sedih, meong ku meninggal :(",sad
10914,"minder banget, soalnya aku selalu suka sama orang yang fisiknya jelek dan akhlaknya jelek. Aku lebih nyaman mencintai seseorang yang tidak pernah melihat aku menggigit sate ayam. Apa dia akan menambahkan kejijakan padaku?",fear
2097,semangat yaa. banyak penyesalan yg udh terjadi harusnya pada saat ini gaperlu disesali. yuk bisa yuk buat nata lagi hal hal yg lbh baik,joy
8329,"udah ga bisa santai, kena quarantine, jadi gampang stress, udah mulai maju, tapi ketakutan, kata-kata yang sudah disiapkan hilang semua, rasanya sedih",sad
11903,"aku suka banget perzombian, tapi kingdom keren banget, harus nonton deh",love
5624,"pilihlah warna warna cerah, seperti hijau, biru, atau pink, untuk warna lantai dan tembok kamar mandi anda.",neutral
9028,"marah banget baca ini, emosi gw di uji pagi-pagi aja",anger
3471,jadi creative team yg bikin konsep comeback huhu pasti seru bgt brainstorming bareng idol idol ato ga jd manager karena gw suka banget jd mom friend wkwk,love
8266,"pagi saya udh di sambut tangis bunda, sedih banget sih",sad
2171,"disini rian, enak bgt klo buat lanjut tidur",joy
11623,"aku jatuh cinta sama semuanya, aku sayang banget sama semuanya",love
11562,"gak nyangka nih, aku diempelek sama ibu, cinta banget deh, gak terbayang-bayang sebelumnya",love
8590,"baper banget, matanya sembab ngelihat cewek yang lagi nahan tangis",sad
2010,"sore - sore harusnya bisa tenang ini malah deg""an gegara dikagetin gk jelas",fear
12335,"suka banget lagunya 127 the rainy night, ga bosen deh dengerin",love
1283,"tau kan rasanya, mau lanjut gabisa melek takut nabrak",fear
12098,"aku jatuh cinta sama dia, dia baik banget sama aku",love
1019,"sumpah ya tuhan, maaf banget. tapi semoga dia dpt balasan karma setimpal krn ga adil dan suka nipu bawahannya.",anger
9518,"gemes bgt sistem kredit, mereka jualan kreditnya gak ada basa basi, nawarin lain. kalo kredit dah tuh heboh sendiri mereka nihh",anger
8667,"enak ga enak, rasanya kehilangan kerjaan tapi tetep disuruh istirahat sama bapak",sad
2810,"semangat kementerian bumn pak mentri bumn erick thohir bumn hadir untuk negeri demi pemerataan pembangunan dan kesejahteraan masyarakat indonesia semangat pak,",joy
12404,"gue suka banget sama lagu baru kangen band, gue pengen banget denger lagu-lagu mereka lagi",love
1651,"bused sampai dua kali kirim. kata saya mah, mending sender muncul deh. dm saya coba, biar saya tahu. gak usah malu, dm saya terbuka luas, se-luas semesta. jangan buat saya penasaran tolong..",fear
12281,"aku sayang banget sama kalian semua, mohon maaf kalau kalian merasa kurang sayang, aku cinta kalian semua",love
1169,kyk kalo emg ga ada bs ga sih jgn accept orderan akuu. kan jdnya ngasih harapan palsu. aku gamau kacang ijoo maunya tausaa,fear
9398,"kamu ngga ngerti apa-apa, ya udah gitu deh",anger
6256,"ya allah sampe ke bawa mimpi ceritanya di gedor sama salah satu host, terus salah bales dm eh ga jadi menang. sedih sedih bangun2 langsung nyesek karna mimpi",sad
5469,"ketika kamu gembira, kegembiraanmu tidak melampaui hakmu.ketika kamu berkuasa, kamu tidak mengambil sesuatu yang bukan hakmu. itulah adab orang beriman",neutral
10996,joonyoung.. jadi sad dan scared jadi 1,fear
867,"dalem hati padahal panik juga si anying, bego",anger
5093,"jika dia marah padamu, cium dia.",neutral
5433,kupat gak enak,neutral
541,"punya acara pagi bukannya disiapin dari malem atau bangun lebih awal malah milih marah marah di pagi hari, hdehh",anger
9324,marah bgt sama diri sendiri,anger
12395,"ini foto baru sih, tapi aku suka banget gaes",love
6354,tiap pagi sedih :),sad
11757,"masker ini keren banget, aku suka banget sama maskernya, bahan dalamnya lembut banget gak bikin gatel. walaupun longgar tapi bisa diakalin talinya diiket biar rapet.",love
3390,"halo. aduh, saya interested banget untuk potray the8 dan kebetulan juga side fc saya all member svt. mengenai saya kalau kita ketemu nanti, saya dengan love language woa dan physical touch gak lepas dari supportive dan sweet words buat pacar, juga suka hugs dan kisess ”",love
10126,gue mau isoman dulu karena khawatir kena polusi,fear
12515,"biasanya aku ngomong kok sepi apani, tapi ini nggak seberapa kenceng",neutral
3959,"cewek itu suka berpura-pura dan menutupi semua masalahnya, karena dia gak mau ngerepotin dan bikin khawatir orang yang dia sayang.",love
6643,ih knapa queen aunty jd sedih,sad
6841,mantap ah sedih kucing mati pun aku kerja lagi. hamba sistem nampaknya.,sad
10431,"aku kalo di dekat orangtua selalu ketakutan, takut, gak jelas padahal orangnya nggak ngapa-ngapain",fear
3586,sebenernya suka banget sama ms ny hj suka backgroundnya warnanya posenya tapi kenapa gak senyum? kecewa,love
10171,"ngga pengen lagi pilek, kayaknya aku bakal pusing",fear
2563,semangat anggun aku jugaa setiap hari pulang jam 3 sore mana bimbel 3 kali seminggu,joy
5036,aku si anak bodoh,neutral
1080,"fuck masa lalu,, gila pagi2 uda di ungkit2 saja si kupret yg di anggap baik,,",anger
5891,"sarapan dlu bang biar bahagia, jangan sedih",neutral
4966,kalau itu artinya cerdas.. bodoh selamanya pun aku tak keberatan (uzumaki naruto),neutral
2023,"gak enak , jangan sedih sedih juga ah , jadi ngeri nih",fear
11648,"aku seneng banget liat ada cowok yang berempati sama korban. Kadang-kadang kita cewek sendiri justru yang ngajakin korban, gue juga cewek tapi gue ga gitu.",love
7909,"sayangnya, kejadian ini bikin aku sedih banget, ngerasa bener-bener kecewa",sad
10986,"aku ngeri waktu debt collector dateng ke rumah, aku ga kenal nama mereka, tapi tetep takut",fear
7321,"terima kasih buat ga nya dom jogja, semoga taehyun, member tubatu lainnya, dan moa bahagia selalu, happy taehyun day, 21",joy
226,pagi tiba tiba baca banyak berita di tl cebong ngamuk ngamuk dan cari banyak alasan tentang dewa nya tidak di hargai luhut saat pidato.cebong menghibur diri pura pura bahagia.cebong cebong bodoh idiot kalian itu permanent.mentang mentang gratis loe ambil semua bodoh nya.idiot,anger
1013,"yg suka merusak tatanan, jangan di kasih ruang. wahabi lokal..",anger
1929,"mjb, itu janji jiwa nya biar udah dua hari masih enak rasanya? gk basi?",fear
11907,"nggak sabar nunggu kucing2 yg gue kasih makan ngumpul lagi, semoga mereka bisa saling membantu dan berdamai",love
5251,"dengan majikan lewat 5 minit pun kita takut. tapi dengan allah, kita langsung tak takut. kadang-kadang solat dekat nak habis waktu. - uai",neutral
9596,kok lu idiot gak sih? ngerti nggak?,anger
2179,enak bisa lanjut tidur,joy
697,"balas dendam, biar yakin kl suami istri bs saling nutup aib",anger
1124,"ihh sama punya ku juga udh 2 hari masa tertunda terus kesel. tolong dong min ditindaklanjuti, kecewa sih",anger
7378,"yess, semangat jalanin hari ini, terima kasih untuk hari sabtu yang indah ini",joy
10328,"rasanya makin ngeri, gak enak banget",fear
5110,org bego jam segini makan geprek,neutral
7902,"yeay pagi' dapet kabar baik, seneng bgt ya",joy
1778,ikrr haha takut betul baca semua replies dekat post tu,fear
10043,"panik banget sebelum tidur karena ketakutan kalau akun ltmpt ga lolos, apa jurusan kuliahnya",fear
2634,semangat kak ell,joy
7544,"makasih banyak atas perhatiannya, ya ampun kaget bgt",joy
7604,"bahagia itu gampang, cuma ngelolosin remed aja",joy
3489,kalian ada yang pernah pengen banget kiss pipi nya dia ga sih?? bukan yang pake perasaan tapi kaya gemes ajaa gue kalo gemes suka nyedot pipi orang yg gemesin soalnya,love
1037,jahat banget!! buat kalian laki laki tolong jgn suka jajan sembarangan dong!!,anger
10293,"ga tau kenapa, gk nyadar apa ada yg perhatiin, tapi sepertinya ada yg kepo",fear
8505,"omong2, kalo ada yang pernah ngomongin aku akan ngasih album da wv 1press, tapi sampai sekarang belum juga, sedih bgt ya, tolong jangan dianggurin ya",sad
2649,mornin' pagi pagi ada kabar bahagia,joy
2979,udah kayaknya segitu aja review (pantas disebut review ga sih?) atau kesan yang gw rasain selama nonton snowdrop gw ga spoiler terlalu banyak jadi moga pas nonton tetep bisa kaget dan kesel wkwk since its one of must watch drama too! ^^,joy
2547,kok gue senyam senyum sendiri bacanya.. semangat ya!!,joy
5132,perubahan emosi dalam sehari,neutral
2159,yukk semangat yukk walaupun badan lagi kurang fit,joy
9114,"ngeluh banget, kenapa orang malaysia kalo bicara papua cuma ngomong kaya gitu aja",anger
6445,sedih ajh,sad
3967,"i suka kat you gila. and semua pasti tau pasal benda ni. tapi sekarang you pandang i pun tak. apa i boleh buat? kalau leveling lagi penting dari perasaan. you pergi la layan level you, i tetap dengan perasaan 'kasih sayang' yang allah beri ! perasaan bukan kita punya, allah punya",love
1428,wah ngeri nih sesepuh ternyata,fear
10590,"nih mah ngeri, terlalu kepo bisa jadi cinta lagi, was-was deh",fear
2520,"carasun ini enak juga ya jadi sunscreen, mana dapet ukuran 70 mlnya lagi, so worth it",joy
8033,"entah kenapa aku selalu gagal, senang-senang aja, tapi akhirnya jadi penyesalan",sad
10869,"aku takut ngebungkus, kapan aja bisa lewat terus gitu",fear
12437,"aku suka banget nontonnya, boleh dong tau judulnya? Aku pengen nonton lagi",love
448,dimesjid jaga jarak..di mall desak desakan..demi kaos rebutan wooii..udah 2022 msh jg tolol..,anger
10681,jadi gue ga berani lagi nih,fear
9476,"realistis itu enak, tapi materialistis itu lebih enak",anger
5995,tumben masih sepi,neutral
10114,"kaga kuat nih baca novelnya, mungkin aku ga suka, ya udah beli aja",fear
3727,"woh gitu ya logikanya? wah suwun cak, bisa lah nambah resep kuah-kuahan lain. nambah bebek iki soale aku suka banget sama bebek surabaya yg bumbu kuning jadi sekalian aja",love
7353,"jaga kesehatan yaa!! . kalo keluar rumah jangan lupa pake masker , cuci tangan dan jangan lupa jaga jarak . have a nice day , semangat untuk hari ini!!",joy
8553,"hiks denise sedih, aku jadi makin nyesel",sad
6279,"kebanyakan orang dengerin lagu"" kaya gini yaa salah satunya utopia inget kenang perjalanan cinta mereka tp gw gak gitu, suatu lirik dapat mewakili strategi sebuah korporasi ada lagu yg buat gw sedih saat dengar yaitu ""toxicity"" (sod), slalu teringat almarhum teman udahh ah",sad
12489,"iya, aku mau ngelarin! suka banget sama filmnya karena kebetulan director favoritku wes anderson, tapi belum sempet. pake kotep gitu emang nanti rapih? haha semangat. bener juga makasih ide-nyanya! kamu biasanya journaling tentang apa?",love
7295,"yeay kak, aku happy bgt nih, semoga bermanfaat ya kak",joy
9496,"anak2 dari keluarga bahagia ini kayaknya udah jadi anak2 jahat, jadi nyesel dah jadi orang tua",anger
6251,yellow iya pas sedih wkwk viva la vida ga terlalu sii,sad
5926,"tapi menurut gua lu juga jangan terlalu cuek atau kecewa sama orang loh.. soalnya lu harus sadarin juga, ga semua org harus ngertiin lu, dan orang yang datang kehidupan lu juga gak selalu mau lu kayak gmn sikap orgnya, setiap individu memiliki karakter yang berbeda",neutral
2460,"semangat ngerjainnya, have a great day pit!",joy
22,"benci banget sama diri sendiri, gampang nangis kalo ngobrol sama orang tua.",anger
2066,"peluk kakak semangat terus ya pokoknya, banyak yang sayang sama kakak di sini,yoon ji lagi cosplay jadi warga lokal",joy
1653,"mau kaya gini pas ultah mendatang, tapi takut malah dijadiin bahan bullyan..",fear
8894,jebol nih aku sama kacauan di sekitar dan bikin aku puyeng aja,sad
8706,"sedih sekali. makin susah nakes nakes puskesmas, vaksin booster sampe turun ke rumah rumah bawa tni-polri, tracing kasus baru dibilang dicovidkan.. jawaban mereka sama covid itu ga ada! kehilangan sosok contoh rakyat ini.",sad
1376,jangan marah2 ih jadi takut di makan nih,fear
1724,sir baik tak kena balik panggung mimpi ngeri..kuang kuang kuang..,fear
3754,"kakakk, suka banget sama au nya semangat terus berkaryanya kak!!",love
8652,"aku rela menunggu, meski kamu tak memberi kabar. bahkan aku sadar jika aku ingin kamu tinggal kan",sad
4183,akhirnya aku sampai pada titik saat melihatmu aku merasa biasa saja,neutral
4082,kalau gitu biasa biasa aja dah gua.,neutral
9678,"aku ga mau ngomong, tapi kok aku harus ngomong.. orang itu muka badak, kalo mau merusak nama baik sama aku aja jelasin",anger
8474,"aku sedih banget, nangisnya, nangis banget, nangisnya. Makin susah nangisnya, vaksin booster sampe turun ke rumah rumah bawa tni-polri, tracing kasus baru dibilang dicovidkan.. jawaban mereka sama covid itu ga ada! kehilangan sosok contoh rakyat ini",sad
6579,lebih baik melihat dia marah dari pada melihat dia sedih.,sad
4558,"belum, bahkan udah bertahun tahun belum pernah lihat shanks bertarung. gue udah ikut dari sma. boleh dm aja sini, gue masih sering banget nonton ulang. banget banget daripada gabut juga kan ya, mendingan nonton op gak sih.. episodenya banyak jadi santai nontonnya",neutral
3537,"akhirnya bisa ngeliat bapak anak ini satu projects lagi,, suka banget gulf kanawut",love
7003,yg suka doang mah banyak gak gw pungkiri. nah yg sayang dan cinta kaga ada bwankk wkwkw :(,sad
9560,"gemes deh beli akun ga bisa harga murah, susah nih jadi upf",anger
11930,"gua suka banget kalau pagi-pagi buka tello dan ada yang kirim pesan-pesan manis, gua beneran benerannnn",love
10358,ayooooo gue kena rasa ngeri,fear
8789,"nyesel banget dia ga bilang sama aku, sedih banget",sad
9951,"biarin marah banget aing kali ini, ga abis pikir",anger
646,lu ga lebih dri org iri yg kebetulan tolol.,anger
6381,sedih budush bila ade orang mengingatkan mu mende hok lepas. sakit sia,sad
7527,"kaka aku sayang banget, semangat yonji! banyak orang sayang kaka di sini, kaka jadi warga lokal aja",joy
12216,"kalau kau mau aku sayangin, cukup kau suka kpop dan wibu aja, aku pasti cinta",love
7165,"pagi ini syahdu banget, dingin, hujan, sepi. cocok buat rebahan. have a great weekend, morning moots!",joy
10052,"aku ngeri sih kemarin demam + tenggorokan sakit, alhamdulillah sekarang udah kambuh",fear
7697,"hoi, semangat yuk hari ini, jangan lupa sarapan ya",joy
11846,"aku sayang banget sama kamu, ga sabar udah lama nggak lihat, ntar kita ketemu ya",love
4875,nasi biasa di canpur sambal cikur sangrai,neutral
11435,aku suka banget sama gaya dress digi billa,love
5341,sini q tmnin biar mm gk takut klo gelap,neutral
12019,"cewek beneran gak enak kalo males bilang sayang, cinta, dan makan di malem",love
7031,"emang suka ngedit foto ajasih, pas dirasa ""oke udah bagus nih"" lalu buka pinterest dyarr menciut langsung, insekyur sampe kerak bumi ngeras editan yg mau kujadikan igs kek ga pantes banget",sad
2160,nyenyak! semangat juga!!,joy
685,kan tolol enggak baca berita yang terdahulu malah terlihat tololnya juga enggak baca rpjmn kamu kan juga tolol,anger
2461,"halo semuanya, semoga kalian tetep bahagia dan juga tetap semangat nge-ba nya yah-!",joy
7128,seneng banget ya udah ada dukungan penuh buat usaha saya,joy
6267,br nntn bulgasal dan yg episod joon nusuk wooseok kesel tp lebih pengen nangis liatnya... sedih huhu,sad
4941,"aku biasa sarapannya setelah wo, nunggu 15-30 menit pas beres bgt wo nya atau sampe ngga terlalu keringetan",neutral
5946,kok sepi rep nya gak kek pas masa-masa penjilat,neutral
4583,"hahaha itu sbnrnya ralat, ada yg kurang satu huruf. tp mau hapus yg awal, koq sdh bny yg like reply. kan nggak enak, jd biarkan saja ya",neutral
5784,"ada yang suka baca wattpad ngga? aku ada wattpad prem sharing sebulan gakepake sayang banget:"" belinya tanggal 2 feb, yang mau rep aja ya.. yang duluan aku dm. maaf pinjem ht",neutral
7569,"aku suka ya kulit manggis, ekstraknya ada, mastin ada, dan kulitku sehat alhamdulillah. Mastin adalah herbal alami dari indonesia yang penuh pesona, dan aku bahagia sehat sebab mastin.",joy
10727,"gak tega sih kalau harus dikhawatirin terus, ya?",fear
521,"kalo bodoh jan ngajak2 org lain dah, stress",anger
8714,"bgtu bang, jangan gitu dong, aku udah jatuh cinta",sad
11242,"aku suka banget sama kamu, kamu tuh keren banget",love
3983,fellychibi aku suka banget sama detik jam |emang kenapa?| iya dia ga pernah lelah berdetik seperti aku yg ga pernah lelah utk mencintai kamu (Êƒâ£Æª),love
12047,"wajarlah cewek suka kangen, biasanya setiap malem ada yg ngucapin sayang, makan sana, nanti jgn tidur malem2 ya tapi sekarang gak ada.",love
10892,"jadi ngga enak rasanya, ngerasa laptop ku gak kuat buat beraktivitas",fear
780,marah kat diri sendiri,anger
10345,"walaupun aku takut, aku tetap akan melangkah dengan penuh percaya diri",fear
5607,"met pagi semua socialthreeners dimanapun anda berada.. biar semangat, yok donlot kumpulan foto ips3",neutral
5978,genshin emang game yang terlalu sepi untuk segi open world. bahkan horizon (game-nya) aloy gak sesepi ini. npc ada yg jalan-jalan dan berburu gitu.,neutral
8843,"ngga suka jeruk tapi tetep makan, kenyang aja tuh",sad
3747,"yaallah rumah impian gue banget, ga besar tapi ga kecil banget. suka banget ih, adem banget keliatannya :(",love
2196,nda semangat on rp,joy
8561,"kenangan masa lalu yang manis, suka banget ke pasar, dijajanin dawet, cenil, pecel, jamu dan banyak lagi jajanan pasar, tapi sekarang mbah putri sudah pergi, kesedihan yang mendalam",sad
12454,"owhh aku jelas suka banget sama kaka jay, suaranya keren banget dan juga kak heeseung. aku punya ide upcharku spontan tapi ga tau gimana caranya, mungkin kalian bisa tolong nih kak",love
4285,ayo lorr.. simak apa saja sih pernyataan presiden terkait perkembangan covid-19.,neutral
8569,2x aku suka seseorang dan dia suka orang lain. Berturut-turut. sedih amat hidupku,sad
9832,"udah ga mood dari pagi, pas main ml pun jadi emosional",anger
9805,"lho kawan2 itu kyak gitu, gak jelas apa yg mau mereka lakukan, padahal kita selalu mengajarkan mereka tentang mandiri, tapi mereka tetap berpikir sendiri, gak pernah mendengarkan nasehat kita, padahal kita sudah memberi mereka banyak kesempatan untuk belajar dan berbuat, tapi mereka tetap tidak mau berubah, kita harus mulai mengambil tindakan untuk memperbaiki situasi ini, kita harus mulai berpikir mandiri, dan kita harus mulai mengambil tindakan untuk meng",anger
6979,"ge mriyang tapi kudu tetep kerja demi bisa bahagia dapat duit, miris sedih",sad
1827,"eh bukan deng wkwkw kaget bgt, anjir mana rompi osisnya mirip + belakang gedungnya mirip. pas liat badgenya bukan sekolah gw",fear
9154,"pagi-pagi udah ngerasa emosi banget ama skuad ferrari, ga enak deh",anger
12188,"halo, salam kenaal! aku suka banget sama chaehyun, dia mantan trainee juga kan? kamu ngerp jadi dia kaah?",love
2376,"lucu banget noona kolaborasi twibbon yaah? makasih banyak ya noona! have a nice day, semangat event!!",joy
8551,"siapa yg ngeriin gue liat fanart thomaya, gue mikirin yoimiya, gue sedih",sad
3839,"beberapa minggu ini, kita suka deep talk. gua bisa rasain kalo ni anak lagi kenapa"", dia bisa nunjukin dirinya yang sebenarnya, kalo.. anaknya cengeng banget, perasa banget, sipaling gampang sedih, sipaling gampang kefikiran kalo ada apa"" sama dirinya, itu cuma sama gua.",love
1246,"hufftt bismillah, bismillah, mugi kumanan dina niki periksane pun panik mik, pun panik katah sholawat mawon.",fear
7504,"selamat pagi tapanuli utara, semoga selalu sehat ya",joy
6511,sedih yang perform cuma 6 member doang gegara jiyoon lagi kurang sehat gws jiyoon,sad
11521,"aku suka banget sama tata letaknya kali ini, lucu abis",love
5439,"vitamin, susu, makanan yg enak",neutral
11675,"iya, yang suka komedi jangan sampe lupa nonton kingdom",love
8964,"bangun pagi gini hati udah galau dan kecewa, jadi ga mood",sad
12243,"semangat hari ini, aku cinta banget sama diriku sendiri",love
5510,"rehat sejenak dulu kok, kalo dah full gaskeun lagi biar enak",neutral
5330,start 12k aja yu hi kak! lagi cari app prem? pengen cepet juga? ada nih! lengkap + fast respon + testi on pinned yaa yuk langsung dm! t jual netflix murah spotify wetv kaget nikah all of us are dead,neutral
4531,"makan apaan hampir 30 dolar sekalia¦? kayaknya semahal2nya makan biasa di sana 10 dolar, itu pun bangsa cuman sekali dalam rentang sekian hari kalo lagi jalan ke sana aja, sisanya makan di bawah 5 dolar pun jadi wkwk",neutral
9866,"ngeri banget di masjid yang ramai, di mall yang penuh, di toko yang penuh, udah 2022 msh gk bisa aja",anger
365,gue marah tapi gue sayang sama lo !!,anger
12577,"kok bangga sih, aku ngga ngerti",neutral
147,supaya generasi yg sekarang jadi bodoh..kan mudah di begoin,anger
1668,ku cium pipi kanan mu dan kau senyum terpesona bercampur malu,fear
11135,kenapa ya nak hasut orang tak vaksin? pastu bangga sangat bila orang vaksin takut nak cerita side effect kat dia,fear
7650,"kalo lagi kesel, makan bakso ini bisa hilangkan emosi",joy
8599,"aku sayang kamu, tapi sayangnya kamu juga ga mau sayang sama aku, ya ampun, gimana caranya ya",sad
7788,"yaaay akhirnya tembak tembak itu betul, alhamdulillah badape",joy
3456,"suka banget pergi ke suatu tempat,dimana tempat itu hanya aku dan orang asing -lala",love
3271,makasih buat kamu yg selalu ada di saat senang dan sedih.. seneng rasanya ada yg temenin,joy
4940,"biasa nanya atau kayak memantau dia butuhnya apa dulu, kak. kalau beli barang juga biasa saya lihat dulu gayanya gimana, tapi kalau mentok ya dompet atau sepatu. 2007.",neutral
9223,"leon, jangan sampe kena emosi, nanti ga enak sama kamu",anger
6230,siapa yang merubah hatiku siapa yang membuat kita satu selalu menyatu beban kecewa namun tak kan ku kan berakhir,sad
11828,"aku suka banget pake vr buat nyelem di laut, anakku suka banget main itu. hahaha",love
10210,"jujur aku ngeri banget sama group b, gimana sih rasanya ketemu sama mereka",fear
9047,"jangan lupa, baca-baca al-qur'an juga, jangan cuma mendengarkan aja",anger
3926,"eh plis ini lucu banget sedikit termotivasi deh sama cewenya, aku juga anaknya hampir sama, suka banget ambisius sampe lupa waktu",love
10759,gimana ya nih temen aku ngeri bgt,fear
8080,aku pikirin anak aku. sedih tengok ryan,sad
78,"woii bodok.. klo semua komplain, beropini,berargumen,berpendapat dkk mngenai kbijakan pemerintah. buat apa pileg dlakukn?? goblok di pelihara. lu lakukan itu malah buat anggota legislatif terhormat itu makan gaji buta.. tolol. pendapatan aggota dewan itu 10x gaji umr tiap bulan",anger
7088,"semangat ya kak icus, kita bisa",joy
2247,"waduh, yg wangi2 bayi sih enak. kaya zwitsal",joy
10386,"aku cinta banget sama aquarius, tp kadang kagak nyaman karena dia to the point banget, suka bikin sakit hati, jadi aku khawatir ketemu",fear
12532,"aku masih jadi kandidat skripsi, dan teman-teman udah seminar proposal, dan aku masih stuck sama dospem yg nggak ada kabar 2 minggu. alhamdulillah lulus, masih suka nggak nyangka",neutral
10988,"wahhh gue kaget bgt nih suaranya, gue malu banget, gue pikirin dia kaget",fear
7451,"wow, ceritanya bagus banget. Sempet baca novel ini di Wattpad dulu, terus naik cetak. Biasanya aku ga suka baca novel reinkarnasi karena bahasanya berat, tapi disini bahasa mudah dimengerti",joy
8980,"film yang aku tonton sebelum sakit ini sedih banget, aku bahkan menahan tangis, dan walaupun perutku sakit aku tetap menangis.",sad
2279,"gua liat lysyn dejun sedih, iya gpp jun kita nunggu wayv kombekmaaf ya jun semangat wayv",joy
8123,pernah gak sih ngeliat film pake tiba-tiba nyesel gitu,sad
3897,"ah cerita tsana ini mirip pas aku ke day6. aku cuma denger 2 lagu aja dulu, terus lama2 enak, lama2 asik, lama2 kepoin jae, lama2 kepoin doun. gak tau kenapa suka dan jadi fans cinta banget mereka. semua.",love
10143,"gua ngga mau lagi di-terrorin sama chucky, ngeri banget",fear
7177,happy birthday yaa! berbahagia selalu,joy
9312,"ga abis pikir kenapa aja yg dibikin marah tu, cape banget",anger
11910,"aku jatuh cinta sama couple namra suhyeok, mereka keren banget",love
3631,suka banget bukain dm mokondo,love
10857,"aku sedang gak enak badan jadi takut nih, kalo aku swab bakal kena negatif lagi, makanya aku malah semangat buat swab gini",fear
6272,"hypeask! album da wv 1press kalian yg waktu itu ""shipsoon"", skrg statusnya gimana? tolong jangan dianggurin,sender sedih bngt yg udah dirumah,nyampe ina dll jngn rep ya:'(",sad
8616,kenapa aku masih sepi? ga ada yang ngobrol sama aku,sad
392,"baunya busuk banget sumpah, gatau kucing w nih punya dendam apa sama gue pokoknya tiap dia kentut pasti deketin dan sok2 manja. aslinya kentutt",anger
3191,"ah, kabar baik pagi ini. thanl youu, big hit. thank you, jimin, thank you, allah alhamdulillah jimin",joy
16,1-10!! marah aku,anger
4200,"biasa aja, gue malah tiap update di igs lebih gatau diri caption nya tp disaranin jgn dibawa ke tt, warga sana lgsg ditelen mentah2 trs tar nain yg diserang. kyk wktu itu jm digosipin dating, si mba nya lgsg diserang netijen indo pdhl mba nya jg org indo",neutral
2672,terong ga enak flop bgt,joy
6164,"gaada yang bikin gw seneng selain kabarnya jimin, sedih banget waktu berita sakitnya gw bner"" kepikiran. sampe ga tenang buat tidur juga",sad
3493,bener si aku setuju banget soalnya aku jg emang se suka itu sama karya exo,love
9651,"bingung deh cewek-cewek yg nyari sugar daddy pengennya yg baik, tulus, dan pengertian, tapi malah dibuat tolol, udah diapa-in",anger
7394,"make ini app satu juga wkwk, make di notenya jadi gak bingung",joy
4839,"mager, seperti biasa",neutral
593,terserah kalian lah..apapun kata kalian pasti dibenarkan oleh yg bodoh..,anger
11730,"kaka jadi aku bahagia tiap hari, aku suka banget sama kaka, aku sayang kaka. jangan pernah berhenti update kaka, aku ikutin kaka hingga akhir dunia",love
8737,"aku rasa sayang sama kamu, ya jangan sedih. Tapi jangan lupa juga untuk tetap positif dan bersemangat, kamu cantik dan imut. Semoga cepat pulih ya, nanti kita ketemu lagi.",sad
5827,memang sedang sepi. selamat pagi. ^^,neutral
7961,"ga enak banget dipekerjaan ini, bikin galau dan risih mulu, pingin resign jadinya",sad
5887,"jangan merasa kesepian saat sedang berbenah diri, karna di situlah saat kamu koreksi sapa ja yg pantas tuk hidupmu",neutral
2355,"semoga cepat sembuh pak,, salam untuk keluarga besar. tetap semangat,,",joy
6036,tidak seharusnya kecewa dan terluka membuatmu terpuruk. tapi itu adalah indikasi bahwa ada yang harus kamu perbaiki dalam dirimu.,neutral
4798,"dan pernyataan cinta itu dibalas oleh muyi, mrk lalu saling mengirim pesan manis di akun sina weibo masing""",neutral
10888,"akhirnya dia meminta bantuan lagi buat proyeknya, aku cemas bgt trs dia minta tolong ajaahh",fear
4592,"selain sharing dan belajar bersama, tentu saja kamu bisa berkenalan dengan rekan lain : kamu berjejaring :)",neutral
8656,"maap kanra, aku sayang banget sama kamu, tapi aku ga bisa bikin kamu bahagia.",sad
163,"sebb tu kalau org2 macam ni nak jalan aku buat x tahu je, selamba je jalan. kau x de hak nak halang2 jalan org. kecuali ambulans. bodoh",anger
11663,"cinta banget sama kelas 11, tapi kalo ngomong bahasaku rasanya jadi kasar, terasa agak anjrit, ya Allah tolong",love
11882,"jadi cinta banget sama minyaknya yang dipake buat bungkus kebab, pas dilepasnya lengket banget, susah dilepas, bahkan harus dikeluarin dari tempat kebabnya juga susah banget sampe tempat kebabnya harus dirobek dulu, worst experience ever lah",love
12319,"aku suka film india, jadi menarik deh kalau pilih mola tv",love
7380,"aamiin. aku udah sepi sepeet seminggu tapi gpp, aku optimis banget deh",joy
12544,"orang-orang itu selalu memilih untuk mengabaikan makna sebenarnya dari Alquran, mereka hanya akan membaca sebagian saja dan menyebarkan pemahaman yang salah demi menjelekkan Islam.",neutral
6356,sedih bahh wkwkw,sad
9092,"marah banget gaes, kalo lagi marah jangan deh ditanggapi, kasih waktu aja",anger
5542,nasi cikur teh nasi goreng pk cikur kitu teh..?? enak? *pakenanyaa,neutral
6007,"krisis moral sudah ke sumsum tulang, sedih, tp ini nyata, menjadi terasa wajar kita diganjar kepemimpinan seperti sekarang. saatnya bangkit, perbaiki moral masing2, kembali ke ajaran agama masing2. ini satu2nya cara mengembalikan sisi kemanusiaan yg bermoral.",neutral
7993,"emang aku suka gimik dan suka bercanda, tapi kalo aku serius ya tolong ikutin juga serius aja. Baca situasi juga, jangan karena aku suka bercanda jadi kamu suka marah. Aku suka kamu dari ujung rambut sampai ujung kaki, malu 3x ku tapi aku mau, aku sedih",sad
7638,"wow hari ini aku rajin banget, aku belanja ke pasar terus aku bikin ebi furai nge-recook resepnya ci devina hermawan. untung berhasi dan enak, jadi semua orang di rumah suka. seneng banget rasanyaaa",joy
6793,kayaknya gue emang harus beneren kudu dengerin si zeco buat kali ini deh wkwk. sedih juga deh gue kalo gini-gini,sad
7758,"pagi om, semoga hari-harimu selalu ceria",joy
4837,harusnya cara nya bisa biasa aja. bener bener bikin speechless. gilaa,neutral
2293,bila semangat mau pergi church tiba2 bersin x tentu pasal. umm. xdapat pergi.,joy
6548,"morning bang,disini lagi sedih bang liat anakku nangis terus karena kucing kesayanganya ketabrak mobil..",sad
7898,jangan lupa tetap semangat ya!,joy
4481,sudah tua masih bingung saja cari identitas diri,neutral
3716,pls ini tuh tipe yoongi banget tiap nge prod laguu. terus ini tuh tipe jungkook banget yang suka ngasih adlibs di bagian yang kosong. kayakk yaampunn yoongi jungkook tuh emang diciptain buat saling ngelengkapin. t__t,love
6140,"pacar di rebut batur? kalem ulah sedih, nu aya brsyukur eta tandanna gusti allah nyaah ka maneh, geus misahkeun maneh ti jelma nu gampangan.",sad
9956,"capek banget ngebantah terus sama dia yang ga mau ngomong, malah dia yang marah, siapa yang gak mau ngomong?",anger
1549,"gembel style lgi, oke /jk ya allah, gw takut banget",fear
2044,jangan lupa sarapann semangat buat hari inii ayang semoga harimu menyenangkan !!,joy
767,"astronomi? iya emg saya ngikutin, kamu emg tolol sih cuma menyimpulkan dr following akun saya, bener2 tolol. berarti saya bukan ateis dong gara2 ga follow akun ateis. gitu kan logika kamu? logika cacat pakar kok cacat",anger
5693,"makasih banyak ya kamu udah suka & berani bilang kayak gini sm aku.. tapi maaf karena aku kayaknya masih nyaman sendiri, maaf ya. semoga kamu bertemu sama orang yang lebih baik-! aku biasanya gt, kdg lgsg aku block",neutral
7870,"ehe, ini coaching clinic yang membahas info tugas belajar dan izin belajar, nih, bisa ikut yuk, jangan khawatir, untuk mendaftar cek di ideas ya~",joy
9700,gue ga suka sama lo,anger
7857,"salam siang mbak, semoga sehat dan selamat beraktivitas",joy
3302,bingung mo ngtik apa.. but w suka banget sama au nya pokoknya mesti sering update dan semangat yaa! Terima kasihh doain aja semoga aku sanggup sampe end,joy
4517,iya kalo udah biasa kek gitu win makanya hrs dibiasain dr kecil deh,neutral
11423,"terima kasih ya, jocie. dan, halo mba calypso! aku suka nama kamu dan aku liat di cv kamu kalau kamu suka gambar, kebetulan aku juga suka gambar. oh iya, namaku erzakiel, bisa dipanggil erza atau kiel. salam kenal ya!",love
10172,"emang gue nangis bgtttt, malu gue seneng banget",fear
3292,"happy birthday zidd, happy terus ya jangan sedih",joy
9011,gemes bgt ga ngerti apa yang bikin kesal,anger
1403,"astagfirullah kaget gw, smpe bingung juga dpat notif bgni sejak kpan gw punya gebetan jgankan gebetan org suka aja gk ada",fear
1382,gue liat 3d mv aishite aishite kok takut ya,fear
6928,"sebelum dewasa udah sendirian kemana mana, gaada yang bisa diajak nemenin soalnya sampe akhirnya sekarang kalau mau minta temenin gaenak takut ganggu akhirnya sendiri lagi, my sad life",sad
5671,"orang yang suka berkata jujur mendapatkan tiga hal, : kepercayaan, cinta, dan rasa hormat",neutral
1638,kaget gw jelek bgt tolong,fear
12342,"aku kagum sama kegantengan inseong dari dulu, bahkan ketika dia masih remaja dia udah keren bgt jadi ga heran yaa kalo fansnya banyak. Aku cinta banget sama inseong, dia bukan cuma tampan, tapi juga sangat baik, aku suka sama sense of humor-nya yang kocak dan kalo dia bahagia aku bahagia juga. Aku selalu setia sama inseong",love
6907,hahaha iya nih malu malah gak bawa jeans lagi :'),sad
8591,"entah kenapa aku teringat orang tuaku, sedih banget",sad
6406,rasa tetawa lwn sedih ih meingat sisa libur sehari aja lagi sampai tanggal 20,sad
9074,"kenapa aku yang harus membaca buku yang masih on going, aku kesal banget",anger
1179,jangan panik jangan panik,fear
5448,pake popsocket enak ga si? aku belom pernah coba soalnya wkwk,neutral
5078,"sebelum reply ada baiknya mengerti dengan arti homebase dll, mas. daripada terlihat bodoh. ambil contoh, persija dari jakarta, sleman dari yogjakarta, apakah keduanya pernah bermain di rumahnya sendiri?",neutral
8648,"siapa tau aku lagi gak enak pikirannya, ya sudahlah, aku harus belajar untuk mengerti diri sendiri",sad
5175,udah dibikin malu lewat sosmed terus dengan gampangnya mau diajak balikankalo ga bodoh apalagi namanya?,neutral
10142,"oh my god, aku takut banget",fear
689,lepaskanlah hati dan pikiranku dari keterikatan yang menjadikanku mudah marah dan berkecil hati,anger
11147,"aku malu banget deh, ngerasa kehilangan seluruh akal sehat",fear
6525,"sedih tengok orang argue pasal islamic financing menindas. dia sama ja, ada la beberapa manfaat untuk orang islam. tapi basically sama ja, cuma ditukar ke term² arabic sikit. total pembayaran balik sama/hampir sama ja dengan konvensional punya. benda cari makan..",sad
12372,"selamat pagi, selene mau ajukan si tristan karena cocok sama kriterianyaa. dia keren abis, suka banget kasih ciuman dan afeksi, he is full of love and very affectionate. dia penyayang banget bangett dan perhatian. dia akan merawat",love
6488,sedih si soalnya w mau maraton manifest ama bulgasal tp gjdd truss,sad
10145,"hujan makin deras, ngeri jadi tinggal di rumah, terus terang aku cemas, sih, bingung mau ngapain deh",fear
7154,"seru banget kan prenjon zer, aku bahagia banget",joy
10592,"ah, capek banget kalo tiap hari di terorin proposal mulu, jadi takut",fear
6610,sedih amat dh,sad
11688,"weekend emang harusnya me time aja, aku suka banget nonton drakor bareng indihome pake layar lebar, kamu mau nonton apa bareng?",love
4349,si bebe apa kabar ya?,neutral
1884,"kemarin ada yg menyandingkan bung karno dengan munarman, sekarang giliran haikal ngoceh ttg bung karno. kelihatan terstruktur dan sistematis. ada nuansa adu domba (supaya pdip dan nasionalis lainnya ngamuk). ada pula nuansa mengaburkan sejarah. ngeri..",fear
10881,"malu banget kalo curang, gakutung-utung nih",fear
2494,",, ayok semangat jaga kesehatan maka minum istirahat teratur dan asupan yg bergizi jgn lupa selalu bersyukur dan berdoa setiap saat alhamdulillah aamiin yaa allah yaa rabbal alamin,keren nih pak mentri bumn erick thohir semangat sehat pak,",joy
5947,"sepi bangett iyaa, kayanya sih paling fanlive sm cb. tapi klo ada schedule lain apa ya hmmmmm",neutral
3036,"manajer kayanya. suka bikin planning sbnrnya walaupun sering banget dipatahkan sama keadaan, stay strong",joy
5777,"aku suka dari rg sama pahamify sering ngadain gratis, trus ig juga banyak tapi ribet banget syaratnya suruh share grup kadang",neutral
845,ngeri kieu euy gg tilil idiot bego bodoh,anger
8734,"kenapa ya pacar ku di rebut batur? ya jelas kan aku senang dengan keputusan yang di buat oleh allah, aku gak akan menyesal lagi kalau dia memilih untuk berpisah denganku.",sad
7967,"aku bingung kenapa aku bisa gagal terus, apa yang salah?",sad
10676,"jangan di cekakin, nanti kena mix sama cakar",fear
7340,"semoga yang menderita penyakit kanker segera sembuh, ya Allah",joy
11954,"jadi ga suka sama hal yang lambat, ga pengen tunggu lama-lama",love
10421,"oh no aku salah upload, malu",fear
7137,"yeay akhirnya libur, aku happy bgt gaes",joy
2964,sbb aduu tegang gitu ye wkwk,joy
2529,"selamat pagi mots, karena lagi g enak badan, makannya ginian. semangat.",joy
5772,"dia susah diajak cerita, anaknya lebih suka dengerin cerita orang lain. jadi, ya dia bakal ovt, ngeluh, atau apapun di twitter nya karena dia ngerasa lebih nyaman cerita di priv daripada ke orang lain, ya walaupun bakal dilihat juga sama orang",neutral
1048,namanya plot hilangnya maksa.. ntah mrk mau akhiri dgn seolah2 ketemu aja atau dibuat hilang tbw sampe yg punya raga balik.. cuma kmrn aja ku nonton udh kesel bawaannya..gak suka banget sama plot hilang ini..,anger
7045,"kurang suka kadang wkwk kalau udah cerita berarti udah bingung banget. mending di omongin langsung ke pacar, di cari solusinya sama sama. kadang kalau berantem tuh kalau kita sebagai pacar pasti bisa maafin dan ngebucin lagi tp kalau cerita ke temen, belum tentu mereka bisa",sad
1960,"langsung aku unfoll loh, ternyata alasan orang2 pada ga suka sama dia sekarang jelas banget orgnya bikin ngerian",fear
2530,bolehkah aku dapat kata semangat darimu,joy
8429,sedih banget ya gini kejadian nya??,sad
4917,halo pahari samandiai ada kabar gembira nih bagi para jagoan badminton di kalimantan gass skuy !! ramaikan perebutan piala kepala bnnp kalteng pada turnamen badminton se-kalimantan tahun 2022 dalam rangka hut bnn ri ke-20.,neutral
9325,"kalo ditanya aku nggak seneng sama jawaban yang dibawain sama temen-temenku, aku cuma ngangguk2 doang. terus mereka bilang ini-itu, aku keluar karena army banyak banget yang to*ic. suka mancing keributan. aku berpikir, halah, apa nggak salah? bayangin, sakit hati nggak digituin padahal mereka jelas tau--",anger
5901,iya ya kaya kaget gak si atau sedih seneng apa gimana,neutral
8286,"aku capek bgt, pengen marah sama siapa gitu :(",sad
4259,seperti nya akun saya juga dibokir,neutral
10793,"ngga mau limit, cobaan terlalu berat",fear
10870,"apapun selain romance. :) tapi kalau horror jangan yang hantu, aku takut sama hantu",fear
5656,"ok dah tu, sorg marah ss akhirnya jd org kuat ss, sorg marah dsai at the end mntk kerusi..tu la cinta itu buta, mula2 gaduh, lps tu suka..",neutral
6097,gpp sedih aja,sad
5907,"setelah kita ke psikolog biasanya nih.. kita ke trigger lagi ke masa lalu yang bikin kita sedih, takut dll. tapi disitu kita juga sadar, oh iya ya diumur segitu gue udah kaya gini, udah kaya gitu..",neutral
7373,"aku ngerasa nggak ada up lagi, terus badan ga enak banget mulu, tapi di sisi lain aku banyak ujian praktek",joy
2978,semangat ya dirimu tak takut tetap berjuang,joy
11156,"kepengen banget main ke luar tapi ga ada yang tau aku ke mana, aku takut gitu",fear
11713,jatuh cinta sama ice cream walls vanila strawberry,love
6721,anjir sedih udah deh ini mah sn udh berasa ga lengkap lagi,sad
7842,"pagi juga mbk yg cantik, cerah kayak matahari pagi",joy
8264,"pusing banget, tapi suka, sedih jadinya ya ga kesampean",sad
11048,"baper banget sama pacar, pengen segera jadi pacarannya",fear
3138,bangun2 demger kabar jimim sembuh tuh bahagianya,joy
8325,"sepi banget di udara, bingung juga gimana nanti",sad
12510,terjadi beberapa kasus yang salah. Saya sendiri mengalami dua kali. Kondisi yang menyedihkan. Tapi bukan hal yang biasa. Saya sendiri mengalami dua kali. Kondisi yang menyedihkan. Tapi bukan hal yang biasa. Saya sendiri mengalami dua kali. Kondisi yang menyedihkan. Tapi bukan hal yang biasa. Saya sendiri mengalami dua kali. Kondisi yang menyedihkan. Tapi bukan hal yang biasa.,neutral
1826,nemu menfess yang gua banget. tapi ragu mau rep..,fear
5548,"jangan pernah lelah dan putus semangat, karna ini derby della madoninna,milano siamo noi,momen derby della madoninna kapan yang tak terlupakan buat kalian?,",neutral
8785,"rasanya mau ngamuk banget, gimana gitu manusia aja",sad
560,tolol bgt asu,anger
11092,"aku pengen ngomong tapi bingung, ngeri nih, haha",fear
8435,"gimana ya rasanya, sedih banget",sad
5435,"random facts 1. cinta mati mtk wajib minat kalau kimia cuma suka aja 2. senang bikin nama panggilan aneh buat teman dekat 3. mudah mules 4. temen gue banyak yang sesat, krn gue tp 5. mau jadi anime,",neutral
4437,aku minta maaf karena memberitahu semua orang soal ibumu aku kangen menjadi temanmu kau baik-baik saja? aku melihatmu lily,neutral
8597,"ga enak banget, beli skincare mahal harus tunggu bulan depan, mungkin aku beli yang murah aja",sad
1442,bikin kaget anak orang,fear
8453,"ya allah farr, ikut berduka karena kematian kcg fara. Jangan sedih ya, nanti meng ikut sedih.",sad
4406,udah normal lagi dong,neutral
12009,"jatoh hati, aku suka banget sama dia",love
1689,kaget loh kak msi pgi,fear
12435,"akhirnya ada produk skincare yang bikin aku jatuh cinta, apa sih sebenarnya yang bikin gini?",love
9917,"jadi nggak enak rasanya ditipu, bgtu gara-gara orang-orang yang mengatasnamakan kepentingan masyarakat, tapi nyatanya cuma iseng-iseng aja, jangan pernah percaya dengan mereka",anger
11317,"jgn malu deh gw, chat aja sama gw, aku sayang banget sama mu",love
5962,txt members jg lagi pada sepi sepi ae keknya lagi ada schedule y kemaren,neutral
2496,"happy birthday vale, bahagia selalu ya!!",joy
10308,"ada nad, tapi malah takut marah, ya udah, maklum ga pernah marah-marah",fear
340,pe yg kau benci sangat siel ngan aku,anger
2408,yaudah semangat,joy
9793,"kayaknya swnya ga asik, sering update tapi kontaknya ga terhapus, aku ngerasa diperas",anger
10507,"malu banget sama temen-temen, ngeri aja",fear
5782,inisial orang yang lu suka dan sayang ?,neutral
4576,"halo bpk/ibu, mohon maaf atas ketidaknyaman yg dialami. utk perihal tsb dapat dilakukan pasa menu ""pesan"" ya. bpk/ibu dpt juga melakukan tracking melalui link yang dikirim ke nomor ponsel melalui whatsapp atau smsnya",neutral
3725,"betul, aku suka banget spongebob aku mau jadi patrick",love
2785,thank u ya brill. aku ga nyangka bakal ada yg baca twittku wkwkw. semoga aku semangat melakukan apa aja kecuali scroll2 hp. wkwkq.,joy
9715,"gemes deh, apa iya bisa lepasin gue? beneran aja gitu?",anger
1012,"makanya gak suka banget kalo udah ikut campur, krn bukan bikin benar dan menenangkan, malah campur campurin makin awur awuran. i lost respect to you since years ago. so shut up",anger
5280,"bigbang alive tour 2012 emang udah lewat, tp bwt para vip yg mau koleksi aksesorisnya jgn khawatir langsung cek favorit kami aja =)",neutral
4895,"summit adalah konferensi untuk pengembang, peneliti, dan pembuat yang membangun summit akan menjadi kesempatan luar biasa untuk belajar dan terhubung dengan para pemimpin puncak di space",neutral
9958,"kira-kira apa yang bikin marah gini sih, jadi gemes",anger
7121,"ada badutan keren semalem, badutan semangat buat hari ini",joy
6549,bukan lockey tapi sedih bgt denise hengkang dari secret number. menurut gue denise dan monday vocal terbaik di gen4 sih (menurut gue ya jgn salty) ditambah lagi mereka dari company kecil,sad
4037,denger lagunya def sunset with you keputer di epicure semarang.. kaget.. dan bangga kwhskshssks ily bestie,love
148,atheis punya rasa benci? kirain umat beragama aja. lalu apa bedanya :)),anger
285,"apasih bawa2 tahun, tolol",anger
12164,"aku nggak suka disebut tukang, panggil aja sayang",love
8555,"gimana gitu pagi ini rasanya sedih banget, ga tau kenapa",sad
10575,"mampus aku nih, gak ada yang baik-baik cuma aku",fear
9732,"hiks pagi-pagi emosi, ga tahan mulu",anger
6770,"sedih si aku, kan malem hpnya dah disita lagi, dahal sedihnya + overthinking nya malem, terus gimana",sad
4443,spill saja mint,neutral
7446,"semangat nov, yuk kita bisa!",joy
236,minta nak makan macam2 minta la suami ko. minta org lain suruh beli pulak. bodoh,anger
12085,"adik aku cinta jkt48, nih kesempatan untuk nonton show theater jkt48 sama dia, harus nungguin ke mana lagi?",love
7123,"halo my lovely, aku ga apa-apa kok, lu juga semangat yaa",joy
10505,"bener, gue juga baru d-unfollowin 10 org. bikin kaget",fear
12043,"aku suka banget sama Adin, lucu-lucu, gemes banget",love
3083,"buat kalian yang butuh epha app prem yg murah, fastrespon dan suka kasi promo, aku opres batch 2 sampe full member nih! mau intip pl atau mau nanya2 dulu? bisa banget! rep aja nanti kuketuk dm-nya ;3",joy
10294,"rasanya bgt malu sendiri kalo ngomong di depan orang, padahal aku bukan yang malu",fear
632,"dah tetiba kaitkn malaysia si bodoh libertard ni, takde lagi genocide di malaysia spt berlaku di papua sekarang lol",anger
6813,"jd rayyan positif guys, sbg tante yg lemah ini gbs bgt denger berita keponakannya sakit hh sedih bgt gbs bantu nemenin anaknya blm bangun jd blm dikasi tau aa gatega",sad
2493,nugget dan sosis rebus itu enak ygy,joy
2665,hello adek kesayangan nuna selamat dirgahyu! yeayy adek nuna udah makin besar sekarang semoga lebih bahagia lagi dan lebih manis lebih tampan mempesona,joy
10686,"gini aja ya, ayah di berau lagi, lagi konflik antara dayak dan bugis, khawatir keadaannya, handphonenya g aktif di tlf, ayah :(",fear
10760,"nyesel deh ngeposting foto, pas sidang kelar gak enaknya jadi cemas",fear
10593,"mau ngasih saran, aku bingung apakah itu hal yang baik untuk dilakukan",fear
10060,"waduh, banyak sekali rest yang ga balik, aku takut bgt nih, moga2 cepet balik yaa",fear
10658,joonyoung.. paling menggugah rasa takut dan sedih,fear
4211,"sabtu ini sudah jadwal bersih-bersih kamar kost karena berantakannya luar biasa. klora di sini, sudah memasuki usia kepala tiga, tahun ini.",neutral
9686,"udh dari pagi gak mood, udh dari main ml jadi emosi, aneh deh ya",anger
3874,"mumu suka banget makan.. kita makan bareng.. aku masih kenyang, dia bisa udah makan lagi wkwk. terus dia suka kasih kejutan.. inget hal hal kecil, yang aku aja lupa :""d selalu nanyain hari ini ngapain aja.. padahal sepanjang hari juga chatting. suka ngerjain aku wkwk",love
9424,"apa lagi sender tolol bikin emosi pagi2, ga abis pikir",anger
2817,saya merasa bahagia karena pelaku usaha?mkm disana mendapat penuh dukungan,joy
10392,"khawatir banget deh, ga mau pikirin",fear
12365,"hmmm, aku suka aura mark disini, walaupun masker diwajibkan",love
11439,"kalau cinta, jujurlah ya. Jangan bilang suka-suka, kalau cuma suka cinta orang lain. Jika kamu suka orang lain, jangan pakai cinta yang kamu punya. Jangan bikin orang lain merasa dirinya jujur padamu, padahal kamu cuma suka orang lain.",love
7426,"baca cerita ini deh, udah banyak yang kasih review jadi ga ada salahnya. Tapi kalau kamu suka drama ringan & fresh ini cocok banget sih.",joy
10830,"alamak malu banget sih, baper",fear
10662,"aku khawatir ga bisa ulti flicker ruby, karna malah flicker ke depan karna bingung pencet mana dulu, malu banget iya",fear
11586,"keren banget pembahasan ini, gue jadi tertarik sama kpop bukan cuma karena penggemarnya tapi juga sejarahnya",love
9777,"gemes deh, orang yang ngomong gini pasti ga tau apa-apa, sih",anger
1735,"serius, jadi kaget gue",fear
7397,"sejak kecil, orangtua mengajari kita tertawa, tapi kini kita sudah dewasa sering lupa membuat mereka tersenyum bahagia",joy
4255,oh tentu saja,neutral
10418,"jelas-jelas ini jebakan sih, tapi kok aku masih mau terjun? kenapa ya aku malah makin ngeri-ngeri sendiri?",fear
2475,dan kau jadikanku ratu dikerajaan cintamu agar akupun bahagia hidup bersama denganmu selamanyaa a,joy
12578,"makan udah? udah. mam nunggu aja, aku khawatir. .. nes kamu merasa rumah kita terlalu sepi ga sih? iya. tp gpp, kan udah biasa. kamu kesepian ga, sendirian di rumah? gaada temennya. hmm .. kadang. tp kan aku bs main ke rumah temen. .. mam ini ada apa sih?",neutral
3713,seru banget pembahasannya!! yang suka kpop jadi gak sekedar demen oppa koreanya aja tp sejarahnya juga kudu tau buat nambah wawasan,love
11299,"aku suka banget sama layoutnya, thanks ya",love
1804,kaget kirain bakal zonk ehh ayang pulang,fear
707,"yg dari kota sebelah kena penjara 8 bulan denda nya 20 jt gegara kerumunan lah yg ini??..kok bisa ya, maaf sya org biasa yg bodoh gak ngerti..atau jangan2 sya ini yg dibodoh2in ama yg beginian ya?",anger
11575,"baju yang aku pakai wanginya keren banget, baju yang aku pakai wanginya keren banget, baju yang aku pakai wanginya keren banget, baju yang aku pakai wanginya keren banget",love
5189,"jika istrimu membuatmu kesal sekali lagi, tahan sabarmu lagi. jangan pukul dia. kalo memang sudah di batas kesabaranmu, kembalikan dia pada saya. saya siap untuk menjadi satu-satunya lelaki yang mencintai dia sekali lagi.""",neutral
10956,"nggak mau ngerjain tugas samsek, takut numpuk tapi malah males",fear
5472,jadikanlah dirimu alasan orang lain tersenyum bahagia. :),neutral
72,hahah bangsat,anger
7843,"akhirnya aku bisa ngelakuin yang aku mau, aku happy banget",joy
5101,bengong bego,neutral
6764,"sedih mat,5 season takda cup",sad
9382,"oalah, masih pagi aja udah bikin marah",anger
1125,"dan yg emng belom tau banyak lah tentang dunia ini gitu. tapi gw ngerasa sedih dan marah aja, gatau deh rasanya campur aduk. ini aja ngetik sambil nangisssss, gatau tapi nyesekk bgtt rasanya. apalagi kalo ada yg hate² komen gitu ke win, gw bnr² gasuka gw sakit hati anjj!!.",anger
1241,panik banget tadi twitter gua ga bisa di buka,fear
10374,aku pengen poca sama moust tapi takut jadi malu dan ga nyaman,fear
2349,"sepanjang perjalanan hidup ini , terlalu banyak perkara aku lalui banyak juga kenangan yang telah tercipta , aku harap dimasa akan datang aku hidup lebih bahagia .",joy
6602,iya ini mah gpp kak menunda dlu karna ada alasan tertentu stdkny kdpn jg bakal pgn pnya. beda cerita klo yg bnran menolak rezeki alias kehadiran anak itu yg jd topik diskusi. sedih si tp ya itu hak mereka scr agama jelas tdk diperbolehkan.,sad
6780,"sama kak gw juga dari semalem sampe kebangun pagi² buta tuh karena itu, mikirin komentar² orang² itu, pada jahat² banget tau ga komenya, ada juga yg ngomongin win gw. sedih bgt gw asli, dari tadi aja rasanya badmood bgtt anjirr",sad
9769,"udahlah, ga usah bales lagi, ga sabar sama orang yang nggak tahu batas. Aku kirim dulu pesan ini ke rumahmu. Kasih tau, aku marah banget. Nggak ngerti, mengapa kalian masih bertengkar. Jangan saling menyalahkan. Aku mau kalian segera tahu, aku marah. Aku tak sabar, kalian terus-terusan bertengkar. Aku ingin kalian segera tahu, aku marah. Aku tak sabar, kalian ter",anger
4358,heran banget langganan luka kena pager kosan kalo mau mudik hari hari biasa (alhamdulillahnya) gaperna padahal,neutral
1343,ak ya pengen coba kenain air tetap sj takut,fear
12583,"join aja yuk, ga pake follow",neutral
10933,"gua masih kaget kok, aku baru sadar nih",fear
12069,"aku suka banget akumo no ko, jadi rasanya pengen ngerukapin dia",love
8632,"nderr udah diterima kerja di perusahaan ternyata penipuan, sedih bangett ya",sad
6652,:((((( apa w harus mute p word ya. sedih lg hemat tp penven jajan,sad
1100,"sayang nya gue kalo bucin ya mau secakep apapun cowo lain tetep liatnya elo hahah sedih bgt jd cewe ye, knp bucin tolol semua",anger
9160,"beneran? ngapain sih poligami dibolehin? rasulnya juga poligami, tapi bukan sama muda-mudi, tapi sama janda. buat melindungi mereka, bukan buat ngewe halal. ga bisa ga bisa",anger
8841,aku suka banget tapi gak pernah dinyantol :(,sad
9738,"mending jangan ngecewain orang yang bener-bener suka sama kamu, ga usah sok keren. gemes banget.",anger
7327,happy birthday valee !! semoga kamu selalu bahagia !!,joy
7622,"semangat ya mbak, kita bisa",joy
987,ya terus kenapa? ga suka? iri? dengki? ribet banget yak ada orang asing bikin konten karena lagi pramusim di indo terus dikomenin nyari engagement? terus harus ngapain? ga posting kegiatan pramusim mereka? manusia ribet anjir.,anger
2852,semangat teruss kapanpun itu,joy
8853,"gak mudah buat aku terima kegagalan, ya butuh proses, tapi akhirnya aku bisa melupakannya",sad
630,emang gak bisa kalo urusan yg menuntut kinerja profesional tuh libatin keluarga. ngegampangin bgt. mau marah jg rasa gak enakannya masih kentel. ntar yg ada ngaruh ke hub keluarga.,anger
1249,panik banget tadi ditanya tanyain guru bk,fear
3179,kemaren nangis kangen jimin skrg dapat kabar dia sembuh puji tuhan banget,joy
482,nangisin cowok muka pas2an dan attitudenya jelek is another level of tolol,anger
9776,kenapa laki-laki bisa tergoda sama perempuan lain? tahan diri. jangan jadi poligami. kalo poligami tuh gimana? istri yang jelek bakal kena kecewa dan ditinggalin. kenapa laki-laki punya otak ga dipake?,anger
9654,"semua orang gosip ahok, itu udah lumrah sih",anger
3040,allah kalo ngasih surprise suka banyak banget jd terkejutt bahagia ahaha,joy
5010,"si anak tunggal yg apa2 semua keinginannya harus diturutin dan terpenuhi, klo gak diturutin dan terpenuhi auto marah dan nggondok = aku.",neutral
10999,"ahhh ngeri banget deh ciuman mika di kebun, aku kira cuma ciuman biasa aja",fear
7000,cinta memang rumit dan menguras energi jiwa raga hati hidup w :(,sad
3273,"huaa bagus aunya aku suka, simple, lucu, sedih ada semua gpp ga dpt maliknata jadian wkwk",joy
7227,"yah jadiin aku jual kue aja, biar lancar jualan. fight! :D",joy
3683,"ini adalah era wonwoo ganteng dan manis banget huhu, suka svt gara2 lagu ini trus lgsg tertariknya sama wonwoo karena ya emang ganteng pas disini",love
6674,"hanya dirimu yang bisa membuatku tenang, tanpa dirimu aku merasa hilang dan sepi, dan sepi.",sad
6807,ikutan sedih,sad
12264,"kebiasaan suka posesif banget ya kasur, ga kaya aku.",love
1316,kaget.. masuk topik,fear
3225,kabar bahagia banget pagi ini,joy
1072,orang normal sarapan nya makanan lari nya ke perut lah kita pagi pagi sarapa bikin kepala kejang !!,anger
4815,"andaikan saja aku tahu, kau tak hadirkan cintamu. inginku melepasamau dengan pelukan",neutral
10638,"eh gue lagi diceramahi nih soal kejahatan seksual, gua kepikiran terus, gua bisa bayangin betul-betul, kan gua bingung gimana nanti? gua mau baliin ke ortu? tapi gua pelaku, dan emak gua korban, yang bikin sedih nih gua masih trauma masa kecil yang masih",fear
9852,"ga tau gimana, mungkin marah aja",anger
5752,"jujur kak, aku orangnya paling gabisa dan gamau baca fanfic yg nama artisnya diganti, sekalipun ada face claimnya, tetep aja gabisa, bayanginnya susah.. tap.. - seneng banget kamu suka aku jg kadang buat mereka ga ooc sihh biar lebih bis..",neutral
11512,"micchi riko sama-sama pilihannya jadi aku suka bgt sama mereka berdua, mereka berdua pilihannya juga aku suka bgt",love
4616,sadar ga kadang suatu yg kita genggam bisa hilang begitu saja. -bunda.,neutral
3097,"iya bangett, tapi no wonder sih. mama pas masih muda cantikk banget. pas baru kerja pun, katanya banyak atasannya yg suka. kalo liat album mama pas masih muda, beuh mau nangiss cakep banget mama sama temen-temennya juga cakep-cakep",joy
11879,"cewek cinta itu suka kebangetan, apalagi pas putus. susah move on banget, cinta yang tulus itu",love
6869,maaf ya gais aku bodoh,sad
1300,kak wkwkkw aku juga bingung takut akun sopi di report atau gmn2 huhu,fear
7285,"semangat yaa, apa pun pekerjaan kita yg penting halal, jgn menyerah dan terus berusaha, insya allah kita akan berhasil",joy
6284,hah serius out? gua ga ngikutin sn sih cuma kan yg gua tau mereka baru tp sedih aja ko udah ada yg out,sad
11162,"suka banget threading, kalo udah buat thread jadi makin seneng",love
5495,legowo itu adalah semangat.,neutral
5291,ngapain takut buka 1st acc kan aku punya allah,neutral
9600,"dari 15 match competitive, aku cuma menang 4, ga jago mending uninstall lagi aja udah, emang gk berbakat",anger
10037,"aku agak ngeri malemnya, bingung ga sih",fear
1798,ngeri brodi kapal sebelah,fear
9667,"pantesnya kagak dijawab, pertanyaanmu bikin kagak ngerti",anger
5203,"dua mode satu ekspresif satu diem. kalau ekspresif berarti masih biasa aja, kalau udah diem berarti udah marah bgt",neutral
8227,"eh gue ikutan sedih, Denise udah keluar dari Twitter",sad
5047,"hanya orang bodoh yang mati demi cinta, aku akan bertahan hidup untuk cinta. - ryo saeba",neutral
6441,apaansih ko jd sedih,sad
8636,"sedih banget ya jeruk, tapi tetep nggak apa-apa, malah menyiksa sariawan",sad
8105,"maaf, aku harus mengakui bahwa aku sedih sekali, tapi apa boleh buat? Aku harus melanjutkan debutku dengan kisah baru yang mungkin akan mengubah ceritaku 360 derajat. Aku akan menjadi lebih ringan dalam alurnya, tapi maafkan aku dan tunggu cerita selanjutnya ya",sad
2359,jangan terlihat begitu sedih minato. aku bahagia. kebahagiaan itu karena kau mencintaiku -kushina-,joy
11813,"jae kau yang menyelamatkan hidupku, aku sayang kamu",love
3654,lagi suka bgt sama muka aku akhir2 ini sehat banget padahal aku lg haid,love
7052,padahal tinggal bilang maaf aja udah cukup bikin gua buat biasa lagi kok :(,sad
1286,"selalu merasa gaenakan padahal sebenarnya udh gakuat.. merasa takut kalau orang lain tu engga puas dengan hasil kerja kita,, kenapa sii mikirin perasaan orang mulu heh",fear
11487,"aku suka banget sama konfliknya di buku terakhir, lucu bangettt",love
4445,seperti biasa,neutral
2137,"optimis bisa, semangat pak! menteri bumn erick thohir ingin harumnya aroma kopi indonesia bisa tercium hingga mancanegara,",joy
6787,sedih nya statement ni,sad
9873,"buat kali ini aku nggak ngerti sama cara berpikirmu yang jelas-jelas vara lagi hamil, goblokk, dan satu lagi buatmu zara aku tau kamu kaget, kecewa sama k-kamu, tpi dia lagi hamil anjritt dan kamu gatau alasannya kenapa k-kamu ngelakuin itu semua anjing emosi bngt aku",anger
12284,"haha yess aku suka banget sama dia, heheh",love
10711,"gue cuman takut terlalu menyukai lo, gue khawatir jatuh lebih dalam ke cinta, gue cuman takut, gue cuman takut",fear
11283,"akhirnya aku suka banget, happy abis",love
6894,"terkadang aku bisa marah, bingung, sedih dan ceria tak kenal hari dan waktu. aku sadar itu dan aku menyesuaikan. mungkin yang paling sering terlihat ketika aku berada di kerumunan banyak orang adalah warna-warni (ceria). tapi sebenarnya aku memupuk warna hitam, putih dan abu.",sad
9884,"nyesel bgt ngejar2 temen w yg sakit, gatau apakah dari sekolah atau c word, tapi w yakin warga sekolahnya sakit massal",anger
11547,"album itu keren abis, aku suka banget sama kemasannya dan aku yang suka koleksi album",love
8564,"jadi nyesel banget, w punya niatan baik tapi gak bisa diwujudkan",sad
7151,"selamat pagi semua, semoga hari ini menyenangkan",joy
963,emang gublug sih org2 yg suka banget masang lampu2 led begini dibelakang mobil. dia ga tau apa bs bahayain mobil belakang nya kalo malam apalg di tol. biasa bawa angkot kali ?,anger
6012,"selain kecewa, gua juga rada heran eib ini dari awal banyak aja yg nimbrung baik yg sok paham, ga sesuai konteks, dll. mulai dari persoalan gaji volunteer dsb sampe akhirnya eib dihentikan. tapi it's oke gua salut sama sikap sebagai penikmat karyanya.",neutral
4882,"benda normal, nk malu apa",neutral
140,aing macan marah?,anger
11360,"pol aku suka banget chapter best friend to lovers troops, sumpah gemes banget, gimana ada anotasi mcnya huhu. rekomen pol ini buku!",love
8906,"jangan mon, jangan sedih ya, hehe",sad
6936,"rajin kerja ngga, kalo punya semangat kerja yg tinggi mah gapapa :(",sad
6542,"lockey tetap semangat yaa gua baru buka twitter udh dibikin sedih, karna gua yakin sekarang lockey gak baik aja please jangan terpengaruh dengan hal negatif yg bikin kalian jadi semakin sedih, intinya keep sopport secret number dan denise apapun yg terjadi",sad
5243,apa takut dengan imbas politik akhirnya hukum hanya sebatas lambangkah ?,neutral
10030,aku ga kuat ga ngeh,fear
4431,"kritik buat faisal bakri, oligarki ini sdh ada sejak orde baru, jgn di framing hanya ada di jaman jokowi saja, judulnya saja sdh tidak jujur",neutral
11563,"ibuku adalah wanita terbaik di dunia, dia selalu dekat dengan aku dan memberi perhatian padaku. Dia selalu berada di sampingku saat aku membutuhkan bantuan dan keberadaannya selalu membuatku merasa nyaman. Aku sangat mencintainya dan tak pernah bosan menulis tentang kebaikan hatinya.",love
406,bodoh kau emang.,anger
8212,"ga bener tuh, ngapain digaji? kok sedih aja gitu",sad
9196,"emak cantik banget, biasanya aku rada kacian, kacut, dan kacau, gimana sih jelasnya?",anger
10530,"jeng jeng nih soal UTS-nya, takut sakit ya",fear
10862,"jujur aku juga khawatir, inget banget ketika 3 minggu lalu aku sakit",fear
9135,"siap gaes, aku marah banget, mau nyalak aja",anger
8234,"hiks ternyata aku emosional banget, nangesin lagu sedih fromis9 sampe jam 2 pagi, padahal bukan lagu sedih",sad
4399,"1. empire of corpses, ceritanya tentang ilmuan yg berusaha buat ngehidupin lagi orang mati, tapi tentu saja orang yg dihidupkam itu gak sempurna jadi dia melakulan perjalanan buat mecahin misteri terakhir dari penelitiannya",neutral
5252,grgr teminum kopi kah jadi gugup tadi?,neutral
11,silibus kita memang kbat gila babi. bodoh yang buat silibus ni. learning should be fun.,anger
4760,"niatnya mau bersihin tp malah lepas bagian yg ada di keycapsnya.. utk lubang d keyboardnya normal..coba ganti pakai huruf yang lain tetap connect sih, masalahnya cm yg di huruf d itu ajaa.. kira2 ini bs di solve ga ya? thanks min",neutral
1177,proyek dibalik kepanikan..atau panik dibalik keproyekan,fear
10139,"baper deh klo om gw dateng, takut gw kena kabar gembira gitu",fear
2863,"hallo makjii. goodmowning, dah bangun belum? semoga hari ini berjalan dengan lancar yaa mak. bahagia selalu dan sehat selalu tentunya. semoga hari ini ada rezeki ku dan bisa pakai . have a good day",joy
6471,"dan akhirnya kita berdamai. sadar tidak bisa bersama dan tidak bisa mengulang kejadian yang sama pada waktu itu. sedih si sebenarnya, tapi kalo ga gitu nanti guanya yg ancur lagi heheh",sad
6228,sedih suffer kecewa,sad
9218,"buang aja, ga ada manfaat, ajaib, emang ngapain?",anger
2989,wkwk panik u?,joy
9153,"wanita ini nggak bayar tip karena di ghosting dulu, aku marah banget",anger
7117,"yeay akhirnya weekend, semangat deh buat hari ini, berjalanlah dengan kebahagiaan, ya! :)",joy
7010,"kalau abis mandi trus ngaca kadang suka mikirr, gila sih muka gw mirip alien banget :(",sad
10773,"anna takut banget keluar rumah, dia takut terjebak di suatu ruangan atau situasi yang ngga familiar. jadi susah ya ges si anna gaboleh keluar rumah dah intinya.",fear
8927,"ngeliat portofolio ijo tuh berasa senang banget, tapi giliran liat dompet kosong aku jadi sedih anjir",sad
1440,takut banget buka wa.,fear
12277,"aku sayang papi yang kerja keras sampai malas, tetep ngeyeel, papi suka yang manis-manis :d apa lagi ya",love
2875,sing semangat mbake..,joy
9108,tweet yang sangat menghadeuhkan.. bego dipiara kagak beranak dodonk!!!,anger
11450,"mata pertama kali jatuh, kemudian hati ikut jatuh, jatuh cinta, jatuh hati",love
11073,"ya lo juga pusing deh, aku takut juga",fear
7232,"semangat banget belajar kimia, tapi beliau ga dateng, gue nangis sih",joy
3726,"suka dua2nya, maruko feelnya anak2 banget sopan juga trus si jadoo lumayan bandel ga sih dia tuh wkwk",love
2772,semangat ya mbak..,joy
9816,kenapa sabtu selalu nggak beruntung buat gue,anger
454,"makin benci dan sebel terhadap agama2 terutama sekali agama yg entu, udah bisanya cuma bikin susah orang, ngga ada gunanya lagi..",anger
9013,"ngga suka sama tasik, ngga suka sama jakarta",anger
8189,soobin :( aku sedih peliharaan kesayangan ku mati. aku nggak bisa berhenti menangis. kemarin tiba-tiba dia tidak mau minum lagi dan lemas juga. jika ke dokter hewan jauh dari tempat tinggal saya hanya saya. aku tidak bisa kehilangan dia :( apa yang harus saya lakukan :(,sad
1367,"kan,,bangun bangun kaget",fear
3712,"kdm ahjussi ini tuh ganteng banget walau suka dapet karakter nyebelin, jarang banget ada yang bahas dia disini huhu.",love
12415,"aku suka banget mode anak rumahan, kalo pakai kaos dan celana jeans atau training itu favorit banget. Kalo pake kemeja, apapun style nya aku suka",love
1388,"temen gue ada yang positif takut bgt soalnya kamis sama sabtu kemaren abis ketemu, akhirnya gue ini mau swab house service. doakan y geengg",fear
9042,"klo lagi ngomongin soal ini, orang sengaja ngebahasin gak paham, wkwkw",anger
1000,"honestly im not the cheerful type orangnya lebih suka diem, kalo ngga penting males ngomong, ngga mau sok asik juga. but.. karena tuntutan peran, jadi sok baik deh haha lucu banget maksain buat two-faced, kesel juga sebenarnya",anger
7761,"semangat yaa, pastikan semua sesuai dengan peraturan ya, good luck ^va",joy
3553,awalnya gua balas story junior berkedok senpai gua kan terus gua tanya bilang bagus gak dia bilang bagus banget dan sekarang gua malah betul2 suka sama nih anime huwaa ngakak terus,love
4114,"hai, apa kabar ? ak harap km baik baik saja disana",neutral
9829,"lah gwinam, gimana kalo itu semua orang mati, kita bisa hidup?",anger
1667,gue kaget bgt,fear
3173,alhamdulillah pagi2 dapet kabar baik,joy
9539,"ga sabar deh ngeliat tweet lucu, soalnya gua suka ke refresh sendiri, ga sabar bgt",anger
11834,"aku suka banget sama spaylater karena bisa belanja terlebih dahulu lalu bayar nanti pas gajian. Contohnya belanja ini pakai spaylater, enak banget gaes",love
488,baju bodoh yg gimana sih,anger
3230,pagi pagi dapat kabar bahagia,joy
3828,beda banget dah raut muka orang yang suka dikasih jatah ama yang kaga,love
10895,"sabtu pagi bukannya dapat kabar gembira malah dapat kabar yang bikin deg degan alias t____t jadwal ujian sekolah sama ukk bulan depan, aku khawatir banget gaes",fear
5208,pegiat persekongkolan bangsat indonesia?,neutral
7848,"owh gile, dendamku beres, akhirnya puas",joy
5704,"aa aku ga ngerokok kak dan beneran ga ngerokok, samsek ga diem2 ngerokok, padahal papah perokok akut, terus dulu sempet di kasih rokok buat 'ngetest' tapi dia ga suka, sampe sekarang ga ngerokok. temen2nya pada rokok tapi dia tetep ngga. jadi masih ada cowo yang ga ngerokok:d",neutral
12147,"aku jenis yang suka kasih cinta tapi geli kalo di cintai balik, apa maksudnya?",love
8133,aku ga suka nangis saat berada di dekat temanku,sad
703,hidup di negara isinya kenthu doang bangsat,anger
5105,"tapi tetap para pemuja vaksin akan menolak informasi itu, shg mereka tetap menunggu dengan penuh harap go itu disuntikkan kembali ke tubuh2 mereka. dan kita yg dianggap bego. dan kita yg dianggap sok nalar. dan kita yg dianggap hoax. padahal",neutral
11196,"aku suka banget kalo jungkook pake style baju begini, keren abis",love
3291,aamiin. aku udah seminggu lebih sepi huhu tapi gpp semangatt!!,joy
8125,"iya tapi badanku nggak enak karena nge-PP terus, ini lagi nunggu teteh buat ngirimin, maklum remaja jompo",sad
9519,"temenku yang bawa gasi ngilang aja pas butuh, pagi-pagi udah bikin emosi aja, gila tuh",anger
12136,"aku suka banget, apalagi kalo kepasar, didaerahku ada 2 pasar, yang deket komplek dan yang jauh namanya pasar induk, nenek suka ngajak kesanah naik angkot kan seru gitu jadi aku suka ikut",love
11347,"aku suka dia, cinta dia, dia yang aku cari, dia yang aku impikan",love
4909,"sebenernya udah ga cenggeng ko ndii.. cuma aku sebel kalo lagi ngerasain perasaan kaya gini ndi daann biasa nya kalo aku lagi kaya gini kamu yg nenangin, tapi nyata ndiisekarang pun kamu masih suka nenangin yakan ndi ? tapi dari atas sana",neutral
4440,kmrn kepalaku pusing trs badan greges jd tidur saja pilihanku. apakah sudah makan sblm itu?,neutral
11668,"sayangnya gw, gw suka banget dengan netijen yang kayak gitu, otak detektif gw suka banget",love
986,"pasti guru gue dah ini, kaku banget sih gue kesel",anger
11628,"aku suka banget sama kamu, walaupun kadang kamu salah sangka. tapi aku tetep suka sama kamu, wkwkwk",love
11402,"gua suka banget sama keindahan alam di geiranger, sangat cantik dan tenang. sayang sekali gue gak sempet kesana kemarin",love
7705,"wow, aku kaget tapi tetep oke, aku happy banget",joy
6257,ada aja berita sedih dan skrg syukur ada berita seneng. sehat' trs kak ji,sad
6089,"asli ikutan sedih banget denise out, aku suka banget suaranyaa:(",sad
5238,dengarin musik sambil streaming video klipnya tidak takut ngabisin quota klau pake indihome,neutral
1198,ngeri ni..,fear
9710,"udah kecewa yah, ga usah lepas dulu, ga bakal benerin juga nih",anger
11412,"ya aku suka banget mikirin grup ini, gimana kalau kita pakai konsep seperti ini?",love
7519,akhirnya aku berhasil mengatasi kesedihan dan merasakan kebahagiaan,joy
6812,hah..gue sedih bgt ..,sad
9991,"eh kok ngeri gitu, ga enak rasanya",fear
9206,aku ga tau kenapa kadrun bisa jadi orang bangsat,anger
8320,"yah emang bener ga masuk? rasanya kecewa banget, semangat ya",sad
9556,"gemes deh makin kesal sama daddy, gak tau kenapa",anger
10225,"ngeri bgt, kangen pulang nih",fear
7175,"yeay kabar baik, aku seneng banget",joy
4470,gue juga gak jajan pake duit sendiri biasa minta nyokap tapi kok ini bisa ilang yaa,neutral
891,anjingg kaget bikin kesel,anger
1969,"udah mau tanggal 14 februari. tolong jangan aneh-aneh yah pas valentine day, soalnya gua gak suka sama scorpio. tolong banget nih.",fear
5757,"jadi tuh perumahan tempat tinggalku sering banget ada pengamen atau kadang suka ada yang nawarin barang gitu loh, nah waktu itu dirumah cuma ada bapakku doang karena aku sama kakakku lagi ke kampus, ibuku lagi ke warung sayur terus ada tukang ngamen kebetulan bapakku-",neutral
6527,pagi pagi langsung dapat berita sedih,sad
6294,pepagi lagi airmata mengalir. sedih aku.,sad
7595,"semangat, optimis, dan yakin banget, ya Allah pastiin aku bigwin",joy
9110,"ga bisa ngontrol diri gue lagi, nangis sampe idung mampet. Gue gak suka sedih gitu aja",anger
3249,"mobilnya mantap uiii kayak di iklan di berita, maknyuss senang",joy
6570,langit tau banyak yg lagi sedih makanya turun,sad
6638,sedih aku masih sakit padahal semalem udah minum obat,sad
7351,"semangat semuanya ya, jangan pernah putus asa",joy
11545,"air terjunnya luar biasa cantik, tapi orangnya sedikit, jadi pemandangannya pun jauh lebih indah. kalo aku, aku pengen lagi kesana",love
9400,"udah udah, ngapain lagi lu ngerjain aku yang udah stress",anger
7473,"jika akhirnya bahagiaku bukan bersamamu, aku selalu berharap bahagia, kamu adalah seseorang yang membuatku bahagia",joy
11594,"weekend aku paling seneng kalo bisa nonton drakor sepuasnya pake indihome, kalo kamu weekendnya gimana bestie?",love
10923,"baca-baca aja bukunya, jadi takut jadi seperti itu",fear
1239,sebenernya takut ajg make ava muka sendiri,fear
2289,enak banget,joy
2740,enak parah si,joy
8467,pagi ini aku gak semangat karena belum kubawa ayang,sad
4585,setahu gue founder partai ummat amien rais dulunya juga lulusan chicago university dan dia sih sah saja ngutip dari manapun,neutral
9227,"orang yang menghujat ridwan kamil itu kalian dan media, menghujatnya gila banget, padahal patung garuda yang 2t bukan keseluruhan istana negara, makanya jangan disalahkan, jangan jadi manusia yang suka menghujat",anger
1229,gabakalan ada habisnya ga sih.. takut ricuh jd keknya gak ada nder,fear
9200,"jadi marah gini bener, benci itu benci, jangan konco-koncon, jangan disamakan sama benci. Kalo marah, marah, jangan nangis-nangis.",anger
6980,enak banget tapi hanya bisa melihat,sad
5178,pura-pura bego padahal tau semuanya seru banget ya,neutral
4293,si gabisa santai kl pake blush ampe jengkelan,neutral
1058,bisnis haram nih artis indonesia yang suka banget bekerja dg uang haram hindari dan jauhi bisnisnya karaoke dll.. biadab banget mengajak masyarakat kpd hal2 yg negatif jauhi mereka semuanya para artis yg menjerumuskanmu keneraka jahanam naudzubillah mindhaliq .,anger
6262,sedih ya wak,sad
281,"terlalu cuek dan capek berantem terus, tiap gue complain karna dia terlalu sibuk dan cuek malah dia yg marah, like what??",anger
9235,"gemes banget, ngomongin sama Twice, aku bilang temen ku suka sama Exo, goblog banget anjing, Exo mah ke grup Exo ya bukan ke Twice, mana Nayeon mangut mangut kayak bangga",anger
9508,"jangan terlalu terpaku sama sosmed, ya. Dia udah hapus nomor kita. Dia nggak mau lagi kita kirim pesan. Kalau kita mau terus ngelamar dia, itu artinya kita mau terus dikhianati. Jadi, kita harus bisa nggak peduli sama kehidupan sosmednya. Dia bisa, tapi kita gak bisa? Tapi kita bisa kok. Please, jadilah kuat.",anger
968,chenle gamau di halu'in' gue saat itu kesel banget anjwingg kayak buat apa gitu loh bilang gituan heran gue kalau lo emg ga suka ya udah ga suka ngata2in ga ada yang maksa juga lo tu suka sama chenle itu hak lo but kalau ga suka ga usah hate emosi gue,anger
3953,pliezt walaupun gw gatau yg lakik tp lucu banget kl di gabungin wkwkkw karena suka gemes sm yuh nya ariana grendong,love
1939,in other hand belum berani nonton kukira kau rumah meskipun suka banget lagu dan musikalnya krn (selain omicron) jg takut mental health jadi bagian dari plot aja,fear
10645,"liat ada musuh pasang title takut aja gaes, ngga kerasa apa-apa",fear
1274,takut banget bocil tetangga lagi sakit yg tadinya mau menghirup udara mendung akhirnya tutup pintu lagi,fear
619,"kereta milik cm sarawak, abang johari. celaka punya vvip!! aku paling benci dengan golongan puk**k ni",anger
10703,"ah iya, aku khawatir juga, soalnya timku juga ngelawan tim thailand",fear
1742,"gak katla, ga wordle, yang hari ini bikin tegang semua.",fear
1390,malu bingitttsssss,fear
2203,semoga yang menderita penyakit kanker diangkat penyakitnya dan selalu semangat,joy
9771,"kenapa ya aku selalu disalahin, gak usah ngejekin aku ya.",anger
9847,"cewek ngeyel yang selalu ngomong omongan tanpa dasar, malah nggak tahu ngomong apa, ceweknya aja yang malah nanggung, nanggung bener",anger
3568,"bandung aku baca sekali, ampe sekarang belom berani reread lagi ih sama suka banget kalo ff ff nya ka shita, selalu ada jalan keluarnya dan happy ending gitu walaupun proses nya rollercoaster banget kalo punya ka rai aku cuman baca au chio ibel, yang ff di wp belom pernah baca",love
10544,"kan aku takut lupa, takut lama karena bingung terus, dan kepedulian pada orang yang antri",fear
10404,jeng jeng jeng beneran takut sih tapi ga ngerti kenapa,fear
6116,sedih ada orang suka kita. hakhak,sad
12561,"jangan sampai anak lelaki kalian terpengaruh oleh budaya modern yg sangat bebas. ajarkanlah mereka tentang tata krama yg baik, khususnya saat berinteraksi dgn wanita. ingat, poligami itu bukanlah hal yg mudah. selain itu, jangan sampai mereka memiliki pola pikir seperti orang2 yg ada di atas",neutral
6052,"rangnick: ""sangat kecewa, kami seharusnya menang dan menutup pertandingan di babak pertama. crossbar, tiang gawang, penalti yang gagal, dan banyak peluang. seharusnya 2-0 atau 3-0."" () bisa 5-0 malah..",neutral
3178,hehe have a nice dayy!! semoga hari ini dapat kabar baik!,joy
3192,alhamdulilah jimin kemarin mimpi jimin dan sekarang dapat kabar kekgini seneng banget jimin we love you,joy
9499,"malu banget ini anaknya papa, kelainya sampe sekarang masih gak ada lawannya, cewek papa kelainya udah gak pernah kelai lagi. gemes banget, bikin malu campur kesellll",anger
6099,"saya suka kucing tapi sedih saya tidak boleh pegang atau pelihara kucing karena punya alergi ( kalau tidak salah suga rl punya alergi sama bulu meong, kan?)",sad
7029,"sempet ketika lo lulus, dan gue masih di kelas 3. iyaa gue coba bgt buat terpaksa suka sm orang, sampe akhirnya jadian & disakitin. saat itu gue udh lupa sm lo jujur. fokus gue udh ke mantan gue ini, karna yaa udh sayang juga? wkwk jadi gue galauin ni orang lumayan lama lah",sad
575,"sorry to say, gk dulu deh opini nya kak. gamasuk di akal dan hati nurani soalnya. ya kalo sekali dua kali mah gpp, kalo tiap pagi(?) hmm. mending aku rusak hubungan daripada trus trusan nahan emosi jiwa nglawan rekanan gatau diri.",anger
10552,waduh gue takut ga bisa jalan ke s,fear
6656,gara gara fanart yg itu gue kalau liat thomaya jadi sedih mikirin yoimiya,sad
7115,"yeay akhirnya beliau memberiku hadiah, aku happy bgt gaes",joy
12018,"pout laki ini, gilaaa, gak tau kenapa aku suka pout gini, mungkin karena gak pernah liat cowo pout gini sebelumnya",love
6276,ch 125-126 sedih bgt,sad
9472,"cok pagi pagi, kaget banget, emosi abis",anger
11306,"aku suka banget ama orang ini, tapi aku juga suka bantu mereka",love
5897,"dok hari ini sendiri ya, perawat gigi nya libur lah pantes kok jm segini masi sepi",neutral
5724,"aku tipe org ya make ""iya"" ke org2 tertentu. baik yg ga aku kenal, atau yg udah aku ga suka lagi. kalo ""iyaa"" ofc ke orang2 yang deket banget sama aku dan aku udah kenal dia banget2",neutral
10185,"sedikit geli, sedikit takut, tapi insya Allah semua akan baik-baik saja",fear
269,kenapa pagi-pagi gini udah ada yang bikin emosi,anger
629,benci banget gue njing sama kegiatan yang namanya bangun pagi!!,anger
3081,"morning cantik, kebetulan nih kala pakai fc taehyung dan side fc nya jungkook jadi pas buat kamu wkwkw avail buat hari ini bisa kok tipikal aku itu suka banget bawel sama pacar terus juga kadang suka cerita hal random gitu dari mulai sambang sampe merauke wkwk bahasanya",joy
3466,"pernah di infinite kalau di monsta x gak pernah, awalnya suka sungjong gara2 visual dia dan kiyowo banget apalagi kalau ngambek tuh kaya bocah, trus kepincut sama woohyun gara2 vocal nya sama sok gantengnya dia akhirnya woohyun jadi bias pertama sungjong bias ke dua",love
6430,"semalam hbs nonton dew. dew ini remake bungee jumping of their own korea. aku udah nonton yg ver korea dan memutuskan nonton yg versi thai krn katanya lebih sedih dan jg krn yg main ohm pawat. dan beneran emang sedih sih, aku lebih suka yg versi thai dri pd yg versi koreanya.",sad
11728,"aku sayang banget sama jimin, aku khawatir sama kesehatannya, jangan lupa makan dan minum ya, makan nasi jangan makan rameyon",love
7062,aku rela menunggu meski kamu tak memberi kabar. bahkan aku sadar jika aku ingin kamu tinggal kan.,sad
12251,"ga tau deh, aku suka sama serum ini, jadi kulitku jadi lembab dan terlihat lebih cerah",love
5543,",, dengan et (energi tani) semoga petani bisa membumikan semangat bertani,erick thohir",neutral
10238,"aku khawatir banget kalau nikah aku keluarga ga suka, jadi cuma datang langsung pergi kaya tamu, kalo gitu ga bisa ga ya, mereka pasti kecewa",fear
4356,"pejabat yg buat hoax tolong dipenjara, hukum jangan belaku cuma untuk rakyat kecil saja..",neutral
11474,"aku suka sama album ini, suka sama deganannya, soalnya aku anak yang suka koleksi album",love
2113,semangat zi,joy
8219,"part si kala tantrum emang kerasa banget emosinya, dr situ saya sudh mulai mewek",sad
10232,"terus terang gue malu banget di depan kelas, gue ga tau jawabannya, gue cuma bisa ngomong ini segitiga apa, segitiga sembarang, segitiga abc lho, ga salah kan? ssshhh",fear
3216,pagi' dapet kabar baik tentang jimin,joy
3814,suka banget,love
8321,sedih bgt denger kalo denise udah keluar dari secret number,sad
10810,"gue cemas banget bgt masuk wc cowo, gue malu banget",fear
2278,kalo makan pake mie enak,joy
4599,rencana imbas imbis tok. akhirnya yo bubar lah. wes biasa dikei janji2 palsu ki,neutral
13,"angka covid lagi naek. kalo masih dilanjut event offlinenya, asli bodoh sih ni brand.",anger
11616,"ga semua cowo suka cewe yg cantik, ada juga cowo suka cewe yg cantik banget",love
1525,mama takut gmn,fear
2365,make notion enak juga wkwk tau gitu dari dulu make ini app satu,joy
4648,apa kabar dengan si kita ?,neutral
10532,"ngeri banget grup b, kapan kemenangan kita ya?",fear
374,"sjshhd yaampun iya pantesan, ih bego banget aku",anger
10724,"gak bisa tidur malam nih, bingung kenapa ya",fear
6477,sedih banget muka nya,sad
525,"bodoh ya bodoh aja, tapi jangan ngajak - ngajak!",anger
9131,"kenapa dosen yang selalu berpihak pada kami selalu membenci kami, gemes",anger
6895,anjing nih eps 3 sedih banget bangsat gue nangis ampe idung mampet,sad
10339,"gimana ya aku kagak ngek gini lagi, ngeri banget",fear
3591,"thanks for the ga min! aku suka a qiao soalnya dia soft, baik banget kayak malaikat ga ngerti lagi",love
7904,"guys, aku harus nonton video eksperimen Army, aku seneng banget, mereka melakukan eksperimen-eksperimen seru dan sukses. Aku bakalan coba juga!",joy
2958,"team b baku hantam dari awal wkwkwwk emang gak ketemu tetangga tapi jodohnya sama korea:) ngeri"" sedap nih, akan ada baku hantam antara pedepokan dubai sama tadika mesra:)",joy
529,"sakit hati, tapi ga berhak marah juga karena bukan siapa2",anger
3714,aku dulu tertarik banget sama benda-benda dilangit. kalau ada pelajaran ipa tentang tata surya pasti selalu semangat. sampai nggak rela kalau jam pelajarannya habis. t __ t oh iya dulu juga aku mau jadi mermaid simply karna aku suka air..,love
4732,"di negara taiwan tu lo joss kedelai jadi minyak goreng, biji matahari bisa jadi minyak goreng, bunga2 warnanya kuning ke emasan jadi minyak goreng, luar biasa di indonesia lo kaya raya bahan baku kok masih langka minyak goreng. stop goreng menggoreng dehh di rebus aja masaknya",neutral
9461,"ngapain gini aja, nyariin gitu doang sama siapa, udah janji belakangan ini ga bisa ngepasin waktu sama siapa, kecewa banget, nyariin gitu doang sama siapa",anger
1394,ga malu apa ya,fear
9989,"hati-hati deh sama akun palsu yg ngebutin data pribadi, bisa jadi kalian dihebohkan. jangan mudah percaya sama hal semacam itu",fear
9633,wkwkwk kalian bener2 punya agama? jadi malas bgt liat kalian yang ngomongin islam gitu,anger
10574,"kaget banget nih, bawaan dari negara Jepang",fear
5631,"orang-orang yang suka berkata jujur mendapatkan tiga hal, kepercayaan, cinta, dan rasa hormat. (khalifah ali bin abi thalib)",neutral
9465,"ga bsa klo pagi mkn begini, perut kembung, ga bsa mkn pdingan. stress bgt menguras emosi",anger
6563,"orang kalo terlalu sering kecewa ngebatin nya pasti udah di level ""ya gimana ya, mau gimana lagi"" ampe pasrah gitu",sad
4703,kalau di sini ma biasa ajaa masih banyak kali yg lbh gde dari ini,neutral
1712,coy ngeri sekomplek wkwk sehat2 mat,fear
12290,"aku suka yang isinya nangkaa banget, ya jaman SMP dulu kangen nangkaa :)",love
955,"fi: lucu cara ngomongnya kayak arashi ih. ci: idih fiel jelek banget suka mleyotin orang, suka ngajak gelut pula, aneh…",anger
6675,omg lagu tu!! dulu dengar sebab taktahu apa relation nya tapi dah besar baru tahu. sedih gila mv tu,sad
3453,"most noticed kulit jadi lebih halus. pori-pori terlihat samar. setiap pagi kulitku terlihat fresh dan plumpy. efek brighteningnya juga ada. aku suka banget hidrasinya. untuk menghilangkan bekas jerawat belum terlihat ya, karena pemakaian juga masih sekitar 3 minggu.worth to try",love
9579,"aku ga mampu banget sama zombie. kalo ada yang tumbalin ke zombie, aku kasih senyum aja",anger
8595,"aku paham kalo kau sedih banget, kalo aku bisa tolongin, aku akan nungguin",sad
2071,"nggak tau ya aku up lagi kapan, lagi nggak enak badan dari akhir januari di tambah bulan ini banyak ujian praktek",joy
12267,"aku baru beberapa hari berhenti makan daging, ternyata aku jadi kangen banget sama ayam goreng. Terakhir makan ayam di kereta api, beli ayam goreng yang pedas di Stasiun Gambir, makan bareng Ayang yang nyuapin aku padahal dia tidak terlalu suka ayam tapi karena aku mau dia mau nggak mau ikut makan. Sekarang dia senang aku nggak makan ayam lagi",love
10169,"ya ampun, tanggal 14 malah Valentine day. tolong jangan cewek-cewek aja gitu, aku gak suka sama Scorpio. tolong ya, donk",fear
158,we ustzh marah sbb takde orang masuk kelas pai lepastu rupanya dia yang salah masuk link,anger
7005,"sedih banget dahh, kucing gua ada tuh 2 yg selalu dilepas dari kecil, tapi ya selalu inget pulang karna mereka emang ga suka main terlalu jauh dari rumah gitu.",sad
9094,"jangan marah ya, nanti cepet tua",anger
352,tolol bersama..,anger
6078,sepi,sad
6236,heizou b5?? padahal udah bgarep bangey dia b4 sedih bnaegt,sad
8946,"gimana mungkin, tapi tetap harus bekerja keras demi bisa bahagia dan punya uang, miris sedih",sad
12569,"jadi suatu hari temanku bilang dia jatuh cinta sama Youngk, dia pun bilang dia suka sama Day6, tapi aku udah tau mereka sebelumnya. Tapi aku nggak tahu member mana yang suka sama Day6 selain Jae dan Youngk. Aku mendengarkan lagu Day6 You Were Beautiful dan terpesona dengan suara Youngk. Namun aku malah terpesona dengan suara Youngk.",neutral
2920,"gua duduk sebelahan sm kak ji, tapi kita chattingan lwt hp. trs dia ketawanya ""awokwok"", gua reflej bales ""aneh banget ketawa lu"", abis itu dia marah ngambek gtu wkwk",joy
8503,"di tempatku gerimis, tapi di pipimu air mata yang jatuh.",sad
4644,"jalanin saja dahulu, menyerah kemudian.",neutral
661,bangsat banget!!,anger
7057,"iya gue milih jalan yg gatau salah gatau bener, gimana caranya rumah tangga gue baik baik aja.. cuma itu. memang setelah mba e ini lama hubungan gue baik, bahagiaa, ribut hal kecil ya tp sampe kena pukul dan pala bocor sih gue udah biasa dan itu hal kecil buat gue.",sad
10181,"aku pengen tertawa tapi ga berani, aneh bgt",fear
3665,"ngemis-ngemis cinta mah sah-sah ajaa, asal lu tau risiko yg bakal lu dapetin. jangan malah nyalahin orang yg lu suka ketika orang yg lu suka ga suka sama lu balik dan juga ngerasa ""si paling berkorban""",love
7979,"gemes deh digosipin terus dari belakang, ga abis pikir",sad
306,"pinjem duit di leasing, giliran ditagih marah ke penagih bayar listrik nunggak, giliran petugas pln cabut fasilitas listrik, eh petugas pln malah dikeroyok. pesan barang cod, enggak sesuai ekspektasi, malah kurir yang disuruh bayar. wow, luar biasa!",anger
10527,"pusingan bgt kalo duit kena habis, gilaa kalo dapet duit banyak",fear
4790,apa kabar juniordanyw,neutral
2356,senang bangett,joy
1927,"kalo sosis rebus enak, tp nugget?? aneh gk sih???",fear
11755,"aku nggak pernah tau ngapain sebenarnya yang aku mau, tapi aku tau aku nggak mau ngelakuin apa yang aku nggak suka",love
3427,"dari yootaeyang ke inseong tiba2 satu hari ngeliat inseong ganteng banget rambut putih terus kesemsem, ngeliat foto lamanya pun kayak mikir ""inseong selama ini seganteng ini??"" terus ditambah emang dari dulu suka jokes inseong makin bucin dan sekarang menjadi bulol official",love
8941,"sayang banget nih pjj, rasanya kayak ptm",sad
3638,"gw jatuh cinta, apalagi pas dia suka senyum-senyum sendiri pas sama gue",love
10713,"sabtu pagi justru bukannya mendapat kabar gembira malah mendapat kabar yang membuat aku deg-degan, rasanya seperti tangan-tangan kecil sedang meraba-raba bagian perutku",fear
1266,kaget kirain kelirik taunya bukan as lihat akunnya,fear
1560,"hahaha.. emang lagi ngeri sih, tapi dulu pas curug hejo sepi. sekarang ngeri di cuaca sih, masih sering hujan.",fear
10326,"apa aja yang bisa terjadi? apa yang akan terjadi? apa yang akan terjadi padaku? apa yang akan terjadi pada orang-orang yang aku sayangi? aku takut, aku khawatir, aku cemas, aku was-was",fear
7179,"puji tuhan jimin sudah sembuh dari covid dan sekarang tinggal proses pemulihannya, jangan lupa jaga kesehatan dan banyak istirahat ya",joy
4109,untung sudah biasa ngurus apa apa sendiri yaa. plus point for me,neutral
7867,"yeay aku happy banget kalo di gadoin sama temen2, ntar dapet jajanan enak2",joy
4904,banguna dapet kabar baik,neutral
7294,hehehe wkwk akhirnya mereka yang berubah jadwal wkwk karena biasanya mereka yang takut wkwk,joy
514,"ah alibi siamah, bebeja weh teu bisa nahan sange, embung coli jadi weh predator. emosi pagi pagi.",anger
894,"malu maluin anjrit sinyal begini, katanya doang kenceng, tae",anger
8601,"aww, kenapa aku nyesel banget pagi ini baca cerita sedih gitu",sad
21,huahh benci covid bangett. semoga berhenti di jimin tidak ada jungkook dan juga taehyung. no god pliss,anger
899,bisa ga si kaya masalah tuh datengnya ntar malem aja jing biar mau nangis sama overthinknya juga enak gitu jgn pagi pagi setann,anger
207,"yang no 3 ""izinkan suami berpoligami,untuk mencegah perzinahan"" aduhh goblok banget ya jadi orang, jadi selama ini pernikahan itu zina gitu? dan poligami itu bagus & dianjurkan diagama gitu? helloww diagama gaada tuh 1 kontol harus 2 lubang. bajingan bangsat lo",anger
458,"mau apapun yang aing post di medsos ya berarti aing merasa hidup aing udah cukup , bukan buat alesan saria nginjem duit ka aing dan ga bayar hutang, makin sini kaya makin tolol aja emang orang2",anger
10246,"malu banget kalo inget masa-masa dulu, aku bingung kenapa aku pernah berani begini",fear
2430,"10000?0 sihh enak didenger gituu, lirik nya juga relate bangett djdjjfjf keren ya tuhan",joy
8442,"bingung nih, di rumah gak ada orang, jadi sedih",sad
9299,pahit banget rasanya di omongin dari belakang. akhirnya aku ngerti kenapa dia bilang orang Indo itu berbeda banget sama dia. warna kulitnya yang paling berbeda dan juga dia suka lagu cinta luar biasa. aku seneng banget bisa ketemu dia.,anger
3389,sebelum kita keliling. dia chat ini:) aku emg anaknya suka banget diajak muter muter mendadak apalagi sama orang yg di sayang. se simple itu sebenernya bahagia ku.,love
9905,"ga suka sama orang ini, ga mau deh.",anger
3911,"keknya gue kesengsem ni ama mew suppasit sampe kebawa mimpi pas tidur. dan gue baru tau dia actor yg main di series bl . gue awal taunya dari lagi dia tbtb muncul di spotify gue, terus jadi cintaaa banget sama suara dia dan senyum dia yg di vclipnya zom marie blush",love
5383,"halo kesayangan kakak! kak vin hadir, mau cerita sini sama kakak? kakak udah pernah ngerasain dan sering dicurhatin soal pergamonan. bisa kasih kamu wake up call, biar kamu bisa menentukan langkah kami selanjutnya. tapi jangan takut, kak vin ga akan paksa kamu pake yang serem2",neutral
8907,"eh ini malah kalah 2-0, malah bisa malu2in, malah bisa kecewa, malah bisa nangis",sad
552,"aku ngadu ke dia dong, tatang marah ngajak aku ke tempat ayato. disana dia langsung ngomelin ayato. ""lu jadi ketua kelompok ga becus banget sih?! malah anggota lu yg nyariin buat ngajakin kerja kelompok sampe babak belur begini diboongin preman sekolah!""",anger
9631,langsung melek gw kalo ditekeli,anger
10462,"ga nyangka hantu2nya gak ada, malah yg ngeri psikopat yg ada disekitar. Btw baru nonton episode 4, tapi, lebih ngeri dr pd hantu2 vibesnya",fear
3144,"haii sasa, apa kabar? jangan lupa sarapan yaa , minum air putih banyak banyak , jaga kesehatan yaa!! . kalo keluar rumah jangan lupa pake masker , cuci tangan dan jangan lupa jaga jarak . have a nice day , semangat untuk hari ini!!",joy
6917,"terus pas lagi isi air gak sengaja tumpah kena kabel reflek aku teriak biar dia cepat ambil kabelnya biar nda makin banyak kena air, tapi kenapa aku yg kena marah padahal aku reflek teriak karna kaget",sad
2056,"hai kak hwii!! don't skip ur breakfast yaa,semoga harinya berjalan lancar,dimudahkan segala urusannya,dijauhkan dari marabahaya,semoga selalu ada dlm lindungan tuhan,janlup vitaminnya ya,semangat!! janlup senyum hihi,stay healthy & always be happy!! have a great day kak",joy
1925,"km luarnya klo ada mbak?as kebersihannya enak jd ada yg bersihin tiap minggunya. yaa krn bareng2 jd kurang privasi aja km dalemnya privasi terjaga, kl mlm ga usah keluar kmr. kl kamarnya kecil jd lembab, rawan binatang2 kecil, bau huhu (klo g rajin bersihin ya)",fear
634,"wes ngene wae nder serlok saiki, marakne emosi esuk2",anger
6082,"sch! soalnya di sekolah ku (jateng) kekurangan guru bangett,,banyak guru yg bukan bidangnya justru ngajar di bidang tsb,dan bahkan kepseknya juga rangkap sama sekolah lain. kl emg ini bener sedih banget,gimana generasi kedepannya :(",sad
8508,"sayang min, ga bisa lagi ngelihatmu",sad
11676,"kita kan nggak pacaran? kan kita suka dan sayang, kenapa jadi salah?",love
12195,"apa kabar? Saya juga sih yang keren, kalo mau ngobrol bisa kok, nanti kita jalan-jalan, atau mungkin kita bisa main game sama-sama, kalo kamu mau, kita bisa main game sama-sama, kalo kamu mau, kita bisa main game sama-sama, kalo kamu mau, kita bisa main game sama-sama, kalo kamu mau, kita bisa main game sama-sama, kalo kamu mau, kita bisa main game sama-sama, kalo kamu mau, kita bisa main game sama-sama, kalo kamu mau, kita bisa main game sama-sama, kalo kamu mau",love
8619,"baper gila nih kalo baca komen di buku lama, jadi sedih dan kangen terus",sad
11006,"udah sih takut, kalo ga di balik mungkin bakal gosong",fear
105,"betul org cakap, kalau tak bodoh bukan bn namanya..",anger
3041,"w ngerasa cringe bgt anjir dr kmrn, kayak mau ngetik kak tuh a nya suka ilang jd kk emg sama aja si.. cm kan kesannya baku banget kyak w ngetik kakak tp di singkat jd kk hehe, kocak and ngakak deh pokknya",joy
10361,"aku takut nih kena konfirmasi positif, kenapa kalo guru masih boleh ngajar, kenapa aku ga boleh?",fear
1709,grub b ngeri kali,fear
89,paling benci kalo lagi diem terus panik sendiri gatau bingung kenapa :),anger
7014,"dia dulu suka gue ghosting karena sibuk fds sama belajar soalnya kelas 9, gue pelor banget alias jam 10 udah tidur.. jam tidur gue dulu ga seberantakkan itu jadi cepet tidurnya tapi ni anak sabaar anjir. apa kena karma ya gue gagal move on banget sama yang sesabar dia :(",sad
10433,"kaget banget liat responnya, fansnya banyak banget ya gaes",fear
3174,"bang tombyyyyyyy apa kabar, lama gak nampak, sehat slalu ya.. ayo ikutan bang.. alhamdulillah kabar saya baik, dan masih wangi",joy
917,ini mah enk di suami semua kga enak di istri gblk,anger
7833,"telor ceplok + margarin yang masih nyisa = enak banget gaes, bikin seneng",joy
6732,"dear! hi aku umur 19 punya sepupu cewe umur 22 nahh dia mau nikah trus dikira mua nya aku yg mau nikah, si sodaraku ini bilang intinya mukanya borosan aku, ada ngga sih skincare yg gabikin muka boros, sedih banget dikatain gitu :(",sad
1949,jap i confuse crush i kan up status takde sapa sayang dia padahal dia tahu i suka dia and kalau nak cakap lupa i tengok status dia hari2,fear
6368,heh kenapa nyesek bgt inii pagi2 baca ginian sedih aing,sad
1,"kok stabilitas negara, memange 10 thn negara tdk aman, bahkan sby menyuburkan ormas2 radikal, intoleran, teroris, yg berafiliasi ke partai tertentu..narasi klhtn intelektual tp bodoh..",anger
8032,"rasanya jadi penyokong manu pagi dihari ini, sedih banget",sad
6047,selamat pagi untuk jiwa jiwaa yang sepi,neutral
9127,"gemes banget denger tetangga yang aku anggap deket ternyata bodong, aku takut kejadian ini akan terulang lagi",anger
11600,"dulu pas ngekost aku suka banget makan kopi, tak perlu jadi simpanan buat omom",love
2720,fokus aja ngembangin identitas tim utk di masa depan mu sudah ancur2an sejak lewat sepertiga musim yuk mu semangat benahi tim,joy
8783,pagi lagi airmataku mengalir. sedih aku.,sad
12361,"aku suka sama diaaa, tapi dulu aku ngga tau kenapa, tapi sekarang aku tau dia baik banget",love
3117,"halo ka ofiee!! aku suka bangeett sama genre au kaka yang baru. semangat terus ya nge-au nya. jaga kesehatan selalu, dan jangan lupa baha.. ” haii!! woww aku seneng banget dengernya makasi yaa udah suka dan mau bacaa jangan lup.. fiecc",joy
11926,"gemes deh nih varo, dia jadiin aku ngejar-ngejar gitu, suka nyariin aku, perhatian banget, dia gemes banget sama aku, aku sayang banget sama dia, aku suka banget sama dia",love
10640,"udah jadi offer, ga enak ketawain deh",fear
9768,"beneran, ga ada orang yang suka omicron ini, ga ada yg ga benci",anger
3762,"banyak kok film barat yang romance, tapi ak suka banget sama film pride & prejudice",love
213,boleh benci tapi jangan bodoh,anger
778,marah.,anger
3496,"r.i.p kepada minatku melihat foto2 masa kecilmu, ga nyangka banget padahal sebulan lalu kalo gabut dikit masih suka tak liatin",love
11410,"sherlymu lembut dan manis banget, gw suka banget sama dia, dia baik dan peka terhadap Liam, sayangnya adegan cinta mereka kurang banyak, yaa diambil oleh sensei Takeuchi",love
2043,semangat dan bertambah kuatlah kalian frp_natsud_ frp_lucyheart frp_wendy ~,joy
8920,"nasib buruk banget, terus-terusan kecewa",sad
5420,"wts acc rp y13 f1k - v email (dpt pass email), vall + 1k - go green - masuk ht mt - jarang ke ?72h - bukan bekas sus - enak di upfoll 65k,,t. wts tawarin need murce ijo",neutral
6154,"soobin :( aku sedih peliharaan kesayangan ku mati. i can't stop crying. kmrn tiba2 g mau minum trs lemes jugak, klo ke dokter hewan jauh dr t4 tinggal ku. i can't lose her :( wht should i do :(",sad
9759,"coba-coba aja nih, kalo ga setuju sama kemajuan bangsa, jangan diomongin ke aku, ga ngerti, kalo diomongin aku akan marah, bahkan mungkin akan kucopetin foto, dan kucatat nama di daftar penolak kemajuan bangsa",anger
8357,"di sini hujan gerimis, di hatimu ada tangis",sad
11818,"aku cinta banget sama kamu, aku akan datang membawa cinta untukmu, jangan sedih, semangat yaa, kamu cantik banget, aku bangga padamu, aku sayang padamu selamanya",love
10205,"ga ada yang bisa dipercaya, semua orang jahat",fear
8465,"nangis deh, rasanya takut dan sepi, kayaknya gue cuma punya lo aja, nangis deh.",sad
4167,"pindah alhamdulillah..ga jadi pindah jg alhamdillah, tidak ada pengaruhnya pada sy..tetap nyari rejeki sendiri yg halal utk keluarga tanpa hrs mengiba, menjilat, mengadu domba antar sesama anak bangsa. pesan simbah sy, ojo ela elu..ojo gumunan..ojo mateni rejekine wong liyo",neutral
3788,"berawal dari sahabat eh jadi pacar wkwk, terus suka gimmick saling sayang padahal iseng doang akhirnya jadian",love
8586,"sedih pah, mau nangis ya",sad
583,blm di tuduh pki da marah lu drun.,anger
12485,"sayang banget gua ke kamu, ga ada yang lain",love
12580,"memang ya si -paling-mengabdi, siap di mana saja",neutral
116,eh bukan jadi mangsa maki atau kena marah but concerned pasal tak bercakap. tetiba.,anger
6644,"kenapa ya kalo tengah malam tu suka sedih sendiri berlarut-larut trus semuanya kaya berkelebat di kepala mulai masa lalu, masa sekarang, masa depan tuh whyy",sad
11361,"iya, chiyoko. apa yang kau suka? dia bertanya. ya, dia tahu bahwa yuzuha memiliki perasaan tertentu terhadap adiknya. apa saja yang dia suka, asal tidak berbelit-belit. aku bukan seorang ahli debus, kamu tahu kan?",love
12535,"aku berhasil turunkan berat badan 8 kg dengan mengonsumsi produk herbal, hanya dengan rutin minum wmp juice, hubungi aku di bbm/wa 089654598758",neutral
12306,"aku jadi baper liat tristan, dia bisa bikin aku nyaman dan aman. tristan juga bisa bikin orang lain merasa nyaman, jadi kita bisa mengandalkannya",love
11273,"aku suka banget sama drama ini, udah rewatch berkali2, tapi sayang endingnya gajelas",love
8712,"jangan nyesel, coba deh semangat lagi",sad
1763,dan chat mita di whatsapp official 0811-84-1400. hati-hati terhadap akun palsu yg mengatasnamakan bank mandiri dan meminta data rahasia. semoga sehat selalu. tks~kareen (end),fear
1875,gue takut..,fear
10445,"laptop aku jadi nggak bisa berfungsi lagi, aku khawatir banget",fear
3224,"jiminku sembuh, semoga dia secepatnya bisa beraktifitas seperti biasa",joy
526,"pas mlaku ijo dikon ngucapke habede tau, ilopyu jangan marah yo tau tur nek pas oren kok kon ngucapke ngene njuk le ngomong kepie gek lanang?",anger
7725,"jangan takut, semangat yuk, kita bisa melakukannya",joy
2946,alhamdulillah pake kerudung karena keinginan sendiri. justru malah malu pake baju haram,joy
4473,apaa kabar? jangan lupa sarapan,neutral
5655,"terus suatu ketika ada temen aku bilang dia jadi suka sama youngk dan dia kasih tau aku day6, saat itu aku udah tau day6 sih tp membernya nggak tau siapa aja kecuali si jae sama youngk didengerin lah aku lagu day6 you were beautiful dan diracuni suara youngk eh tapi aku malah",neutral
8884,aku sedih karena ga dapet anjir,sad
6059,terkadang lebih baik dianggap pemilih dari pada salah pilih.,neutral
959,knapa dh suka banget nyerang love language gue,anger
6342,"work! hari ini last day, aku resign. sedih bgt pisah sm temen tp satu sisi bebas dari bos toxic. nekat sebenernya resign duluan blm dapet pengganti tp udh gakuat sm bos toxic",sad
3633,makasihh banyak udh baca melt into you seneng banget tau kamu suka miy stay healthy and be happy always ya,love
1050,"hadeuh kalo inget bulan ini bikin sakit ati banget anjeng, udah deket lama aku nya udah suka eh malah ujung ujungnya sama adek kelasnya kan anjenk kesel sendiri jadinya",anger
8782,"eh, aku ngerasa murung gini, apa yang salah?",sad
8711,"kalo ga salah, aku lagi ngeluh gitu loch",sad
3380,"suka banget, lagunya enak2",love
3676,padahal mereka juga yang suka shipping aneh banget,love
5776,"tuhan itu maha memberi, dia suka melihat manusia yang suka memberi, sebab itulah dia ciptakan kekasihmu agar kau bisa memberinya cinta",neutral
11377,"ku sayang kamu, ku cinta kamu, sayang sayang sayang sayang, sayang sayang sayang sayang sayang sayang sayang sayang sayang sayang sayang sayang sayang sayang sayang sayang sayang sayang sayang sayang sayang sayang sayang sayang sayang sayang sayang sayang sayang sayang sayang sayang sayang sayang sayang sayang sayang sayang sayang sayang sayang sayang sayang sayang sayang sayang sayang sayang sayang sayang sayang sayang sayang sayang say",love
6573,musiknya sedih,sad
5179,kenapa dia marah marah.,neutral
1607,ako malu sekali,fear
3610,"aku bukan vampir jadi suka bawang haha iya sih, soto sama kari emang banyak banget yang suka",love
12293,"aku jatuh cinta sama wenzhou, gemes bgt liat fanartnya yang lucu banget",love
6635,i rasa sedih kalau bf i pegi kerja pepagi haha. dia mcm bff pergi. sbb dia busy sgt kerja,sad
12597,"kelas ipa 1 paling unik, walaupun pandemi. Karena selalu sepi, tapi walkelnya killer ribet gt lah. Kalo ipa 3, selalu dapet walkel yg asik santai",neutral
10001,"bangeeet, aku ngeri liatnya, bgtu yg salah sih",fear
791,"dinamik socmed au joongdok gak jauh dari physical attack lahir batin. selamat pagi, saya bawa kisah kebodohan (fresh from the oven) seseorang yang memang pantas dikatain bego. ga sanggup lagi gua anjir.",anger
8984,"aku dipaksa untuk mengerti perasaan orang rumah, padahal mereka tidak sebaliknya, ini tidak adil",sad
3056,"sekian. gue sampe detik ini masih suka feel so amazed banget sama jungwon, keren banget dah pokoknya nih anak kalo gue jabarin satu satu bisa jadi manuskrip berharga yang diperebutkan seluruh dunia.",joy
10047,"syaukalan aku malu ngetik, aku gak mau salah, aamiin",fear
1980,"ga boleh boncengan cowo cewe kalo bukan sodaraan, aneh banget sih menurutku. soalnya kan banyak nih cowo-cowo yang suka dengan baik hati nawarin boncengan soalnya ya emang baik aja gitu as a friend, masa gabisa sih. btw ini sekolah negeri ya",fear
3598,"tak suka aku takpe, aku boleh blah. aku harap aku dah penuhi pertolongan yang kau minta dengan baik. terima kasih.",love
933,lama2 nyebelin bgt ya anak2 hasil keluarga bahagia ini -_-,anger
7424,"mandi air hangat bikin aku bahagia, rasanya fresh banget",joy
5626,"menteri bumn erick thohir menggagas energi tani (et) yang bertujuan membumikan semangat bertani kepada masyarakat,agar bisa menghasilkan produk-produk pertanian secara mandiri.,",neutral
1682,"wah iya, ngeri nih yg setim ma mas.",fear
4179,gue dulu pernah bahas ngerinya jalinsum..mau jalan biasa atopun tol bagi penjahat gak ada bedanya..petugas harus lebih bernyali dibanding penjahat2 disana..,neutral
6446,"ga pernah mimpi ttg treasure, sedih banget. harus gimana biar mimpi ttg trejo?",sad
4116,g biasa srpan raa,neutral
988,"tiap sabtu kebangunin anjir grgr dibelakang rumah ada ibu ibu suka senam dan pake speakernya tuh gede banget anjing suaranya kaya bener bener gede banget gila, udh pernah ditegur sebenernya tp diulang lg gt kaya minggu depannya pasti gede lagi si suaranya :) bgst pen tdr aku",anger
2896,"noblesse di webtoon eng udah daily pass, dulu gue kebut bacanya di eng sebelum dia daily pass wkwk tolol bgt",joy
3778,aa suka banget senyum tae disini anwjjsjjw sayang sayang bangett.,love
5658,yang ni tak payah cakap banyak. tengok muka pun tahu jenis suka buat onar. terima kasih kerana report kami akan masukkan dalam list untuk report klik:,neutral
3093,"me too, malah kalo menang ga suka aku kasih tau, jd kalo aku beli2an barang gitu kek ""yaudah kalo ada uangnya mah"" wkwk",joy
3155,hari ini dapat kabar baik,joy
1823,takut bgt galak,fear
12127,aku suka banget sama kerenmu,love
1098,ini boleh ga si aku kecewa or marah sama dia haha.. cuma krn aku beli acrylic frame trs majang pc bareng sama polaroid ortuku dia blg gini apa aku doang yg sensi nih ya dikira nge kpop bikin lupa semua hal? bahkan ortu sendiri? lo bikin gw makin ga mau kenal spesies cowok dasar idiot,anger
10396,"ah ngeri bingung apa barcode aku dianggap shopping, ya aku kalau marah atau galau suka belanja, tapi ternyata dia self harm, wuih jadi gue bingung",fear
2844,"anjay, semangat kk",joy
9078,"ga kerasa aku benci, ga kerasa aku bahagia, aku cuma terluka, ga mau dianggap biasa",anger
3342,dipikir pikir aku orangnya sok asik nyatanya gak ngasikin kan . sok akrab banget padahal kayak jijik gitu sama aku ya udah gak bisa memaksa buat suka sama aku,love
38,"sangat tolol bbm langka,beras mahal cuma sarapan jagung dan ubi sebelum berangkat sekolah itu sekitar 2006 sampai 2011",anger
6540,"ikutan sedih bacanya, keputusan berat tapi aku yakin denise pasti udah pertimbangan hal ini. yang terbaik untuk denise, semangat juga lockeys.",sad
11775,"aku masih suka banget sama air, tapi nggak pengen jadi mermaid lagi. sekarang aku pengen jadi tyrannosaurus rex",love
8707,pagi2 udah bikin aku nyesel karena Dennise,sad
3356,"suka banget sama lagu ini, kalo dengerin ini berasa lagi di hutan terus ada peri nya sambil lari larian di bukit bukit indah gitu wkwkkwk",love
9645,"kamu ngomongin aku kaya kuli, pea",anger
10698,"akhirnya gw punya foto sendiri, jadi ga ragu lagi",fear
7813,"waduh keren banget dah jungwon, aku jadi feel so amazed sama dia, nih anak bakal jadi legendaris deh",joy
9098,"ga ada kata2 kasar yg bisa menghancurkan kebenaran, ga ada kata2 yg bisa menghancurkan kebenaran",anger
8220,"ga nyangka ayahku bilang aku gila, aku sedih",sad
11618,"kalo ngaji ponakan aku seneng banget, seneng banget ngaji, ngaji aku seneng banget, ngaji aku seneng banget, seneng banget ngaji, ngaji aku seneng banget",love
10699,"ngebayangin temenku positif, aku jadi takut deh, rasanya",fear
2428,"kak, semoga semuanya baik-baik aja yaa, jangan lupa makan yang enak dan dengerin musik yang bikin tenang supaya keadaannya sedikit membaik.. semangat ;33",joy
5043,kok dia mau ngedads bodoh sih pake kasih uname akun itu? agak bodoh ya wkwk trus abis itu lu apain anaknya wack? kaga lu sidah isbat anaknya?,neutral
5346,gak heran. coba apalagi bisanya cma begitu doang,neutral
8954,"aku sedih banget, peliharaanku mati. aku menangis sepanjang hari. aku tidak tahu apa yang harus kulakukan, dan aku takut kehilangan dia :(",sad
4811,: aku mengganti handukku : kalian ingin tahu merek handukku? nanti saja ^_^!! hahaha : ini bisa dijadikan konten haha : baiklah selamat malam untuk hari ini!,neutral
8476,"eh kenapa nyesel bgt inii pagi2 baca ginian, aku sedih gaes",sad
686,konyol og.. ngajak 'panas-panas'-an neng grup chat.. ketemu langsung laah gontok-gontok-an ketok moto sekalian.. tapi bar kui beres ga ono dendam/rasan-rasan.,anger
4799,eh ist ini udah 12 hari memang gak ada kabar apapun atau elu yang kagak mau berkabar,neutral
7437,"aku ga nangis dan ga bersedih, aku akan selalu kuat dan semangat, so stay strong",joy
2353,selamat pagi semangat semoga segera bigwin ya,joy
6353,kecewa rage wi,sad
4569,trkadang yg sdah jelas jelas d larang oleh agama dan pemerintah saja banyak yg melanggarnya..,neutral
8213,"pernah juga gw ke sekolah pake kutek pink, tapi telat. Ampun malu, udah telat, jelas2 ngelanggar aturan sekolah. Yaudah, terpaksa dihapus",sad
2752,yo enak seh gawe tandang gawe ndang mari,joy
9077,"tweet yang bikin ngilu banget, bikin pengen menendang kamera",anger
8073,"cinta itu bikin pusing bgt, kangen kapan ya",sad
9109,"orang gak tau jadi guru, muridnya juga gak tau",anger
1040,"duh tuh anaknya nanti kelakuannya mirip gue banget deh. biar bisa dinasehatin terus tiap hari. daripada dulu suka nyindirin gue berkedok self reminder, mending langsung kasih copy pastenya aja ke mereka tuhan haha",anger
7491,"aku ingin mandiri, bertanggung jawab, rendah hati, sabar, dan takut akan Tuhan, itu saja sudah cukup untuk membuatku bahagia :)",joy
1265,ohh gitu.. kaget bentukannya kayak preinst,fear
11667,"yaaah, rasanya enak banget kalau aku bisa berbagi cinta dengan orang yang aku sayang",love
7059,"ini papa nya aja belum ada kabar gasih, aku laper belum disuruh makan sama ayang",sad
277,menghindari perzinahan kok poligami sih tolol banget goblokkkkk. makanya titit nya gausah gatel liat perempuan tetangga.,anger
5084,. sabar itu keliatannya bodoh kalo dipikir pake logika :),neutral
10276,"denger cewek kirim dm, lalu di-ban, nggak ngerti, jadi penasaran, ngapain sih cewek bingung, kirim dm aja biar tahu, kok",fear
9437,"gemes deh, di paksa jadi tolol. ga abis pikir",anger
2382,enak nih pagi2,joy
571,"gua mau nyemangatin org"", tp gua sendiri lg ga semangat, aduh keenan knp bodoh bgt si. haloo moots, tetep semangat yaa, luv u.",anger
1435,pernah ga sih ngerasa takut berlebihan buat sayang bgt secara tulus ke orang?,fear
9439,"gimana ya kehidupan di negara ini, orangnya kenthu aja yang bangsat",anger
5352,"i ran alone around 8pm kat kj area, parked my car tepi jalan and dah finished 2-3 loop kot masa tu. then one uncle tanya you tak takut ke lari sorang ni? i said ok je uncle dah biasa sampai la round ke 3, from afar i saw a guy usha2 dalam kereta i. so i stopped 100m apart",neutral
10706,"iya bener, karena aku khawatir terlupa, khawatir lama karena bingung, dan khawatir membuat orang lain menunggu",fear
5445,masih mendung cerah,neutral
1007,"sumpah benci banget kalo dibalesnya gini. iye sehat-sehat aja sekarang, merasa bersih, tapi di dalem badan nggak ada yang tau. apalagi kalo main sana-sini dan suka seks berisiko. masa sih tega celakain orang yang katanya lu sayang?",anger
4543,baru saja mengirim video nagari durian tinggi - kapur ix,neutral
11103,"inget guys, gue baca news yang relokasi penjual di jalan cihampelas bandung. Gue khawatir jadi lebih kotor dan kumuh, malah bikin jijik",fear
2064,semangat,joy
1136,"namnjim lag like like nya ngeri bgt, anak buah imam jumbo emg sama aja semuanya",fear
9882,"dokter bilang ga ada obat, mati semua? ini gue masih hidup. gue ngajak debat biar pro pemerintah? kagak najis. reply gue baca lg, yg gagal nanganin pandemic ga indo cma indo ko",anger
5343,nggak kaget. ada pula management rating apps di play store,neutral
10177,"ga percaya aja dilihatnya om kung masuk base, ngeri deh",fear
294,"kalo di sinetron itu yg jahat jahat banget yg baik bego banget --""",anger
9739,"ga bisa bgt, ini malah bikin marah",anger
10204,"keadaan ayah lagi genting, konflik antara dayak dan bugis lagi terjadi di berau, handphone ayah nggak bisa dihubungi, aku khawatir banget",fear
8780,"bangeeet gua, kucing gua satu meninggal, ga abis pikir",sad
2403,selamat pagi pak dhe tetat semangat dan sehat selalu,joy
10321,"namnjim lagu itu semuanya ngeri banget, ga usah ditiru",fear
3998,baru seminggu vegie kangen banget dah makan ayam goyeng. terakhir makan ayam di kereta beli ayam mekdi yg spicy di st gambir maem bareng ayang nyuapin ayang padahal dia gak terlalu suka ayam tapi karna w mau mekdi doi mau gak mau ikut makan. sekarang dia seneng w gak makan ayam.,love
11745,"aku suka banget sama kamu, aku nyobain banyak hal kecil untuk bikin kamu bahagia, aku suka kamu banget",love
3741,"enggak, suka oleng sana sini tetep aja balik lagi ke mas ganteng peletnya kuat banget",love
11613,"aku suka banget sama acara bincang-bincang kayak gini, seru dan santai, bisa ngobrol dengan orangtua jadi lebih nyaman, sampe bisa plong ngomong kalau pekerjaan numpuk, padahal biasanya bilang lagi di rumah sibuk ngurus haza",love
2719,aamiin allahumma aamiin semangat pagi,joy
11587,"lebih enak kalo aku ga suka dia, daripada dia suka aku, biar aku ngerasa dia sayang banget",love
5150,bila menyampah / jealous tapi tak benci camni lah,neutral
2808,semangat,joy
9017,"eeeh itu sih gampang banget, aku cuma mau baca bukunya. Dia yang pinjam kok dia yang ngatur pantek, leme cicingan",anger
556,"sudah makan belum bang, janganlah marah atau sedih karena kalah..",anger
11233,"jatoh cinta ama wonwoo, ganteng dan manisnya kalo ditangkapin pas lagu ini",love
4795,aneh bat sodara wa. klo orang kena covid kan biasanya emang d-dimmer nya ga normal aka terjadi pengentalan darah. eh malah gw disalahin karena pola hidup nya ga bener makanya darahnya kentel,neutral
2469,"semangat buat hari ini ya!! u deserve to be happy. anw, jgn lupa sarapan sebb",joy
3738,"suka, banget. apalagi pas naik motor sendiri udah kaya me time",love
4286,so biasa battery 20% memang kena charge dah. kalau tak turun tu sepantas kilat. hairan pulak aku. tapi kalau time battery 100% nak turun 90% tu lambat pulak ye,neutral
9908,"tolong dulu buat fitur unsend, gua malu bgt nih jancok",anger
2604,"nelayan sejahtera, rakyat bahagia..semangaatt gus ketum",joy
362,gw mau marah bgt bacanya yaallah masi pagii ini emosi gw di uji mulu perasaan,anger
6924,mau nangis .. yedam sunu i did it bener2 ga nyangka sama sekali dapet hasil segini karena memang uas kemarin hopeless bgt takut ga sesuai harapan dan bikin orangtua kecewa,sad
1704,saya yang ngejalanin mah biasa aja.. cuma kadang kasihan keluarga aja takut mereka malu.,fear
2139,"semoga bisa tercapai ya kak, semangat untuk temennya!",joy
3239,alhamdulillah dapat kabar baik untuk hari ini happy banget semoga cepat sembuh total baby mochi,joy
2383,"kabar gembira untuk kita semua, kulit manggis kini ada ekstraknya, mastin hadir dan rawat tubuh kita jadikan hari ini hari mastin, tampil bersinar membuatku bahagia badan sehat rahasia mastin herbal, rahasia alam dari indonesia penuh pesona pesona mastin.. mastiinn good~~",joy
7314,"yeay, aku bisa makan seperti biasa lagi, bahagia banget ya gaes, ibu-ibu senang melihatku sehat",joy
4311,"kamu tidak bisa memaksakan sesuatu yang bukan untuk mu. ikuti saja alurnya, berusaha lah jadi yang terbaik versi kamu, dan selebihnya pasrahkan pada-nya.",neutral
9477,"eh jadi kayak sinetron gitu yah, yang baik kayak bego, yang jahat kayak jahat",anger
1312,"malu bgt sendirian, kesannya kek semua orang ngeliatin sambil kasihan gitu aku kesini sendiri. plis lah rangorang kalian selain jaga jarak juga jaga pandangan dan omongan ya, pdku semakin drop",fear
11869,"aku suka tweet yang berkaitan sama idol, agency, atau apapun yg berkaitan sama kpop, mereka sangat baik hati",love
3930,heyy dolie kamu suka kembang kan? nih ak kasih kamu kembang spesial bonus dapet ayang gratisnya,love
6183,mumpung masih sedih abis baca unspeakable mari kita lanjut 2ha biar makin makin sedihnya,sad
1591,"bismillah deh, gue masih takut soalnya kalo main warna pastel",fear
11821,"aku pikir aku orangnya asik, ternyata gak asik loh, jadi kayak jijik, ga bisa memaksa buat suka sama aku",love
2162,"hiih km harus ikhlas, semangat berproses semuanya",joy
2396,"woo, semangat jalani harii!! hv a sweet saturday",joy
317,enuf la buat drama acah masalah sosial masyarakat ni. most of the story lebih pda tnjuk negative yg 'lekat' kat kepala je.. acah je pdhal nak rating = masalah sosial increase.. and then nama melayu. tukar la nama lain. bodoh pny director,anger
9516,apa yg akan terjadi jika anak-anak kita di belajar dg cara yang salah? anak-anak yg sekarang ini akan terus menerus menjadi bodoh,anger
5233,fomo adalah singkatan dari fear of missing out yang berkaitan dengan sebuah perasaan yang takut tertinggal atau ketinggalan karena tidak mengikuti sebuah aktivitas atau tren tertentu.,neutral
5068,"mengapa allah menciptakan iblis bila tugas iblis hanya menjerumuskan umat manusia kepada perbuata nista? pertanyaan bodoh yg sering dilontarkan oleh kaum ateis, sekuler, liberal dan kaum munafik dan kafir lainnya kepada islam",neutral
4036,"crush gw jgn malu"" buat ngechat gw dah ;3 love u",love
8987,"aku merasa sedih sekali, rasanya aku sendiri saja",sad
3020,semangat bar2 tanpa takut limit,joy
9903,"bener ga, cobaan ini bukan cuma covid, tetapi juga penyakit hati yang sembuh",anger
8228,"rasanya kecewa banget, mau sampe kapan gini terus?",sad
9105,kaya apa kalo suara pdip jadi jeblok? ngomongin apa aja? apaan yang benerin?,anger
5295,kalo mereka main bareng lagi gue ga kaget sihh,neutral
3972,"aaa manis banget narasinyaa , suka suka aplgi sambil dengerin give me your forever",love
5370,"nah iya, mending kalo ada personal chat atau undangan langsung ke kita baru deh dateng semangat sender! kamu gak malu-maluin ko, km kan juga di ajak",neutral
4133,"yaahh dinikmati saja kalo kaya gituu, selagi masih ada orangnya disayang sayang aja",neutral
974,"tapi kami suka kpop itu tulus kak. gak ngerasa juga dimanfaatin. karya mereka juga bagus kok. menurut kakak, karya mereka ga bermanfaat? mau aku kasih liat penghargaan2 yg mereka trima? julid amat sih. gitu banget bencinya sampai dibentur2in ama even motogp. aneh.",anger
7291,"waktu SMA, aku punya temen sekelas yang loyal dan kompak, kami bahkan selalu segera bergerak jika ada teman yang sedang kesulitan, seperti saat seorang gadis menangis karena disakiti oleh kakak kelasnya, laki-laki segera bergerak untuk menemukan kakak kelasnya",joy
9175,kamu marah gak kalo diinjekin?,anger
954,"w clingynya suka peluk peluk bkn ini anjing, ini apaan gajelas banget",anger
9610,"ugh, itu namanya memperkaya pria.. apa mau pria besar kepala, kan? jadi, akhirnya ini ustazah bodoh.. bukannya membela kaum perempuan malah memberikan kesempatan pria besar kepala..",anger
9752,"emang boleh ga si aku kecewa sama dia, ya itu cuma aku kecewa dia ngomong gitu, aku beli acrylic frame dan majang pc bareng sama polaroid ortuku dia bilang gini, aku doang yg sensi, bikin aku makin ga mau kenal spesies cowok dasar idiot",anger
9547,"bener deh, kelisanya marah banget, sampe hidungnya berbau aja",anger
11720,"hebat deh kak aku suka banget sama muka bestfriend aku, senyumnya bikin aku senyum pula",love
5016,"pelatih sepak bola ini harus berurusan dengan polisi setelah aksi sodomi terhadap tujuh bocah di brebes, dibongkar.",neutral
12256,"kenapa sih kangen itu emang cuma cewek aja yang punya, padahal aku juga pengen disayang sama siapapun",love
9179,"bangsat bener gurunya, yang seharusnya mengayomi ternyata melukainya",anger
10874,"gue ngeri banget, takut gue ga bisa ditemuin sama kalian",fear
7490,yeay baru bangun udah dapet kabar baik,joy
1640,aw malu,fear
1290,kaget liat reply.. fans sultan smua keknya,fear
1380,takut ga ada yg mau pembesan ama gue maybe,fear
1933,ga enak banget tinggal di tempat orang,fear
4675,"semuanya udah diatur kan pasti, tinggal nunggu kabar baiknya",neutral
11501,"jujur ga ada yang lebih males daripada beresin lemari dan berpikir baju mana yang dipake mana yang engga. kadang baju yang dipake aja udah banyak tapi kok tetep numpuk di lemari. aku malah berpikir, apa yang salah denganku?",love
10222,"bangeeet, ngeri gini kalo harus nungguin acara",fear
892,"busyet bujubuneng.., elu baru kaget sekarang, selama ini ke mane aje tong!? ngapain aje elu pade..?!",anger
7287,"aku pakai skintific, enak banget sih, gak bikin minyak banyak di muka aku yang oily, gak bisa banyak review karena baru pakai semingguan. keren banget!",joy
4876,ketauan deh biasa searching di search barnya,neutral
7906,"terus aja ngedit foto aku, kalo udah dirasa oke aja, lalu buka pinterest, ternyata editan aku malah kereeeen, ga pantes bgt, ujung-ujungnya ga mau post di igs",sad
8194,"sedih sekali, gimana caranya bisa sembuh ya?",sad
11812,"i love you mommy so much, you're the best, aku suka kamu terus",love
10301,"gue cuman mau tenang sih, tapi kadang gue gak bisa, soalnya gue tau setiap hari gue harus bangun pagi, tapi setidaknya gue bisa beristirahat sebentar untuk memperkuat diri, tapi kadang gue suka pusing karena harus segera membantu ini dan itu, tapi gue biasa juga, tapi kadang gue takut jika harus berbicara dengan orang-orang tertentu.",fear
9041,"ga ada istilah kecil atau besar, aku lebih suka dianggap orang dewasa",anger
10929,"kasian lo, twt ginian ngeri bgt ya :)",fear
2466,"alhamdulilah aa, jimin udah sembuh. berarti gue juga harus semangat dong biar bisa sembuh",joy
7657,"ayo mulai rajin, jangan malas lagi, kita bisa berhasil kok!",joy
10106,"emang aku khawatir banget sama masin, tapi aku mau tetep optimis",fear
9788,gue ga suka sama lo!,anger
1913,dia mau marah pun lucu banget tapi jika masuk teel orang lain aq maloe,fear
2736,"nape nk dengar cakap org? commitment you diorang settle kan ke? i tanye je. kalau nk puas hati manusia mmg tak you, sbb manusia sifat dia tak pernah puas.",joy
726,ho'oh kalo aku malah makin jengkel,anger
7214,"keren banget pak mentri bumn erick thohir, semangat pak, makasih udah mewakili kita semua",joy
8245,"iyaa kak bener banget, sakit hati banget kalau mesti pindah ke tempat lain karena masih banyak yang lebih menghargai turis di Bali. Sekarang di Bali sepi banget, hampir semua orang di PHK dan gulung tikar. Alhamdulillah masih ada turis lokal yang ingin mengunjungi Bali, semoga bisa terus seperti itu.",sad
1796,malu japp sshh berapa haribulan tu btw,fear
3845,"elu itu care sm org yg lu sayang, baik itu temen atau pacar. orangnya gasuka yg ribet ribet, tipe org yg soft. kalo dulu gua ngambek atau marah lu malah yg minta maaf duluan wkwk. saran gua kalo elu yg baca ini suka sm confess duluan deh-",love
6402,aku dah terbayang anak aku. sedih tengok ryan,sad
10745,"eemmm si zam kok malah ngapain dm gue, aku gue malu banget",fear
936,"yang ngehoax itu kalian dan media kok nyalahin ridwan kamil lawak banget, yang jadi permasalahan itu patung garuda yang 2t bukan keseluruhan istana negara baca baca makanya biar ga kemakan hoax terus sama aja kaya kaum sebelah kalian suka hoax, idiot amat jadi manusia",anger
2265,semangat nov,joy
824,"jijik. kamu menjadi pembohong untuk menutupi fakta bahwa kamu ini, selain baperan, juga bodoh. ini adalah perbuatan paling menjijikkan yang dapat dilakukan manusia. ngaku panteis, bohong. ngaku ngikuti astronomi bohong. pembohong huek. ngaku anak ugm/ui?",anger
7274,"aku suka gaya penulisannya, ringan dan enak dibaca",joy
1389,sbenarnya panik juga sih,fear
3564,grey sama what am i suka banget,love
9076,"anjing nih eps 3 sedih banget, gue nangis ampe idung mampet, gemes banget",anger
5429,enak bobo aja,neutral
7827,"akhir pekan bukan akhir kehidupan, yang penting happy gais",joy
5690,"bnr banget, btw beliau kan salafi yak jadi ajaran nya keras banget sesuai tuntunan alquran dan al hadist, tp emg banyak banget yg suka fitnah beliau",neutral
7878,"ahh makasih ya, sedihnya nggak berarti lagi, aku ngerjain skripsi mulu",joy
1868,anjerr ngeri boss,fear
8202,"sayang sih aku jadi sedih, kenapa sih dia bilang jujur dari awal padaku tapi ternyata dia tak pernah tulus, aku jadi takut kalau dia tak akan pernah ikhlas padaku",sad
7486,"hey girl, aku selalu ada buat kau. jangan khawatir, semuanya akan baik-baik saja. tenang aja, semangat ya!",joy
9655,"saya ga suka sama orang itu, dia cuma bisa ngomongin soal seks",anger
806,aduh benci ah last2 minit xnak hantar.,anger
4805,baru saja mengirim foto agropolis wonosalam,neutral
11113,"kalo ada yg mau tanya, lebih baik panggilin sama umur, gak usah jadi kakak-kakaknya",fear
10300,"malu banget kalo inget masa lalu, gak bisa ngebayangin",fear
11520,"awalnya aku suka day6 gara-gara jae, tapi setelah aku kenal semua member day6 aku jadi suka mereka semua",love
12543,"akhirnya aku bisa berdandan dengan sepatu kets favoritku, aku happy bgt",neutral
10426,"wow keren banget, kaget banget liat gambarnya",fear
9155,"gemes deh lu ga ngasih tau fakta sebelum pertandingan, jadi aku kecewa banget",anger
7511,"akhirnya sabtu juga ya, semangat kerja yah! indihome selalu support online kita",joy
8056,"jangan nangis, air matamu lebih berharga daripada apa yang gue tahu, gue juga sedih tapi gue juga ga tahu bagaimana bisa menghiburmu",sad
4494,dia biasanya pergi olahraga sendirian,neutral
2632,semangat pemulihanya sayankk,joy
11203,"aku suka banget sama ini. awalnya tau dari teman sekolah di kelas 10, lalu penasaran dan akhirnya ketemu di preloved 2020. seru banget, gemes banget sama yang bungsu",love
8896,"semoga kamu tidak perlu merasakan sedihku, semoga kamu mengenal aku, yang hanya aku, dengan segala kebaikan dan keburukanku..",sad
8623,wml udah selesai. semoga jaehwan dan baejin segera sembuh. aku sedih melihatnya,sad
7832,"ini gue ngerasa banget sama dialog ini, simple tapi ngena buat gue pribadi, harus diabadikan",joy
4388,"penghargaan ini adalah untuk gubernur sebelumnya, anies hanya terima saja, colek pdip",neutral
145,makanya pada ngaji yg bener biar gak bego..,anger
6467,"awalnya saling sapa, ujungnya saling suka. awalnya saling mesra, ujungnya kecewa juga.",sad
2033,"inget guys teras cihampelas bandung tempat relokasi penjual sepanjang jalan cihampelas aja ga efektif. mungkin beberapa bulan pertama bakal banyak pengunjung tapi setelah ketemu banyak minusnya bakal sepi dan kumuh, jadi agak jijik gitu",fear
11488,"aku suka banget dari 2011 sampe sekarang, tp gatau kenapa aku cuma nonton di youtube aja, mungkin lagunya terkenal banget karena ada di pump it up",love
1165,takut ya.,fear
2050,"kalau yg cuma kembang tahu doang, aku belum pernah coba tapi pasti enak.,duh lupa namanya",joy
3760,aku suka banget kalo kamu foto pake kamera t______t mau nangis ily banget,love
10816,"makin dekat 10 februari, aku makin cemas.. aku bahagia karna anakku makin dewasa, tapi juga ada rasa cemas karna hal yg sama..",fear
4435,kabar baik,neutral
3430,"jadi inget author yang ngedrama dulu, eh gila gue ikutin banget hahah. karena karya nya sih sebenernya makanya gue suka.",love
8190,"ayahku pasti nyesel jadi orang tua aku ini, aku kan jadi wibu begini",sad
11034,"ngeri banget rasanya, moga-moga semuanya selamat",fear
7069,"rek aku cewek umur 24thn aku diumur segini masih aja dipukulin sama bapakku sendiri. hanya krn masalah sepele, misal salah pake panci buat masak mie. aku dr kecil dah biasa dipukul. dan ibuku malah mengancam2 aku kalo sampe lapor ke siapa aja. aku harus gmn? aku udah menyerah dengan hidup",sad
4361,"anak penguasa .. yachh siapa berani ngelawan ?? kpk saja melempem . polri dan kejaksaan , bisa2 dicopot klau ngurusi 2 org ini .",neutral
10616,"ngeri nih egoan orang, padahal dia itu sendiri udah tahu dia egois, tp kok masih ketawa-ketawa aja, kayaknya aneh nih",fear
9454,"ga tau kenapa, suka banget nyerang love language gue, siapa tau bisa keliatan deh",anger
1771,ngeri bgt ini org sebelah gue..,fear
3511,suka banget di sini,love
271,karena saya egois dan bego,anger
8436,"entah kenapa kagum bgt sama kejujuran cewe ini, jadi sedih",sad
2032,takut kecewa sama ekspektasi,fear
9005,"ga usah pusing lagi, aku bisa benerin",anger
12178,"aku suka sama bang johnny, dia selalu menempatkan orang lain diatas dirinya. aku juga suka sama orang yang suka ngelakuin banyak hal tanpa terlihat menonjol, aku pengennya nemenin orang yang emang--",love
3810,"tapi jujur suasana tempat makannya ky rm sunda modelan ampera dan kawan2nya. trus aku makan beres dluan, aku bilang aku mau keluar dulu. eeeh ternyata si harry ngikutin wkwkkwkwkk trus aneh banget dia bilang dia suka sama aku wkwkjwjwjjw",love
9996,"ngeri banget, aku takut kalo malah ketemu orang yang ngomongin gue di belakang",fear
4346,ya allah beri kabar baik untukku hr ni,neutral
10653,"wkwkwkw aku baru beli cushion, pertama kali pake, bingung mau beli shade apa, warm ivory pake keterangan ga ya? aku takut salah beli",fear
545,mba kuntil bikin emosi,anger
3241,kabar bahagia terus dari kemarin. mudah-mudahan bisa sehat terus semuaa,joy
8930,"jujur sih aku sedih banget, rasanya mau ngobrol sama dia, tapi aku ga bisa, manusia kan bukan",sad
8502,"aku selalu percaya pada diriku, aku akan terus berusaha",sad
9323,"ga usah kaget, ini lagi bikin emosi. Gemes deh",anger
12493,"sayang, kalian jangan jadi cewe yang ditinggalkan, jangan lupa perhatikan cewe yang ada di dekatmu",love
10961,"ya, biasanya aku jadi kacau gitu di tengah-tengah, karena takut ada kendala. eh, ternyata kena hnr",fear
7564,"makasih buat kamu yg seneng banget sama aku, seneng banget rasanya ada kamu",joy
920,hadeuh.. kita rakyat ini dibodohi duble dong.. enak sampeyan dapat gaji hanya utk kepentingan ketum partai..,anger
11477,"gimana sih caranya bikin rambut kayak di anime? Suka bingung banget, bgtu kalo mau gambar tapi malah jelek. Bantuannya tolong ya, pengen banget tapi gk bisa",love
6640,"paket aku ko belum dikirim juga ya padahal udah dari dua hari lalu mesennya, meni sedih ih asa lilaa:(",sad
7694,"semangat pagi, hari ini pasti indah",joy
8230,"hiyo ini lho, cakep bgt gaes, ga ngeles, udah dari tanggal 23 januari, nyesel banget ga liat sekarang, hiyo ini beneran cantik",sad
7126,"aku seneng banget dia kembali seperti biasa, mantap banget",joy
4278,"baru bangun langsung di sapa kabar baik, alhamdulillah i vote for for at the 2022",neutral
2983,"ga kuat ngakak bgtt, ap g malu y orngny di spill gini",joy
130,"diorang ni semua dah lama nak borak dengan kau. tak fun kata diorang, kalau tak dengar kau buat lawak bodoh satu hari.  tu dulu la jepp. haha.  kitorang dengar kau tengah on satu projek. big project. semua bercakap pasal kau jo.  takde la. benda takde pape lagi. ",anger
7980,"kalo denger denise keluar akwihfiaia, aku jadi makin sedih",sad
2667,"ada raisa makan semangka, ayo kak mimin yakin kamu bisa dan semangat terus yah ^xb",joy
7138,"asahi jadi legenda ngawi, jadi jadi legenda ngawi",joy
3223,"mau ini bener atau kaga, tapi klo denger kabar baik soal timnas, selalu seneng sih",joy
9374,gemes deh puasa tapi ada aja yg bikin marah,anger
7693,"ayo, Denise, tetaplah bahagia y:))",joy
5392,"pantesan gelarnya diduga palsu, minimal hasil nyuap. sok keren gunakan istilah coattail (coat tail) . buzzer yg profesornya aja kualitasnya begini, apalagi yg cuma ikut liqo 3 minggu.",neutral
614,ah lu tolol. males bacanya,anger
12476,"eh cuy, ibu kandungnya lagi nyalahin aku, sayang banget *nyerah*",love
1466,asli iyaa takut kopit tp katanya jg karna lg pergantian musim,fear
4497,"detektif yang berhasil menangkap pelaku dengan hipotesanya tapi membiarkan pelaku bunuh diri, sama saja dengan pembunuh -conan edogawa / shinichi kudo-",neutral
3042,jgn pergi anda kata ustadnya ya suka suka dialah stad wkwk,joy
9126,"gemes deh ini kelanjutan demo, meski akhirnya orang marah karena kecewa, tapi yang didukung malah jadi menteri semua",anger
2419,"kuuyy kak, mau liat haekal bahagia, tapi kalau sad end bakal lebih berkesan lagi.,hadu gw kayanya nyari penyakit de",joy
5085,"dendam antara ppbm dan umno saja waktu pn, umno tarik sokongan untuk jadi pula kerajaan walaupun agak rapuh, janji jangan bagi anwar jadi pm itu dasar dan kebersamaan nya bila melaka dan sarawak result cantik, aim pula johor",neutral
3294,"my lovely bestfriend, anaknya emang kek anjing tapi lucuu!! setiap main gapernah ada sedih sedihnya, yang ada ketawa sampe pingsan",joy
6737,sedih mau cd.,sad
1500,jangan di cepuin takut di cakar sama mix,fear
9018,"ya udah lah jangan gosipin lagi, ayo sarapan kita makan dulu baru kita bisa berpikir",anger
1521,"[] takut ga bisa memerankan bapak min yoongi dengan baique, karena yoongi tu kek diem diem gt kan nah gue rada petakilan. sama takut kalo disuruh show off ke ""savage"" an nya tuh gue ga nyampe gitu.",fear
11852,"aku suka banget sama masker miisoo ini, bahan dalamnya lembut dan enak ga bikin gatel. walaupun longgar tapi bisa diakalin talinya biar rapet",love
4232,gak aneh kok. kenapa harus aneh~ tapi gapapa kalau sesekali mau coba nderr~ nebeng sama temen gitu kalau lagi pada mau nonton. kalau engga ya gapapa. chill~ santai~ ada wilayah yg ga ada bioskop dan isokay kincana kok,neutral
7686,"selamat pagi dari pku, tante baru bangun, nyenyak banget bobonya ga gerak2 semaleman, semoga sehat n happy selalu teman2 se alter, yakin selalu ada rejeki tuk kita hari ini ya. cemilan dari momo juga ikut menemani tante visit pku, emg gitu tante suka bawa2",joy
8820,"kalo suami pergi kerja pagi, rasanya kayak bff yg pergi, sbb dia sibuk kerja",sad
4430,"tetua2 kampung cerita ketika dahulu wabah kolera menyerang, bnyk orang meninggal smp kuburan penuh. hmpr setiap hari rakyat meninggal krn wabah. membandingkan dgn cerita itu, jml org meninggal di kampung2 masih normal2, tdk ada lonjakan berarti. hapus saja status pandemi ini bung",neutral
390,"5/6 aakkkk benci kalo pulau2 kecil, ga paham",anger
12425,"aku suka banget sama modelnya, lucu dan manis, aku suka yang kedua",love
7124,"semangat, jaga sehat, dan jangan lupa senyum",joy
5913,"tak perlu kecewa, kalah dan menang dalam permainan hal biasa.",neutral
8592,"gimana ya aku ngerasa cuman pengen dia tapi dia ga ngerasa begitu, sedih banget asli",sad
4806,"ngalir aja, dftr snm aja asal daftar eh tau tau lolos. tentu saja dibarengi doa dan ibadah",neutral
11267,"chemistry younghyun aku suka banget, tapi adegan bdsm nya masih terlalu dasar si buat 18+, dialognya kurang sreg juga samaku, tapi secara keseluruhan bagus-bagus aja",love
8238,"apa genre filmnya, kalo bikin aku nangis aku pasti nangis. ini tadi aku nangis zombie di all of us are dead :)",sad
8044,"sedih banget hp aku rusak, kapan bisa diresmikan lagi",sad
12324,"aku suka banget sama mie goreng ayam bawang, mantul",love
3993,kebiasaan deh kasur suka posesif banget.,love
12033,"-hey sender, lagu ini ngehits banget, lagunya sedih tapi ga lambat. baca translate-nya aja, jadi teringat anime kesukaan sender. ternyata seunghyub juga nyanyi lagu ini",love
6609,kalo pusing sama sedih pasti jadi kangen rumah,sad
5319,"kerana berita palsu bisnes kami jatuh, sos aminah hassan mahu kembali bangkit",neutral
12400,"aku suka nonton, tapi epsnya agak sedikit kurang, kenapa ji tae mati?",love
7119,bubur kuah kuning bikin happy banget,joy
2421,bahagia kamu sedih amat sayang melibatkan orang lain yang bahkan ga peduli kamu seperti apa. terimakasih yuan selalu sayang diri sendiri dan menghargai masa lalu dengan tidak berdrama di masa depan.,joy
5604,orang2 jago banget menghakimi orang lain sekana akan yang mereka liat itu selalu salah ya.. padahal mereka gatau orang yang mereka hakimi itu salah satu orang yang gak seberuntung mereka.. semoga kalian gapernah ngerasain gagal nikah selalu bahagia dn pnya pwsangan yg baik,neutral
1750,alhamdulillah drawnya agak wangi tapi tetep takut,fear
11341,"gue happy banget karena mama gue selalu ngutamain aku dan selalu berusaha ngertiin aku contohnya kalau aku lagi bad mood pasti ditanya kamu kenapa, ada masalah? terharu rasanya pengen nangis",love
12241,"aku sayang kamu, jadi aku marahin kamu bukan berarti aku ga suka sama kamu, tapi aku coba menegur kesalahan kamu dan ingin kamu jadi lebih baik",love
338,aku benci kenapalah korg tepuk masa ni! hoi!!!!!!!,anger
8407,sayang banget kalo ga diisi ciba jadi kosong,sad
1341,"shade cushion make over lebih cocok yang mana ya? kalo warm ivory keterangan ga? aku baru pertama kali mau beli bingung milih shade, takut salah",fear
12025,"aku suka banget asmr, seneng banget nontonnya",love
7982,"gimana cara damaiin hati yang sedih, gimana",sad
3640,pls suka banget sama kak mimo dan kak bayu !!  - hshhehshhs aku juga luv sama mimo bayu berani adu bacot doang tapi softie kkkk,love
329,"semua yg dari arab pasti halal cuy bagi sebagian orang-orang bodoh yg ada di indonesia kdrt aja dibenarkan kencing onta aja diminum teroris dijadikan anggota fatwa mui teroris dijadikan ulama, ustadz n guru agama kok",anger
11117,"aku takut kalau mau meluk, tapi aku juga takut ga meluk, ga tau mana yang lebih buruk",fear
3004,"kalo udah interact sama kamerad joo ngga jadi kesel, mana kamerad joo nya gemes banget kayak malu malu kucing plis gw jadi salfok sama mereka their little moment in every episode are so precious",joy
6960,* mungkin hidup gue bakal bahagia kalo gue berasa orang yang menyayangi gue :'(,sad
4090,"oh kalo kfc iya masih ada rasanya, tapi kalo ayam biasa kan.. beda gak sih",neutral
9828,"wow, ternyata wanita itu menghukum pelayan karena pernah jadi korban ghosting",anger
2322,semangat kyoo,joy
6667,"ada yg salah besar di klub kalo tiap musim tidak mampu jadi penantang gelar di tiap kompetisi. kecewa stlh kecewa krn klub ini skrg klub pnh drama, bkn soal prestasi lagi. musim ini, semua kejadian ga enak terjadi di kandang. jadi bhn olok2 bhkn utk pihak yg ga bhs bola",sad
7009,"kenapa single? karna tiap suka sama orang, aku doang yang suka, dianya kaga alias cinta bertepuq sebelah tangan ;/3",sad
4197,"anonim pak dok, ava nya colongan,biasa mancing keributan..gk usah dlayanin",neutral
3549,"dari awal gw termasuk yang menikmati karyanya gofar, walaupun memang bahasanya vulgar dan sebagainya tapi bukankah itu pilihan ? kalau kalian gak suka yaudah, gak perlu nikmati karyanya.. lagian modelan gofar banyak banget kok luaran sana.. love gofar",love
9650,"ceweknya gila sih, ngomongin gini ke aku. terasa bodoh gila",anger
8363,"waduh aku jatuh cinta sama temen sebangkoo, apa wajib ngurung diri atau gimana",sad
4203,"mu third last nike size xl, excellent, ada beberapa bobles, 500k saja untuk detail silahkan wa 08225892827",neutral
11726,happy morning. aku pengen kenalan sama kamu. kamu kalo aku deketin ada yang marah gak?,love
11245,"aku suka banget sama tulisanmu kak, bikin aku terharu. Aku juga mau seperti kalian, punya ayang juga",love
6185,"sedih banget ketika orang tua ekonomi nya lagi susah tapi berusaha keras untuk kebutuhan anaknya. maafin aku yaa pak, yang selalu nyusahin. semoga nanti bisa berkali-kali lipat buat bahagia ibu dan bapak",sad
1639,winwin wayv tapi ini konten berbaayar gue kaget anjir masuk sini,fear
9130,"gua benci twitter, suka ke refresh sendiri, gak abis pikir ada tweet lucu",anger
60,yaa kann ga ngerasa cape cuman larinya jadi lemot bangett. emosi gue,anger
1240,"lawan bocil aja takut, apalagi melawan restu orang tua",fear
5760,sederhana saja. kalau sombong; banyak yg nggak suka. kalau rendah hati; banyak yg seneng & nyaman denganmu.,neutral
5136,"ika kamu benar, maka kamu tidak perlu marah. jika kamu salah, maka kamu wajib minta maaf.",neutral
2343,kereen semangat,joy
2120,"sebab tetap, pencen n senang dpt loan kot huhu",joy
1524,walau hati takut membadut,fear
7617,"alhamdulillah aku segera sembuh.. jadi aku bisa istirahat, seneng banget ya. padahal aku sedih ngedit foto si Al yang nangis",joy
153,gue benci hari sabtu,anger
481,masi pagi ni jangan bikin sy emosi,anger
6122,sedih bgt farewell giftnya yeppeoseo :((,sad
7674,"jangan menyerah, jangan putus asa, lanjutkan",joy
7101,"terima kasih buat pemilik akun cantik, kamu selalu ada di saat aku sedih, letih, bahagia, atau gembira, dan aku seneng banget sama kamu, aku happy banget",joy
1762,"diberau ada konflik lagi antara dayak sama bugis, jd khawatir keadaan ayah, mana handphonenya g aktif di tlf, ayah :(",fear
8942,"pagi ini aku ga semangat, kenapa ayah belum makan pagi?",sad
7715,"parfum sih enak, cuma aroma gitu aja",joy
9977,"baper deh sama keadaan sekarang, bingung gimana nih",fear
11909,"aku suka kamu, tapi aku ingin kamu berubah menjadi lebih baik",love
7479,"ini enak banget sih, terima kasih untuk segalanya",joy
6212,"fun fact, menggaruk bagian gatal itu engga bikin gatalnya hilang, yang ada malah kulitnya iritasi. sama kayak kalo lagi patah hati lebih milih galau n dengerin lagu2 sedih. emang kitanya suka nyakitin diri sendiri ya kayaknya..",sad
4853,"enggak begitu suka susu. kamu saja mungkin yg minum susu, biar makin bongsor.",neutral
2711,manjain mata biar puas~,joy
6766,sedih banget pls..,sad
4150,"47. hi, pasti lagi nyari jasa un-sus un-lock ya? bisa ke yap | unlock all case 5k / acc | unlock umur 7k / acc | unsus biasa 10k / acc payment dilakukan di akhir a¼ close uns permanen semi perm",neutral
1333,enggatau tp takut,fear
11849,"oke banget, lagu keren bgt",love
11046,"gua kaget akun gua tiba-tiba keluar sendiri, apakah ada yang salah?",fear
8378,"ya udah kagum sama artis gitu dr jaman sma, sampe sekarang. Tapi baru sadar kalo kagumnya itu abisin duit banget deh. Aku kira kalo ga terperosok dr dulu, mungkin aku ga akan kehilangan banyak uang",sad
9328,"kalian berdua nyalain lilin sampai semalem, akhirnya bangun-bangun dah habis",anger
11823,"aku suka ngabarin tanpa sengaja, ini biasa aja gaes",love
12228,beda banget dah wajah orang yang terlihat suka dihargai dan yang ga,love
10250,"terus aku unfollow aja, ternyata jelas banget alasan orang2 ga suka sama dia, jadi aku jadi takut keknya",fear
11481,"gue suka banget baking, jadi seneng aja",love
3850,"jujur ya , banyak cinta yang datang kepadaku, tapi ku tolak semuanya. karna aku masih suka wanita!!",love
8340,"pagi kok buta, sarapan nasi+chiki boncabe, perut mulai nggak enak",sad
4124,mantap saja pak erick thohir,neutral
12052,"aku suka banget sama muka sendiri, meski sering nangis dan breakout. aku pengen muka aku glowing kayak cewek lainnya, tapi aku sayang muka ini juga. muka aku adalah muka aku, aku sayangnya",love
4788,"biasa aja si gw sama ale jg ga awkward skrg, awal awal putus doang awkwardnya tp yaudah lama lama juga kebiasa balik lg kayak semula",neutral
2866,bahagia bangett,joy
1386,takut limitt,fear
5941,msih sepi apakah masih pda tdur / udh pda sekolah?,neutral
3067,seru banget kadang suka rewatch wkwk 8.5/10,joy
11398,"jadi harus lapor makanan siangnya karena suka diomelin, padahal udah ga muda lagi. I love you mommy, you are the best",love
3629,sama-sama sayangkuu! aa gemes banget snacknya huhu aku suka banget maaci cayang mwaah!,love
11913,"jadi aku seneng banget kalo teman-temanku tahu aku suka jawab bebas kalo ditanya apa yang aku mau, jadi mereka pasti pesenin aja apapun xixi love you all",love
12014,"aku suka banget sama kk flo, yuk kita beli kk flo",love
3028,"oiya mau nambahin lagi! meskipun cara anaknya ambis tapi dia anaknya ga kaku dan galak, justru cara tu orangnya rame, suka spam sticker tuyul, dan tiktok jelek memang manusia tidak sempurna maka dari itu, ketidaksempurnaan cara adalah humornya minus banget",joy
2969,alhamdulillah ga malu lagi kita tum,joy
9900,"fi: dia lucu banget kayak Arashi. ci: fiel, kau ngeri banget, suka mleyotin orang, suka ngajak gelut pula, aneh…",anger
11145,"kasian banget.. ceweknya curhat di medsos, siapa tau nanti jadi bahan cibiran di kampung",fear
8646,"ya memang aku lebih nyaman sendiri karena ngga usah susahin orang lain, tapi kadang aku mikirin masa nangis sendiri di tes, ya aku tau aku ga worth it",sad
6136,why? rasa sedih la hri ni..smlm tgk ada lgi..pgi ni dh takde..hurmm..apapon sangka baikk,sad
8801,"yaahh, aku nyesel banget nggak ngemis sama orang yang aku sayang",sad
4263,tapi seneng sih punya temen kayak gini lucu. suka banget ngerjain orang sekitar. tiba tiba gak ada kabar dan tiba tiba ilang dari goa terima kasih orang baik,neutral
645,masi pagi bikin emosi aje,anger
12166,"gue suka diposisiin, tapi gue ga sampe over, kalo gue ga nyaman, gue cuman deeeptalk, kalo sampe nggak bisa gue putusin",love
2074,"terima kasih sudah berjuang sejauh ini. bertahan sekuat kuatnya. jangan pernah mengeluh. terus berjuang, terus semangat. walau sendiri, jgn bersedih. masih ada tuhan yg mau menemani tiap saat. for me",joy
341,"udah gw duga, soalnya tumben bgt cube ngegas bgt promosinya dll, jadi keinget cb helicopter kmrn . cube, kalo lo sampe ngapa2in anak gw awas ya. gw marah bnrn, marah bgt.",anger
8041,"gini sih, kira-kira kapan akhirnya aku jadi sikecewa? rasanya udah kira-kira selesai, tapi eh ternyata belum",sad
1622,that takut ngebungkus tho,fear
7141,"gilaa akhirnya libur juga, enak banget deh",joy
5796,"ronaldo: 'gak usah sedih, kayak aku ini loh main bagus atau jelek gaji tetep selangit..' elanga: 'nggeh do, bar iki langsung party wae aku..'",neutral
7184,"hehehe sekolah, aku bersemangat banget yaaa",joy
11748,"aku suka banget gosip tentang air dan api, jadi gak perlu bilang lagi",love
8232,"ya ampun, aku terlalu sensitive banget sama perbuatan yang menghina hewan. Aku merasa sangat sedih dan kecewa sama keadaan ini. Aku merasa hatiku mati karena menghadapi hal ini",sad
5475,"aplikasi premium,2» henlo benlo ! aku jual app premium nih. ngga enak 'kan kalau acara asikmu diganggu iklan, yuk beli app prem di aku ! trusted legal bergaransi proses cepet minat? dm or tele ?anathaa",neutral
10281,malu banget nggak berani ngomentarin postingan orang yang war,fear
10367,kenapa sih lu wangi gitu kayak orang kaya? aku cemas banget gaes,fear
11652,aku suka banget sama kisah Pledis yang jelas dan detail banget. Aku nggak mau dikasih kabar yang setengah-setengah.,love
74,"nnton sis, masih on going. emosi mulu yah, sekarang nntonnya udahlah ikutin aja",anger
12466,"ya udah, enggak apa. aku sama sahabatku di SMA pernah suka sama laki yang sama. kita bawa fun aja, inget banget waktu tuh laki lagi main futsal di lapangan sekolah, siapa yang liat duluan, nanti kasih tau terus nonton bareng",love
10849,"jadinya move sekarang aja, karena tadi pagi aku lock yaank, meskipun udah unlock tetep takut",fear
10268,"hati-hati nih, jangan terlalu kepo, kurang aja kepo, cek urg mah nanti takut jatuh cinta lagi, awas nanti kau jatuh cinta",fear
8633,"udah bosen ga ngomongin p word, sedih banget ga ada uang tapi penasaran jajan",sad
11620,"Jeanne cantik bgt, aku suka banget sama dia, sayang sama dia",love
2051,"ingett wkwk. iyaa dog lalu kita bertiga , sama dina mabuk kepayang sama legollas, pinjam cd nya di rentalan , astagaa kita remaja bahagia ya waktu ity",joy
2541,kaya enak aja empuk banget,joy
1301,"aku infp dan di aku relate. kalau ada hal yg ga terorganisir tuh emang panik sendiri, pikiran jadi ga tenang :')",fear
5877,"pasti sedih dan capek jugaa, semangat ya firdyy",neutral
7368,"aku suka banget nih lagu-lagu gfriend, gue punya banyak idol juga, suka juga nih lagu-lagu yang mereka nyanyiin",joy
1304,"contact kita bisa dinamain siapa aja, ngeri juga",fear
8428,"yah siapa aja ga pernah kesal sama diri sendiri, rasanya coba aja",sad
11444,"suka banget rasanya, aku happy banget",love
2599,ayo semangat,joy
2573,"yuk kak tamatin , semangat !",joy
3186,ga biasa tdr miring kiri jadi kemeng2 wkwkw ngakak,joy
2768,alhamdulillah.. semangat,joy
4831,treasure comeback yang sudah ada yang mau jadi apa saja kerugian p mksoed,neutral
4223,"cukup unsurnya? semoga saja rakyat mengambil pelajaran kedepannya bisa lebih cerdas memilih wakila""nya yg menjunjung tinggi etika dan moral, aamiin",neutral
12161,"aku suka jawab bebas kalo ditanya mau apa, jd temen-temen deket aku pasti pesen apa aja, aku gak pernah tahu apa yang mau mereka pesen. Tapi aku cinta semua temenku, aku suka semua temenku, aku kasih sayang sama semua temenku, aku peduli sama semua temenku.",love
2106,iyaa mau makan yang enak yang banyak,joy
2679,ziung mania? mantap! selamat ulang tahun ya ngab. lewat pesona gua di twibbon ini gua turut berbahagia untuk pertambahan usia lu yang lebih cepat 3 bulan dibanding gua. semoga hari ini jadi hari yang unforgettable dan jadi hari yang menyenangkan untuk dihabiskan! bahagia selalu.,joy
10953,"gue takut ya, klo pake baju begitu ga biasa, malu juga sih",fear
1387,ada nad.. barusan. tapi takut makruh kalo marah-marah ngomong kasar.,fear
12190,"org yang sekarang gaes jadi inspirasi buat gua, karena mereka selalu membangun dan memperbaiki diri, mereka juga baik hati tapi ga bapet2, mereka juga peduli sama orang lain, dan jadi motivasi buat gua untuk terus berusaha menjadi yang terbaik",love
11239,"aku suka banget dengerin lagu memories-nya one piece, ga heran kalo gue bisa jadi gila kalo tau artinya",love
12173,"mak aku ada buktinya aku masih punya mantan yang suka sama aku sampai sekarang, dan ada lagi yang namain anaknya aing, aku juga punya mantan yang udah cerai sama istrinya, dan aku deketin mama lagi (papa udah gak ada) mama: aku nggak mau mama ngurusin laki orang.",love
7083,"hahahah wajib nyak dulu ambil, ngeri gaes abis hahahahahaha",joy
1279,kaget anjir mini,fear
804,bodoh banggang tak sedaq dgn kediri sendiri tu org kata jenis tak reti nk bersyukur bg p la bnyk mna pun ttp takkan cukup nk ada hati pulak nk cantas aku bukan main bodoh banggang lagi habaq kta lani nk tukaq senang org tua takdak dh nanti semua aku potong nama,anger
1555,"emang sih, aku bukan siapa-siapa kamu. tapi aku nggak bohong kalau aku khawatir dengan keadaan kamu sekarang. bolehkah kalau aku yang menghubungi kamu duluan?.. tapi aku takut bikin kamu risih..",fear
11952,"aku rindu kamu, cinta, sayang, dan peduli banget sama kamu",love
4566,"ayah ku berkata, lelaki itu tidak boleh di paksa dalam hal apapun. dimakan saja dan bersabarlah. jika ia jodohmu, ia akan kembali dan menjemput mu tanpa kamu mintai..",neutral
12184,"rasanya enak banget kalo di panggil 'cece', aku suka banget sama orang yang bilang itu padaku",love
4841,gicafe kopi ginseng stamina pesan : pin bb : d68681f0 wa : 085252552807,neutral
3594,"aku suka banget ya allah:""",love
6035,sepi amat,neutral
6852,pernah ga si kalian nyakitin diri sendiri biar ga marah hehe,sad
10112,"aku kalo bisa buat kerja gila pinjam hair dryer di dept aku, tapi malah takut kantoi sama bos",fear
8705,"sayang sekali, aku sendiri di sini",sad
4177,"istilah kuda hitam banyak digunakan dalam sepak bola, seperti tim yang tidak diunggulkan tiba"" melejit bisa mengalahkan tim unggulan, disebut kuda hitam biasanya tim hebat dimasa lalu yg lama tertidur kemudian bangkit, nah melalui ahy bisa saja dipemilu 2024 bangkit~",neutral
1308,"anjir anjir anjir sumpah ma, pak, hamba takut banget kalo disuruh nungguin adek sendirian. takut dia bangun terus cekek hamba",fear
9106,"fb seru banget, ga ada yang bisa ngalahin",anger
3452,nempel banget kalian .. padahal ngobrol tinggal ngobrol kenapa harus bisik2 segala kan q suka jadinya,love
3695,"selama pemakaian, kulit wajah terasa lebih lembap, fresh, dan terhidrasi. finishnya ini bikin muka jadi glowing. overall aku suka sama kedua produk ini, mereka tidak memberikan efek negatif dikulitku ( ´ ) aku kasih rating untuk kedua produknya yaitu 4.7/5!!",love
4242,"1. suami menuntut istri taat? tanpa suami menuntut pun agama sudah mewajibkan 2. suami mengejar nafsunya sendiri, itu jelas salah. namanya hawa nafsu ya harus dikendalikan 3. seolah jika tidak boleh berpoligami, perzinahan ditanggung istri? zinah ya zinah saja dosa suami.",neutral
2198,"halo haloo, jihan disini mau kasih sedikit reminder ya,jangan lupa bersyukur atas nikmat pagi ini jangan lupa sarapan, minum yg banyak jangan sampe jatuh sakit ya mandi pagi biar segerr jangan nangis nangis ya, semoga bahagia selalu u're magical, love",joy
8966,"ya allah, baru bangun denger kabar denise, ya allah",sad
4425,"makan mangga, normal nya kalau sudah mateng. gak perlu ditambahkan apa2 juga sudah enak kalau masih pencit (mangga belum mateng), harus ditambah yg gula merah lah, yg garam lah, yg asem jawa lah, yg cabe lah.. dlsb. kebanyakan tambahnya, karena makan yg blm mateng",neutral
6150,kecewa sama diri sendiri,sad
943,kenapa kalo dengerin lagu sendirian suka cepet banget bosen gue hshsss,anger
822,weekend ruined. haih penat la bodoh jadi supporter mu ni,anger
5005,"ini juga wajib baca, yang suka genre angst baca deh harus bgt. au 7 dream as family, minim romance kok. happy ending, ati ati emosi pas baca, rate 2002939273928397/10. kalo beli bukunya ada unpublished part yg discan & dibuka di drive",neutral
6612,"butuh waktu yang lama untuk kembali percaya, dan berdamai dengan rasa kecewa.",sad
8356,"maaf yaa aku coba perbaikin diri demi kamu, tapi aku gak bisa, aku benci diri sendiri",sad
5619,"memotivasi mereka untuk belajar dan pintar. orang-orang tua merekapun jg senang dgn adanya pondok pintar papua inu. ucapan terimakasih para orang tua diberikan untuk para satgas yonif.,",neutral
4547,"sampai 2024 selama rezim berkuasa baju merah super kebal hukum, apa kabar koruptor berbaju merah bansos",neutral
2538,"tapi ""child"" enak banget si pas sama suara mark lee",joy
9503,"gemes banget tweet ini, nggak abis pikirnya",anger
5207,jgan bales dendam yaa,neutral
11985,"sayang, aku akan datang membawa cinta untukmu, jangan sedih lama-lama, semangat ayang, kita cinta u so much, jadi bahagia ya, kamu tersayang selamanya",love
11334,"aku suka banget sama coklat, nih aku kasih kamu",love
3054,"haai, sender! selamat pagi, aku mau kenalin anak aku namanya kaitlyn () yang bisa banget kamu ajak food date mcflurry hari ini loh. kalau untuk varian mcflurrynya, kaitlyn suka yang mana aja kok atau nanti kamu bisa obrolin lagi sama kath ya, sender. --",joy
3675,beomgyu sekalinya muncul suka bikin nangis soalnya kangen soalnya sweet berat banget,love
7776,"seneng banget nih, terong enak bgt",joy
7218,"met pagi ya, bangun dengan penuh semangat",joy
6722,"kecewa, broken, membuang sedih, membuang masalah, paling parah si pingin move on.",sad
3300,cie sedih kawkwakwak ngakakkkk,joy
3310,"orang kalau hatinya udah kotor tu pasti ada aja tingkah jahatnya, itu peristiwa paling gak bisa dilupa deh dan jadi peristiwa sedih juga. alhamdulillah om ku sembuh dan bisa pulih kembali, mungkin kalo sekeluarga besar gak saling sopport nyawa om ku bisa aja hilang :')",joy
7221,"wow! baru bangun pagi dan dapet kabar kece banget, seneng banget ya ampun",joy
8519,"baper banget, emang sih ngakak tapi akhirnya sedih gitu",sad
10682,"dua hari ini, aku ngerasa flu tapi gejala omicron gtu. semoga aja si emng flu biasa, bismillah gpp meski aku was-was",fear
5954,"melankolis mudah untuk sedih, gelisah, galau dan melow.",neutral
10998,"cobaan baru yaitu jadi ready stock, apa yang harus saya lakukan untuk menangani situasi ini?",fear
832,kayaknya ini udah lama bangt gue nggak marah-marah abis baca ff..,anger
3462,mau banget punya rumah design terbuka gini.. tapi kalo berpikir di bogor yang suka hujan tiba tiba angin puting beliung dkk kudu di alter supaya bisa tetep tertutup,love
11749,"aww, thanks, jocie. dan, hi mba calypso! aku suka nama kamu dan aku liat di cv mba kalau kamu suka gambar, kebetulan aku juga suka gambar. oh iya, namaku erzakiel, bisa dipanggil erza atau kiel. salam kenal ya!",love
7643,"hey hey aku ikutan photopack di mirfa yuk dom tangerang, cuma 50k, bisa dicicil, santai!",joy
54,bego ya begi diba astaga,anger
3451,kalau anaknya sama suka nyanyi sekarangg menyapaa di media gitu ga ya? soalnya nak w umur 6 taun apal banget dan sering nyanyiin tu jingle,love
6305,sepi soalnya berkurang kegiatan makan dan minum,sad
10093,"jangan kawatir ya, semoga semuanya berakhir dengan baik",fear
1481,duhh gue takut ke s,fear
4873,"kabar gembira untuk kita semua, kulit manggis kini ada ekstraknya, mastin hadir dan rawat tubuh kita jadikan hari ini hari mastin, tampil bersinar membuatku bahagia badan sehat rahasia mastin herbal, rahasia alam dari indonesia penuh pesona pesona mastin.. mastiinn good~~",neutral
8038,"seneng banget akwihfiaia mau keluar, tapi sedih juga deh gara-gara denise, gimana ya",sad
3335,"ada yang suka sama bill skasgard reply sama favorit movie dong, gue lagi nunggu banget doi adu peran di ""boys kills word"" sama yayan ruhiyan perannya jadi bisu dan tuli mvs",love
6016,biar gak sedih-sedih amat aku harus selalu ingat kalo mereka gak nyata,neutral
4926,"wajar darimana warnet 3rebuan lu ga ngerti skill basic komputer kaya office emang kelewatan gublugnya di sma masih biasa aja, kuliah awto terseleksi alam",neutral
9138,"bestie ya, tp aku kayak orang bego kalo online, ini krn banyak yg positif soalnya:(",anger
5797,ih sedih masa. semangat akak,neutral
10353,"waduh mika angkasa, aku kaget banget, pikir cuma ciuman biasa doang, ternyata adegan nggak biasa, hahaha",fear
12387,"sayang, jangan panggil tukang ya",love
5083,"semua yang dimulai dengan rasa marah, akan berakhir dengan rasa malu. (benjamin franklin)",neutral
6645,"sendiri dan sepi, aku ingin berlari menelusuri mimpi yang tak kunjung menepi",sad
11249,"aku cinta dia, aku suka dia, aku peduli dia, aku kasih sayang dia",love
5490,bakar lumbung mereka curi beras mereka biarkan mereka lapar.. kemudian datanglah pada mereka dan bagikan sepotong roti katakan pada mereka kamu sangat mencintai dan ingin mereka bahagia yakinlah dgn begitu kamu akan dicintai mereka kemudian minta mereka memilih mu jadi raja,neutral
768,"yakan dia adeknya anjir?? gimana sih maksud lu anjir, masih pagi ini ya jangan buat emosi bgst.",anger
2065,kombo diluc-raiden enak kok.. gk terlalu mental2 masih bisa dijangkau,joy
12271,"seru bgt film ini, aku suka banget genre fantasi dan tema kerajaan",love
7311,"keren banget dong, suka banget sama idol sama ost sama vocal, hehe",joy
8477,"monyet lagi jatuh cinta, nangis terus",sad
12518,"di tempat biasa aja, nggak ada apa-apanya",neutral
4524,kita saja yg lalai,neutral
10524,"bangeet, aku ngerasa takut gaes",fear
2717,bismillah masih semangat masih optimis yakin bentar lagi bigwin,joy
2079,"ya allah berkati, bahagia hmi..",joy
8914,aku nggak suka dengan apa yang terjadi tapi aku tidak menyesalinya. Semoga selalu semangat untuk menolong Denise Secret Number. Semoga Lockey selalu di dekatnya,sad
951,heran banget sama orang orang yang suka nunda kerjaan tanpa alasan.,anger
8058,"ya allah aku sedih banget, aku udah bad feeling dari awal tapi masih berharap gitu aja, ya kan?",sad
2482,semangat aktivis rpw,joy
10454,"mampus aku, malu banget ke org, ga bisa berdiri sendiri",fear
9181,"orang kayak gue sih udah ga enak punya tempat curhat, yang bisa curhat gue selain tuhan ya gimana? bener-bener ga ada siapa-siapa yang mau ngerti gue, ga ada yang mau denger gue ngomongin kebenaran",anger
1759,"aku emg tidurnya slalu malem, tp plg malem jam 2 pagi sih, tp alhamdulillah aku bisa tidur di situasi kek gtu. soalnya aku lbih takut manusia drpd hantu. amit2 klo di situ ada manusia ngintip baru tuh g bsa tdur, kan serem bgtt",fear
9984,"ah, takutnya komentar aneh ini viral nanti, jadi banyak yang lihat, jengjengjeng",fear
4422,bagaimana cara menonaktifkan karyawan yang mengundurkan diri dan apa saja persyaratannya?,neutral
6704,sedih ;(,sad
9916,"kalo di sinetron itu si jahat itu jahat banget, si baik itu bego banget, ga bener sih",anger
5182,"karena bisanya cuma itu doang, aku bego soalnya.",neutral
8533,"ah, aku paham kenapa kamu merasa sedih karena foto yang kamu dekilin itu diposting ulang oleh Tae, tapi kamu harus sadar bahwa Tae mungkin saja tidak tahu bahwa kamu merasa seperti itu",sad
3701,"good morning sender, saya avail buat hari ini untuk provide nsfw saya bisa dalam bentuk imagine ataupun yg dirty talk frontal atau non frontal bisa. tipe saya itu cenderung suka bawel dan paling suka pampering , sweet banget sama pasangaan dan suka kasih pukis ke kamu nanti",love
4243,skrg udah normal deng,neutral
688,mau marah bgt anjingg ini dr kmrn mau ngeluarin kecoa 1 susah bgtt kabur mulu,anger
3432,kesayanganku lopenio ga ada duanya cuma sayang wony meski suka marah tapi aku ttp sayang ayang,love
4944,"terakhir, semoga sukses buat series terbaru ini. yang mau nonton silahkan nonton, yang gamau juga gausah dipaksain walaupun mereka idola kita. fangirling bukan agama kok, pake segala ada wajib halal haramnya. santai aja. yang penting happy.",neutral
966,"biasanya yg pink sekarang yg ungu, ternyata ga suka wanginya plis ini kaya bau orang yg aku ga suka banget, sialan ternyata dia pake ini",anger
11949,bapak ak bener-bener ga suka kartun tapi belio suka sama kartun,love
10395,"aku ngeri bgt ntar mam marah, ntar kena ditegur",fear
2713,"turut berdukacita kak, semangat! big hug for u",joy
4757,"pasti bingung kaget wakilnya, seperti biasa, sedangkan gabenernya sedang kampanye mimpi nyapres",neutral
12027,"waw, sebagian wanita suka banget dgn kata-kata cinta dari pasangan. salah satu kalimatnya adalah yank, sini aku checkout kan sopimu",love
6320,"apapun group nya walau aku ga stan mereka, kalo ada yg keluar atau bubar rasa nya sedih bgt",sad
5975,sama² sedih brarti jodoh,neutral
3572,gue masi suka banget sama foto yg buat ultah minhyun deh cantik,love
5299,"saya avail hari, besok sampai tanggal 11. saya bukan hantu jadi tak suka ghosting, malah suka nyariin takut kamu hilang. vibes saya banyak yang bilang om-om dari segi dewasa dan jokesnya juga, ditambah selera humor saya rendah jadi ya lucu terus, sayanya.",neutral
1990,"skrg gwe gk berani lg nntn sndiri di bioskop, pdhl dlu biasa biasa ajj, knp yh",fear
1205,takut gabisa beli sedikit gituu,fear
4971,"jika sahabat pernah membuatmu terluka, berpikirlah bahwa dia hanya manusia biasa yang tak sempurna, jika sahabat pernah membuatmu marah, berpikirlah bahwa bukan hanya dia yang pernah berbuat salah.",neutral
12250,aku cinta banget sama mereka berdua,love
6783,hari ini gak bisa mikir jernih bawaannya sedih :') thankyou denise you're my favorite maknae,sad
3600,"kaa jee, aku suka banget sama aduhh itu au terbarunya, susah judul wkwk, ya itu pokoknya. ga papa angst, yg penting ” hihihihihihihihihihi maaci anon!! amen! hehe gak streaming mungkin nunggu di tl aja wkwk",love
6490,"rindumu sajak sentuhan. kalimatku pernah pucat pula. sama halnya dengan keriput lengan ibunda; mengelus hangat, sepi kulitku.",sad
8609,sakit banget ga kuaat tp gw keukeuh gamau berobat kek malash wkwkkwkw jadi gw diemin ajaa,sad
12570,"kalo orang bilang kalo aku takut penyapu, iya tuh",neutral
8070,"alhamdulillah akhirnya udah bisa berhenti, rasanya lega banget",sad
8577,"yaah, rasanya sedih banget kalo semua yang ada di sekitar kita udah serebu, kalo gak ada yang ada untuk kita",sad
7973,"ngga ada kata yg bisa menggantikan rasa cinta. rasanya cinta itu ada, namun tak ada. cinta itu perlu dihargai, tapi kadang kalo kita merasa dihargai, ternyata itu cuma ilusi. cinta itu butuh kepercayaan, tapi kadang kalo kita berusaha keras untuk percaya, ternyata itu cuma ilusi. cinta itu butuh kejujuran, tapi kadang kalo kita berusaha keras untuk jujur, ternyata itu cuma ilusi. cinta itu but",sad
11723,"aku jatuh cinta sama bau tembakau karena pertama kali coba, lalu ketagihan. kalo ngga suka, ya ga bakal lanjut. aku dulu juga kepo bau tembakau tuh gimana ga enak. pas di lab waktu itu ada yg bawa tembakau bused baunya kek obat rumah sakit enek banget",love
1625,"aku bukannya over atau lebay, aku cemburu, aku khawatir, aku bawel itu karna aku sayang dan takut kehilangan. itu aja. :')",fear
536,"banget hehe, apalagi kalau lg tidur trus kaget rasanya kaya pengen marah marah",anger
8766,"kecewa abis, ga ada yang bisa bikin bahagia",sad
7970,"nyesel banget, kenapa ya aku begitu",sad
4212,"x kan nk tgk saja please a¦5 lai , selai pn kena byr apa",neutral
6456,sedih banget kalo support system gue adalah seorang nicholas. kalo gue sedih atau lagi sakit gitu masa mau nangis meraung-raung sambil manggil nichol kan ga mungkin mau ke jepang gara-gara pengen ditenangin nichol,sad
3507,suka banget ama exooo,love
8393,"abis vaksin dosis 3 rasanya badan jadi lemas, capek banget ya",sad
9524,jengkel banget sama orang itu. Dia ga adil dan suka ngepoin orang. Semoga dia dapat balasan karma setimpal,anger
7112,"pagi-pagi udah semangat bgt ya, semangat pagi!",joy
2708,",, +,makasih buat sejauh ini, makasih udah baik bangett, udah selalu kasi support ke aku juga, udh peduli bgt sehat & bahagia selalu kalian",joy
5031,"klo aldebaran yg drama,andin yg kena marah warga ponpel ,klo andin yg drama,aldebaran yg kena marah warga ponpel ,botol ketemu tutup,yg kuat ya aladinku",neutral
6514,"ini denise ya? sedih vine ent. ngelepas anak se-multitalenta ini, tapi ya gimana lagi sepertinya ini jalan terbaiknya..",sad
4662,"saja nak kongsi dekat korang yang kami juga ada buka booth jualan merch, boleh singgah cuci mata tengok tengok fizikal dan zine lokal yang dijual rantai art event week 4 myground, mytown shopping centre 04 - 06 february 2022 10am - 10pm",neutral
4021,pangeran kodok sama siapa ya dulu? ya allah dulu suka banget sama ni sinetron,love
1854,dia panas ada kali 2 hari sampe 39 deg2an bgt bun. ngeri step,fear
11871,"jadi teringat lagu little things, enak banget lagunya. Aku suka banget lagu ini",love
2872,semangat ber kerja walaupun masih gini gini aja.,joy
3030,"done, wish me luck suka banget momen skz yang ini, lucu. selalu ketawa terus tysm!!",joy
9397,"nih, pagi-pagi lagi berubah jadi predator, ga abis pikir",anger
1645,ngeri,fear
3417,"nggak ngerti lagi, suka banget",love
3476,banget :(( mau downsizing dari mulai pc yang least fav tapi suka semua :( sedih karna bingung,love
12034,"gw suka sama gofar, meski dia punya bahasa yang kasar tapi bukankah itu pilihan ? kalau kamu ga suka sama dia, ayo, ga perlu ikut-ikutan suka sama dia. Lagipula, dia punya banyak model yang bagus di sana. Aku cinta sama gofar",love
11053,lebih khawatirin kalo arabnya di puncak aja,fear
1792,"dimana tempat yang aman untuk perempuan? jadi makin takut korban kekerasan pada perempuan makin bnyk, orang tolol biadab bngt owasu",fear
3797,sempol ayam siapa nih yang suka makan sempol cara buatnya mudah banget ig by hidayahnrs mandalika / solaria / tidur / sarapan,love
3368,"suka banget sama au kak agdys. kebetulan gue kls 12, jadi lumayan itung-itung sekalian belajar tps - wuih, makasih udah baca. semangat belajarnya~~",love
7196,"kabar baik pagi ini, jiminie cepet pulih",joy
12150,"suka banget sama film romance, pengen banget nonton sama pasangan, tapi ga punya lagi, jadi pengen cari teman yang mau nonton sama aku, tapi mereka juga udah punya pasangan, jadi nggak bisa",love
5109,"dari film kukira kau rumah misal kalo kalian ada gejala yg diantaranya: mood (suasana hati) berubah drastis/marah"" yg terlalu meledak""/nglempar barang pas emosi/sejenisnya, itu bisa jadi ada tanda"" yg harus di priksakan/konsultasikan sama ahlinya. so, be aware ya",neutral
6024,buat apa sedih hati.,neutral
8795,kepengen ngepost lagi tapi gak ada yang ngefollow,sad
11248,"aku suka banget kamu cerita soalnya, nanti aku kasih peluk banyakk! kebetulan aku avail tanggal 18, lumayan dekat ya? kalau kamu tertarik, bisa dm ke okay. semoga kita ketemu ya!",love
11703,"cinta abis sama jeongwoo dan haruto, suka banget kalo mereka jadi duo",love
126,jgn la marah dia. lesen l pun dia takde lagi tu.,anger
5959,"fauzan yang mendengarkan kemurkaan sang ayah ketika dirinya mengutarakan mimpinya merasa kecewa. ia pikir, dirinya tak akan disuruh mengikuti ego sang ayah. seperti kakaknya, ronan, yang dipatahkan jua mimpinya untuk menjadi seorang pemusik.",neutral
3876,suka banget sama pemeran dan karakternya si grace dh kek dia cantik dan smart banget trs jg nganut prinsip setia,love
11127,"udah coba dari pagi sampe jam 1/2/3/4 subuh, ga bisa gaess, panik banget",fear
4451,orang priveleged je rasa air evian tu biasa-biasa. tak semahal yang lain.,neutral
7147,"aku suka banget berpikir tentangmu, jadi gemes deh",joy
3531,suka banget sama semuanya,love
10922,"bgtan gua, baju ini dulu dipakein band, kalo gua pakain kaga abis dulu gitu",fear
827,"lakik lo tuh cuma parasit doang, kaga kerja tapi nambah beban. cuma numpang idup doang tolol",anger
9831,"ngga bisa percaya, kalo kreditan begitu mahal, ga jelas. kalo beli cash ada basa basi, kalo kreditan mahal dan ga jelas. apa mau gimana gitu? ga bakal beli kalo gitu",anger
7790,"jadiin aku pemenang giveaway iphone 12, aku jamin akan menjaganya dengan baik",joy
984,bagus untuk menampol sisi patriaki warga sokor yang sangat super duper kuat paling suka adegan mereka makan malem bareng kantor terus si ketuanya (yang mana cowo) bisa seenak jidat makan dimeja karyawan cewe (jiwoo) terus berantakan banget lagi makannya sumpah itu adegan,anger
11197,"lagunya keren banget, aku suka banget sih, gak ngerti siapa yang kaya gitu hehe",love
7783,"aku ikutan giveaway mimin, semangat yachh",joy
10380,"ya, aku yang lain suka coba-coba tapi takut juga gaes",fear
12074,"suka banget sama dia setelah nonton one spring night, jadi aku makin banyangin kalo di kehidupan nyata, junghaein itu emang romantis dan sayang banget sama pasangannya",love
2443,"ga enak jg jd patrick gabisa cium bau apa"" wkwk ngakakkkk",joy
8554,"emang udah gak berharap lagi, eh malah yang lain-lain yang terima, gak tahu kenapa sedih aja gitu",sad
10541,"aku malu banget, bilang kangen tapi nggak ada yang peduli",fear
345,"lucu menurut saya itu adalah wilayahnya presiden, dpr, dan mpr. bukan gubernur. kalau begitu artinya gubernur memiliki wewenang utk menyatakan diri merdeka. diksi yang bodoh. artinya pemindahan ibu kota tdk pernah memikirkan nasib jakarta selanjutnya mau dijadikan apa?",anger
814,bangsat gue kayak orang gila ngegalauin cowo orang,anger
6166,"congratss nderr, mau bangett dong nderr, sedih bangett uda seneng keterima ternyata penipuan perusahaan gede lagi, mo nangis",sad
11421,"denger lagunya def sunset with you di epicure semarang, aku kaget dan bangga banget sama kamu bestie. Love you!",love
12318,suka banget ke suatu tempat dimana cuma aku dan orang asing yang ada di situ,love
5779,ada yang pernah suka sama temen sendiri yang udah deket banget gak? terus klian mendem aja jangan confess atau gimana?,neutral
2116,dangdut enak,joy
10026,"udah dari tadi takut salah urat, jadi ke tukang urut dulu biar aman",fear
793,kapan kau tdk lagi jadi penjilat.. manusia paling bego di indonesia adalah ruhut,anger
12528,"makan di sini mah mahal banget, tapi di sana mah murah banget, hahaha",neutral
6898,"luka pling berat dan bikin trauma banget,benci banget tp kek ya udh,,udh terlanjur dan udh terjdi pengen putar waktu mending gk kenal dia dari awal,tp semua udh terjdi yah",sad
2674,pagi juga mbk e yg cantik. cerah seperti surya matahari di pagi hari,joy
94,gajadi soft malah emosi.,anger
4225,"nah ini baru imbang, masa hanya istri saja yg dituntut.",neutral
3756,"tapi ada satu momen yg aku suka banget, ibukku tuh orangnya galak banget. tipe tipe senggol bacok. jd kalo ada masalah dia siap berantem dengan tangannya sendiri tanpa nunggu laki-laki yang ngelindungin. prinsipnya, 'lu gila, gua lebih gila' wkwk dan itu tertanam juga di aku",love
2891,"terima kasih banyak dyppo nuna. iya lucu, klo aku gk bilang lucu nanti marah nuna wkwk. ayok party tp semuanya buat aku, nuna diem aja duduk manis.",joy
2371,"hahaha, ke-distract, ya? ayo kerjain sekarang. semangat!",joy
11822,"aku suka banget sama varo, dia selalu ngasih perhatian dan terus mencari aku, dia juga suka nge spam jadi aku penasaran dan suka ngejar orang gitu, aku sayang banget sama varo",love
3228,kabar atashi juga baik nee~,joy
7863,"alhamdulillah semangat terus, optimis dan yakin, insya Allah kita akan menang",joy
6359,sedih sih tp yaudalah hhe,sad
11581,"jake kamu cantik banget, aku suka banget sama kamu",love
7326,"kalo lagi nyanyi dia, aku selalu tertawa geli. Happy buat dia",joy
6028,maksutnya kenapa sedih.,neutral
11045,"gak percaya deh, aku malu banget",fear
11104,"bangeet sih jadi sombong, takut ga diakui lagi sama orang-orang",fear
1865,biyen smp sma paling seneng olahraga . dadi ora khawatir jg sih nek dikokon roll depan belakang.,fear
4612,kalau weekend gini mah udah biasa ganti dn alias budak event.,neutral
10049,"gimana sih cara bicara yang pas, aku pusing bgt nih mbak. kalau aku jadi mbaknya bakal marah besar sih",fear
2645,"manusia manis, manusia baik, manusia cantikku, jimin udah negatif covid dan keluar dari rs? gimana rasanya menggambarkan rasa bahagia ku? jimin finally sayangg, tinggal pemulihan pasca operasi lagi ya:"") sayang kuu jimiinn",joy
2243,"adek w ldks sm pengukuhan osis lewat online, ga enak bgt",joy
5373,kayak nya pada panik simpen permanen data ya?,neutral
2336,"sama aku juga gitu kak sender, kadang mikir knp ya aku ga kek temen ku yg banyak gitu suka ke dia, sedangkan aku udah mau kepala 2 belom pernah tu rasanya didekatin hehe tapi gapapa sih kan lebih baik jomblo, yok semangat jomblo sampai ketemu jodoh",joy
950,"emg org suka gitu.. udh nitip gatau diri setidaknya kyk haii kak.. atau pagi kak,aku boleh nitip menpes ga? gitu aja pasti bisa kan.. trus jg jgn lupa bilang terima kasih itu tata krama yg pasti di ajarin kok dari kecill. bikin jengkel aja pagi-pagi",anger
11260,"haloo nadya, aku suka banget tulisanmu buat lee chan, diksi kamu cantik banget, tulisan kamu selalu megah, boleh gak temenan sama kamu?",love
1120,anj anj kesel kecewa bgt sama diri sendiri heeuh,anger
10789,"aku ngerasa mungkin ga nyaman kalo buka fresh care, pas kelas banyak orang, aku takut ganggu orang lain dan bikin bau yang berlebihan",fear
2204,2in hehe. fix ini enak bgt,joy
419,idih maunya enak di elu aja bodoh,anger
922,"anjeng gw kan make dn puasa gelar, kenapa pada bilang semangat puasa. bikin sakit hati aj",anger
9446,"rasanya ga puas bgt ketika harus nungguin proses selesai, terlebih bila kita harus terus-menerus bergantung sm obat-obat biar badan bisa membaik. capek banget ya.",anger
8669,"oh my god, aku coba-coba cari kembaranku, ternyata aku jadi sedih",sad
10227,"papua ntar aku khawatirin, ga ada senjata jadi bisa kena kejebakn, istighfarlah ya",fear
5408,"itu ceweknya udah kepalang malu juga teh jadi buru buru dibalikin, mau bayarin ntar dikira apa lagi gitu kan, orang gak kenal",neutral
5788,paginya baik apa kusut?,neutral
5742,"kadang aku kalau lagi mode reader suka dm authornya apalagi kalau alurnya bagus. sayang gitu kalau puebinya acak2an. tp sekarang udah nggak sih, kalau diminta aja ngasih krisannya. sempet ada yg marah2 dulu di wp gara2 readernya ngoreksi tulisan dia, padahal bahasanya sopan2",neutral
7667,"wkwk terima kasih ya Aisy, rasanya biasa aja deh, hahaha",joy
5567,segerin dulu.. biar semangat,neutral
8135,yah ga nyangka bener banget,sad
1202,"dan si mbak nya auto malu pake minta maaf, padahal netizen indo ketawa2 doang karna mbak nya lucu dikira quote estetik",fear
10818,"eh gue bingung bgt, apa gue harus ngejar kaoru?",fear
5765,"bikin sendiri. tapi jarang banget sih, soalnya mamah kan udah tau apa yg aku ga suka jadi ga bakal masak itu",neutral
8389,"sedih banget, aku ga bisa jadi seperti yang aku harapkan",sad
1970,"gataunyaa, emang suka dikerasin gitu, bahkan suka dibuat rada lebam gitu. anw akting mereka keren banget sih di sini . ini engga bohong gue jadi kek dibawa ngerasain rasanya jadi dom dan sub gitu, jadi penasaran plus ngeri geli gitu",fear
11302,"adekku, aku cinta banget sama kamu, dan aku seneng banget kamu mau diajak jalan ke kebun binatang",love
4018,idaman banget nga suka mnum dan nga suka rokok,love
10343,"ngeri banget nih, aku takut kak",fear
3687,suka banget and lope lope dia,love
1997,mu tersingkir di fa cup? jangan bercanda deh kalo ngasih kabar tuh ah,fear
4033,"demi allah kaget, yaampun. peluk cium muah love youuuu",love
11246,"awalnya suka masak karena nonton masterchef, ternyata ada cinta sejati di dapur",love
1248,jadi takut pacaran,fear
2192,"bismillah semangat hari ini, semoga banyak req dm amin",joy
2712,sarapan dulu dongg biar tambah semangat,joy
9184,yang namanya orang prik adalah orang yang tolol,anger
2190,gm ayu! berkobar2 semangat,joy
4670,baru saja dilihat,neutral
5142,masa bodoh sama virus maksudnya,neutral
5984,sepi.. tidur lagi ah .,neutral
6565,sedih aing,sad
7804,"gilaa aku dapet piala, baper bgt ya gaes",joy
6943,"aqil lagi kurang enak badan, dari kmrn siang dia pilek. kasian malam susah tidur karena mampet",sad
9510,"jengkel banget liat orang panik, udah kenapa ya?",anger
10055,"wahhh, gak ada kabar sejak kemarin, agak was-was",fear
10535,"nih teman gue positif, dia lagi pusing gara-gara positifnya, dia ngga mau swab tapi diwajibin. Sama deh sama aku yang positif, jadi dia nangis aja, klo ga nangis gue juga nangis. Gimana ya? Doakan yaa",fear
10641,aku ngerasa agak was-was baca semua jawaban di postingan itu,fear
2136,"cuma mau infoin, enak banget",joy
1065,"sangat, sangat kesal dan merasa tidak enak. aku biasa memperkenalkan suasana keseluruhan album melalui highlight clip untuk setiap album.. tujuannya adalah untuk memaksimalkan dan meningkatkan karakteristik musik secara visual melalui video dengan kualitas terbaik.",anger
600,"knp ya hati ini sangat marah ketika pak jokowi d fitnah ,,",anger
4227,"santai, gw jga gagal tdi lur. abis ini kita makan2 dah biar ga badmood",neutral
10813,"maaasak aku merajuk sebab aku takut. aku minta booster dari dia, tapi dia tak mau. aku tanya kenapa dia tak mau, dia jawab dia tak sakit. aku jawab kenapa dia tak mau, dia jawab dia tak demam. aku jawab kenapa dia tak mau, dia jawab dia tak takut. aku jawab kenapa dia tak mau, dia jawab dia tak takut. aku jawab kenapa dia tak mau, dia jawab dia tak takut. aku jawab kenapa dia tak mau, dia jawab dia tak takut.",fear
7577,"aku suka banget makan klepon, kebayangin rasanya",joy
77,haah .. belajar chargeman a1 sekali kerja amik former kat kilang jadi worker .. dengan orang atas yang kejap okay kejap tak okay nak ikut cakap dia macam kerja tak pernah siap kimak .. semua kerja siap tapi bodoh nak memekak jugak .. baruah,anger
7546,"agree, aku happy banget gaes",joy
2898,berasa bego kalau udh tinggal dikit lagi yg gak bisa jawab termasuk kitanya wkwk,joy
4820,halo ryuu~ apa kabar?,neutral
9506,"unesco yg org arab itu aneh, padahal anis itu benci",anger
11715,"aku suka ama YooTaeYang, tapi belakangan aku merasa InSeong makin keren banget, gantengnya bener-bener bikin cemburu. Aku pikir dia kayaknya ganteng, tapi belakangan aku tau dia malah lebih ganteng lagi. Aku suka ama dia, dia seperti bulol official yang aku kasihi.",love
6413,aku sangat sedih karena membayangkan nasib anak cucu kita kelak mengalami kesengsaraan yang amat karena kekayaan alamnya habis sementara dampak bekas kerusakan eko system harus diperbaiki plus hutang yang melangit,sad
9444,"omong-omong, lagi-lagi cebong bodoh yang ngomongin gitu",anger
9064,"bocah tengil, hanya pintar foya2, jangan abisin warisan leluhur. masih banyak yang harus dipekerjakan.",anger
8007,"kadang cewek suka masang topeng sok tegar, sok fine, sok its gonna be okay padahal hatinya lagi nyesek banget.",sad
5468,teh susu yang bikin enak apanya?,neutral
5951,kalo gak takut sedih emang gak waras,neutral
11157,"malu bgt kalau ngeyel, kalo lagi ngeyel bakal berasa ketakutan gaes",fear
3391,"bener banget hampir 10 taun jadi exol gw ga pernah bosen sama karya exo dan emang sebagus itu lagunya secara grup sub unit ataupun solo gw suka dngerin grup lain tapi cuma exo yang bener"" gw ikutin satu""nya yg gw dengerin b-side nya dan beli album nya loveee exooo",love
5415,masih bisa sampai tanggal 14 jangan panik tenang aja,neutral
2560,demi apapun ini enak bgt fess,joy
12462,"beberapa minggu ini, kita sering ngobrol ngalamin. gua bisa rasain kalo dia lagi sedih, dia bisa nunjukin dirinya yang sebenarnya, kalo.. dia cengeng banget, perasa banget, sipaling gampang sedih, sipaling gampang kefikiran kalo ada apa sama dirinya, itu cuma sama gua",love
8162,"ya gimana ya aku selalu merasa bersalah kalo pacarku merasa sedih, kecewa, dan sebagainya sementara aku sibuk karaoke. tapi mau gimana lagi itu kan emang hobi aku",sad
2635,"met pagii,semangat kegiatan hari inii havee a nicee dayy!",joy
5256,"hati-hati terhadap akun palsu yg mengatasnamakan bank mandiri dan meminta data rahasia. untuk informasi terkait produk dan promo menarik bank mandiri, ibu bisa chat mita di whatsapp official 0811-84-1400. tetap jaga kesehatan selalu. tks~wilsa (end)",neutral
3530,kali ini suka banget sm layout nya,love
8567,"udah bangun pagi dan semalam tidur cepat krn sakit batuk pilek, tapi malah nambah sakit lagi denger denis kontrak habis. Ampe skrg g keluarin pengumuman juga kah? Ameng aneh",sad
1908,serem bgt ego tuh.....ditambah lagi gue ngerasa bego parah krn gak mudeng kalo the tag kan merekanya masih ada ketawa2 haha hihi tp kalo ego tuh full kayak gt serem bbuanget b nya lima,fear
11662,"aku paling suka Oh My Ghost, gimana gak gemes sih, filmnya keren abis",love
235,sdh banyak masyarakat yg tau gerak-gerik pembohong penjual dalil si bangsat provokator hh pemecah belah anak bangsa.. mmg polisi hrsnya sgr menjebloskan bui bajingan jnj,anger
1604,"klo dh offer tuh dh takut, mending kasih harga pas ny",fear
7984,"entah kenapa akhir-akhir ini hatiku berat mulu, sedih aja gitu",sad
9310,"ga tau kenapa, aku gak ngerti sama apa yang kamu katakan",anger
3490,"kecantol lah ama suara jae karena suara dia tuh tipe tipe suara yang aku suka dari dulu dan mulai itu aku jadi kepo perform mereka kayak gimana, dan makin jatuh cinta sama jae karena permainan gitar nya dan yang paling bikin aku jadi jatuh cinta ke jae beneran adalah",love
12412,"ya gak, aku udah mulai jatuh cinta sama mas ganteng peletnya, dia kuat banget, aku nggak bisa lepas",love
11150,"ya paling nggak, kalau yang nggak terlalu pait masih suka, tapi kalau yang pait banget itu sih aku takut, karena rasa paitnya yang bikin aku takut",fear
1994,"ga biasa bgt. weekend padahal. suami bangun pagi, jogging, nawarin aku mau makan apa dan langsung dibeliin, lanjut sarapan bareng. kesambet apa dia",fear
2824,"yay, nonton sendiri lebih enak.",joy
11693,"kalian cinta sama aku kan, jangan lupa aja ya",love
10568,"ga ada yang bisa dikatakan, cuma nggak mau bingung-bingung di pagi hari. bingung bingung di kelas aja, pusing bingung, jadi ga bisa mikir.",fear
1342,menetapkan nonton movie terbaru spider-man venom nunggu nanti setelah blu-ray/legal streamnya keluar aja. kapan ya bisa bebas ke bioskop lagi tanpa rasa takut.. gak masalah juga nonton setelah hype redah walau mau gak mau spoiler bertebaran.,fear
8512,pagi ini aku merasa sedih dan berusaha menguatkan diri untuk menerima perubahan dan mencoba untuk menjadi lebih baik.,sad
1619,ngeri,fear
5287,chaeng kaget ga ya? berasa di surga gitu ga sih? disamperin bidadari,neutral
2060,"ojo lali , ngemil ceria by",joy
12539,dia minx ikut pamer gambar kekakinya. normal ke?,neutral
2219,event jam berapa sebenernya semangat ku udah menggebu-gebu jangan sampe mengabu.,joy
9865,"jangan coba-coba ngomong aja deh, benerin dulu duit lo sebelum ngomong nggak sih?",anger
6038,"assalammualaikum wr. wb jangan lupa bahagia di pagi ini, nikmati kopi meski kopi itu pahit sambil dengarkan musik classic rock bila engkau izinkan hengky supit cover by:obay kusut",neutral
260,"parahh bangsat banget ya, planga plongo dongo beleng2 bangsat2 yg cr makan dr menghiaap darah orang dn nyawa orang",anger
11795,"aku suka banget sama foto makanan, lucu bgt",love
10231,"aku cemas banget gaes, aku ga bisa ngeyakan",fear
9093,"gemes deh, kok bisa orang goblog aja yg suka ngegosipin orang?",anger
3744,gemes banget dapet bebek ini dari kak kaget tadi dapet dm ps lagi ngerjain ujian anatomi intinya maaci kak udah mau mutualan sm ran maap kalo kadang suka jbjb ga jelas lopyuu,love
2026,"gara2 osd ceramah masalah ks, diotak gua terngiang2, kebayang2 ketakutan yg slama ini gua simpen sendiri. gimana klo nanti gua digituin? gua balik ke ortu? sedangkan bpk gua pelaku, emak gua korban yg bikin sedih trauma2 masa kecil masih membekas jd bikin",fear
6988,"jujur, suka heran kenapa giliran gue yang punya masalah, gue jarang banget bisa leluasa cerita ke orang. padahal dengerin curhatan orang adaa kali tiap hari :)",sad
4234,"morgana kan ganyu dps, jelas normal att burst 6/7 aja",neutral
1917,nervous bodoh,fear
1828,takut anjir,fear
9765,"loe ngecewain Nabi, ini gila. Nabi ga ada pasalnya, malah diperintahin ya? Sialan, ga ada orang baik di dunia ini",anger
6233,hahaaha..sedih sgt ni fren. kongsi sama saya la boboy,sad
11756,"aku suka sama nder, tapi masih rumor aja. di cie cie in satu kelas, aku termasuk salah satunya. aku suka dia, tapi aku juga ship dia ama temen aku, mereka gemes banget",love
6283,mau merem bentar 30 menit malah jd kebawa mimpi ga enak sedih pol blm ikhlas bgt ternyata,sad
4208,"cuti sudah habis , semua back to normal .",neutral
224,gua benci dimana setiap gua mulai suka sama orang kenapa orang itu seakan-akan menghindar,anger
8915,"ada hari-hari dimana aku merasa marah, bingung, sedih dan bahagia tanpa memedulikan hari atau waktu. aku sadar itu dan aku menyesuaikan diriku. mungkin yang paling sering terlihat ketika aku berada di kerumunan banyak orang adalah warna-warni (bahagia). tapi sebenarnya aku memupuk warna hitam, putih dan abu.",sad
10002,"mas, aku panik banget, takut salah beli obat",fear
9333,"bukan buat emosi, buat bukti aja",anger
6469,ini seru bgt emang!! oiya nder coba nonton my annoying brother juga deh sedih parahh,sad
11857,"aku seneng banget sama temen-temen deketan, mereka tau aku suka jawab bebas, jadi mereka pasti pesen apa aja, aku sayang banget",love
10954,"ga sih aku ngeri, jadi mewek banget ya kalo bung karno dan munarman dijadikan lawan sama haikal, dan lagi ada adegan adu domba dan sejarah dimengaburin, ngeri deh",fear
846,gak kaget kalo tau pendukung gubernur kafir,anger
4289,"kak kalo buat twitter biasa gini tetep andro kan ya, soalnya punyaku gitu",neutral
5560,info warung babi enak malang,neutral
2551,"hii kak, semangat yaa, ga perlu khawatir apa yg belum terjadi, semua akan baik2 ajaa, jalanin aja apa yg udh di depan mata",joy
11120,"gue liat lagi MV step back dance practice, taeyon elegan bgt pindah dr pinggir ke tengah. pas liat seulgi, wah buset pindahnya lari dari pojok kanan ke tengah khawatir kesandung loh",fear
117,"tolong jangan benci fany, fany baik-baik kok gak makan orang kok",anger
8837,"nyesel sekali, aku udah ngabisin waktu untuk ngobrol bareng CR7, sayang banget",sad
5966,arya saloka kepergok tahan tawa di adegan sedih hingga minta maaf: editor video lupa potong adegan via,neutral
8195,"nggak masalah deh, tapi kok masih nyesel aja ya",sad
8659,"kayaknya ga akan ada selca hari ini, penontonnya kecewa xixi",sad
7489,"alhamdulillah alan udah lebih baik, makan banyak dan minum obat, terus aku kasih salep tapi sayangnya kalo pup dia mau keluar rumah, jadi harus dijaga biar nda kena kucing kampung yang suka nyerang katanya",joy
5,"asli malu maluin org indo tolol yg rep latah ""cilukba"" pake huruf hijaiyah sm ""ngntd"" sama ganti huruf t pake salib, ada tiktok filipin lewat fyp aku dan repnya ""ngtd"" semua, dasar goblogg trend tiktok ter tolol",anger
5342,"bukannya yang ""sudah"" malah dihimbau untuk dilindungi dari yang ""belum"", karena ada khawatir bagi yg ""sudah"" akan jatuh sakit oleh kehadiran mereka yg ""belum""..? belum lagi wacana meski ""sudah"" tetap masih ""bisa"".. pandemi ini memang sebuah test iq",neutral
9111,"apa sih niatnya para nenek moyang kita, kalo jadi anak cucu kita kelak harusnya kayak gini?",anger
10787,"yaah nanti gak usah pakai tambang timba, tapi jangan dalam-dalam ya karena bisa jadi ga sampai juga",fear
4324,apa kabar kalian di hari sabtu ini? baik kan ya,neutral
1063,"nikmatin -_- saya ada 2 yg asli jarang ada kabar yg 1 lagi malah kadang jadi temen, jadi musuh, jadi temen mabuck, dll -_- kesel",anger
2590,kerenn semangat,joy
8434,"ya udah, aku tau malu aja sih hih, tapi tetep yaa",sad
9352,"anjengk jengk, kalo masih ada yang nyolong di sosmed, ya beneran keji",anger
11062,"jangan cinta dan suka daripada sakit hati, gampang banget gaes!",fear
3735,jritt ketawa banget aku suka dimanfaatin,love
10589,"gak yakin mau lanjut makan, takutnya ada pecahan beling kecil masuk ke perut",fear
3517,suka banget sama konsepnya,love
6986,biasanya yg suka maksa tuh sales asuransinya. mana ngomongnya cepet banget gabisa dipotong. :(,sad
10755,"kapan aja bisa santai, emm gak jadi gini ya",fear
6767,pagi ini lagi pengen nangis. terus bingung mikir soundtrack sedih apa yang bagus gitu buat nemenin gua nangis. eh ujung-ujungnya malah nonton ulang ending snowdrop dan gua berakhir nggak bisa berhenti nangis sekarang :' definisi dari menyakiti diri sendiri nih emang,sad
5622,enak tuh,neutral
1605,iyakan duh kalo udah kea gt takut banget tb2 beli tiket ke korea beneran,fear
1733,ngeri ekspedisi apa yg aman sekarang?,fear
10516,"aahhhhhhhhhh ya, bayangin aja udah beli trus kaget karena belakangnya ga nyatu, hiks hiks",fear
10901,"aneh banget namja ini, like-nya ngeri bgt, anak buah imam jumbo semuanya sama aja",fear
11766,"happy birthday taehyunie, aku cinta banget sama kamu, jangan lupa istirahat dan makan yang banyak ya, we love you",love
9504,"gimana ini, yang udah 17, liat aja, mana yang ngga liat",anger
3812,"mamaku mudanya emang cantik (beda jauh sama aku) tapi ga punya pacar, banyaknya kakak gemes alias emang anaknya friendly no love love club banget, jadi emang suka ga ngewaro cowok buat cinta-cintaan, meanwhile aku gak ada yang naksir dan sibuk sama cinta""an cowok kpop",love
12129,"mama udah paham banget sama cerita-cerita random aku, dia suka banget kalau aku curhat sama dia, aku sayang banget sama dia",love
10554,malu banget sama diriku sendiri,fear
10167,"yah kan aku suka dihargai tapi gini sih, aku suka diangkat mata orang tapi kalau aku yang ngangkat mata orang jadi malu, aku cekidaw",fear
1761,alamak .. ngeri kale ..,fear
5401,langsung swab pcr ya nder. gausah takut. nanti obatnya gratis ko dari pemerintah. nothing to worries biar ga nyebarin ke yang lain juga kalau udah ketahuan,neutral
2739,"is astagaa pengen beneh mencok aaaaa sesantap, is asinan enak jua gaknya sabar len masih blm buka puasa masih lama",joy
12137,"hore ada yg mengerti sisi lain diriku, padahal kebanyakan org cuma liat image aku yg suka ngegas walaupun tetep kiyowo, tapi di mataku aku itu orang yg lembut banget, gampang peka, dan penyayang banget apalagi diliat dr dia yg nekat kekorea demi mengejar mimpi",love
2472,"bukan cuma orangtua yg memotivasi hidupku, tapi kamu cileng, kamu buat hidup aku lebih cerah teens_shieren",joy
6738,"kadang gue sedih kenapa jd orang yg kalau ada apa2 diampet dewe, kan jd mumet dewe",sad
6891,"ayam mahal, minyak masak mahal, bahan mentah mahal. nak naik harga banyak kang customer marah. serba salah dibuatnya. tak tahulah sampai bila nak terus bertahan. ada tak peniaga f& b yang rasa macam ni jugak?",sad
7943,"ga usah gemes, aku tahu aku bodoh",sad
9685,"benar kata org cakap, tak bodoh ga namanya",anger
4206,tapi mnrtku ga aneh nder normal aja,neutral
6371,"mesti itu mirip sama wajib ya? ya engga juga sih kalo dibilang mesti. kalo emang mesti mereka yang maaf (gabisa punya keturunan) gimana? senua tergantung niat awal menikah. niatin aja buat ibadah, kalo diniatin nya mau punya anak, nanti pasti kecewa klo ga dikasih, jadi ya was"" ja",sad
10350,"jaga2 sih, takut kena lagi kejadian seperti itu",fear
9361,pagi pagi dah geram mulu,anger
10348,"nggak sih, gw ga tau, baca sendiri",fear
232,kegaduhan yg ditimbulkan dan efek demo bersilit silitnya sampe skrg ga ilang2. meski pd akhirnya mrk marah krn kecewa jebul sing didukung malah pada dadi mentri kabeh,anger
8258,pagi-pagi anjengkabut gara-gara ngerjain tugas tapi hasilnya gak bagus,sad
7561,"wkwkwk aku gemes panik dia panik, udah mau partnya",joy
9795,"aku sedih banget, ngeri deh kalo dilihat di mirror",anger
6168,sedih,sad
11475,"kagum sama flow Allen dan Kanata, Allen aku suka, tapi aku lebih suka Kanata karena dia jatuh cinta padaku",love
3596,dua duanya punya flow yang bagus tapi zuzur aku lebih suka ngerqpnya kanata even aku jatuh cinta juga ke allen,love
6288,sedih banget jadi luvies miskin gak bisa bela member langsung di saat kayak gini :(,sad
4632,berasa punya 3 ibu. yg dua lagi nyokapnya temen-temen gue. checking in kabar masing-masing. semogaa keadaan suram gini cepet berlalu.,neutral
125,"iya ituu benci bgt, makin hari ada aja peraturan ga jelas kek gini huhu",anger
7641,"angel_chibi aku cinta banget sama mu, aku bahagia banget karena mu, kamu adalah yang terbaik di hidupku",joy
6229,aku bingung mau sedih atau seneng i vote for for the at the :(,sad
1296,"bajunya yang ini, ditengah lagu minjem gitar dari gitarisnya terus dia yang main.. takut banget",fear
1976,"suka, kadang berasa lagi ngomong sama dahyun soalnya ak mirip banget sama dahyun tapi ragu-ragu",fear
11943,"hunter x hunter juga loh, aku suka banget sama anime ini",love
11886,"cinta itu indah, tapi aku ga suka ketika dia coba menipu hatiku, aku selalu berusaha membantahnya, tapi ternyata dia berhasil bikin aku jatuh cinta.",love
10267,"ahh, tapi aku takut kalau dia cek2 aku pakai akun lain. aku punya akun privat sebelumnya, tapi aku buka lagi krna pengen rep base. ah, jadi ga nyaman banget, masa ginian aja sampai harus priv mulu aku ingin bebas",fear
5750,kalo suka yang tema kerajaan harus banget baca arus balik sama arok dedes sih,neutral
8152,"udah berat hatiku nih, kalo Denise menangis lagi nangis aja deh aku",sad
3086,"suka banget kalo main twt tiba"" ada yg random begini . btw makasii sender udah bikin ketawa",joy
11682,"mas, mau liat air terjun ga? Geiranger agak sepi karena penduduknya masih jarang, tapi justru bagus untuk orang yang suka di tempat yang senyap. Sayangnya, kemarin aku nggak sempat kesana. Sayang banget.",love
6882,"hi , gatau ya pagi-pagi gini ada yg mau baca keluhanku (masih pagi udh ngeluh ya). jujur aja aku capek banget 5 hari terakhir, rumah kacau banget gr2 mama aku tiba2 marah dan ngambek ga jelas ke aku sm papa. dia ga mau masak di rumah, pisah kamar, dll. (cont..)",sad
11719,"aku suka banget sama kamu, bener2 sukaa, aku suka banget sama kamu, aku suka banget sama kamu",love
7673,"wow, tulisan keren banget ya kak, semangat deh bikin aku juga ngeblog",joy
3345,suka banget,love
8172,"aku merasa kasihan padanya, tapi aku sangat benci padanya. Aku tidak bisa berbuat apa-apa kecuali hanya merasa kasihan.",sad
11866,"suka banget kalo tiba-tiba disuruh bangun pagi, suka ga mau masuk kerja",love
5870,"enggak sedih kok , cuma inget doang kesalahan emang bawa ini mobil , harusnya mobil laen",neutral
6506,iya kan sedih..,sad
2797,punya la senang benda ni ah kenapa dulu masa study aku budu betul ah,joy
918,maksud loo?? ngajak ribut? matcha enak banget woyy!!,anger
1646,"gue fikir baba ga ikut. malu bgt asw gadeng, malu aja haha :')",fear
5122,"huuh pasti ada dari mereka yang mau menjatuhkan 1: sekian juta orang.. allah sayang sama kamu, allah mau kamu istirahat dulu skrg gpp nikmati aja rulesnya gak boleh marah ataupun sedih semua pasti ada yg lebih indah dari ini",neutral
5126,"marahku tak ku jual murah. aku marah padamu. lalu ditanyai siapa yang menyakitiku. entah makhluk langka apa yang berhasil menyakitiku, cinta.",neutral
4621,"dibalik perkataan aku baik-baik sajaa, selalu ada airmata yang meredakan segalanya. dibalik tulisan indah, selalu ada hati yang terlalu berantakan menuliskannya. ada masa lalu yang setengah mati dikuburkannya.",neutral
6809,sedih mart mu takde piala musim ni,sad
364,goblok mah goblok sendiri aja buibu.. tetangga di gresik kmaren gini semua. miris. punya komunitas bego nan tolol itu hal tergaenak yg pernah gua alami 3 tahunan disana.,anger
11479,"aku suka banget makan sate ayam, so yummy",love
2125,saat paling bahagia menurutnya adalah saat ia tidur.,joy
8150,"hiks aku sedih gaes, mending dulu istirahat aja, nanti kita ngobrol lagi",sad
8717,"aww denise, ya ampun. aku ngeluarin air mata setengahnya. tapi jangan sedih, banyak yang suka sama kamu, dan kamu bisa kembali lagi. semoga kamu bisa segera kembali, dan selalu semangat!",sad
55,gue baik tapi gue ga tolol. semoga orang tua gue sehat terus lancar rejeki. biar ga usah gue ngandelin sodara kaya anjing.,anger
638,mau marah aja skg udah males..,anger
302,"kita tengah bersiap dia call, memang kena marah la duit pun takde, hutang apa pun tak tahu la",anger
10958,"mau berani menerjang tapi agak was-was, hehe",fear
5811,"ya sepi kan masih pagi ini, tapi pasar rame deh kek nya",neutral
1276,kaget liatnya,fear
10247,"udah lama ga kerja, kepala mulut udah nyut-nyutan gini, ga tahan lagi kehabisan tenaga",fear
4432,"jadi kalo banjir macet polusi, jangan nyalahin gubernur lagi ya kak, mau kim jong un jd gubernur ya tetep gitu, jadi salahkan saja dirimu sendiri kenapa masih mau tinggal di jakarta. salahkan saja tuhan kenapa menciptakan anda.",neutral
3644,"minyak yg ngebungkus si kebabnya (gatau deng kertas minyak atau apa, pokoknya yg suka dipake buat bungkus kebabnya). asli lengket banget, dilepasnya susah, dikeluarin dari tempat kebabnya juga susah banget sampe tempat kebabnya harus dirobek dulu anjir worst experience ever lah",love
4143,sarapan hari ini dengan seporsi mie instan untuk menemani sunyi setelah kepergian tanpa pesan..,neutral
2878,sehat dan bahagia untukmu juga,joy
6493,sedih kudu ppg dulu,sad
10478,"debt collector terus nanya nama di rumah, takut ga kenal mereka sih",fear
10453,"enggatau tapi bingung, jadi takut",fear
5240,"simpan permanen udh bs mulai nnti jam 3 sore sampe tanggal 15 feb jam 3 sore. data diri, foto semuanya masih bisa diubah klo km blm simpan permanen. saran aku, dr skrng udah isi semua data diri, upload foto dll, jadi ntar tinggal simpan permanen aja, nggak panik sm hal2 lain",neutral
11847,"bakwan! aku suka banget, dulu gue ga suka banget, tp skarang gue selalu suka bakwan",love
10488,"ifnt, artis variety show, emang seru bgt tapi ternyata juga ada yg nggak nyaman loh. mungkin karena kompetisi yang keras, ada yang kalah dan ada yang menang.",fear
6937,gak enak rasanya,sad
7240,"kebayang deh nanti di hadapan ayah, semangat banget gue",joy
9945,"kalo dia benci gua, kenapa dia jadi gosipin gua ke orang yang jahat sama dia? kan gila, gua ga bakal percaya",anger
10160,"flu, omicron, semoga aja gak terlalu parah, bismillah semoga sembuh",fear
2593,wkwkkw ayo semangat pantang mundur,joy
11309,"aku suka banget ngebaking, bakal jadi profesi deh",love
2393,happy birthday valee !! bahagia terus kamuu !!,joy
523,oh gitu ya? kalau w mah dr awal w masa bodoh dg corences w ga minta ya tp kalau w mati dibunuh dia w ora urus berarti itu emang suratan takdir w sampai skrg aja w anti vaksin kq dr awal w anggap corences itu sama dgn flu kalau w ada gejala cukup w menjauhi org aja,anger
6376,sedih bgt pagi pagi liat saldo ada 26 rebu,sad
6981,ga semangat karna ga di semangatin ayang,sad
6677,"sedih njirr , pagi pagi dapet kabar gini thanks denise sudah menjadi bagian dari secret number dan lockeys dimana pun kamu akan selalu menjadi fans dihati lockeys",sad
3900,gatau kenapa kalau orang manggil gue dengan sebutan 'cece' gue suka banget,love
12140,"aku kagum banget sama orang ini. dia selalu bisa membuatku tersenyum, bahkan ketika aku sedang sakit. aku suka banget sama orang ini. aku ingin bersama dia selamanya.",love
5585,"mimpi qasim 2015- nabi muhammad saw bersabda, ini adalah islam saya dan kerana qasim melakukan segalanya kerana allah & saya berkata demikian, allah akan memberi mereka pahala yg berlipat ganda. ramai muslim di seluruh dunia mendakwa dia adalah imam al-mahdi tetapi dia menolak.",neutral
11790,"bapak suka ngomongin emak, kadang pa bilang emak pesek tapi pa bilang emak paling cantik, pa suka usil ke emak tapi pa ngibrit",love
7956,"hari itu aku kehilangan semua orang yang pernah aku percayai. teman, sahabat, saudara, orang tua, bahkan Tuhan pun tak mau aku jadi tempat mengadu",sad
7570,"hayoo min, boleh ngobrol gak ya, tweets kamu seru banget dan sering terlihat di TL, aku penasaran sama kamu. Ayo kenalan aja, aku senang banget!",joy
11314,"cewek kalo udah jatuh cinta, jadi lebih bersemangat dan tulus. Makanya kalau putus, itu juga susah move on-nya. Jadi jangan heran kalo cewek itu jadi lebih galau.",love
6777,loh aq aja bisa nangis lagi pas scene ini. nyampe bngt. selama ada irvan sakit sampe meninggoy dan full jessy nangis spy nyampe sedihnya ke pononton. tapj aq kok ga bisa ikutan sedih. cuma pas andin sesengukan di makam itu aq sempet ikutan sedih.,sad
10161,"jadi kaget banget liat gambarnya, ga enak pikir",fear
671,"dari subuh udh ga mood, pas main ml pun jdi emosi an",anger
4188,"daddy ni kan, saja je kacau kita, yela kita biasa kacau dia kan",neutral
666,"kamu yang tolol + kayak tytyd. ngejawab tapi ga rinci, pakar apaan kek gitu, iq 69. emang saya ngomong klo saya ateis? saya kan nebak skrip kamu, pasti kamu bakal ngatain saya bukan ateis gegaran ga follow akun ateis. dan benar tebakan saya",anger
3266,yesssssss ga sepi,joy
1887,"oh, iya ngeri banget sampe keluar ususnya, matanya dicolok, badannya kepotong yg ditangga",fear
11458,"aku seneng banget ketemu sama kak elf, mimin juga suka sama dia gpp",love
8472,"seneng abang jadi menejer tapi sedih jauh dari kami, kalau nelfon pasti sombong, tapi gapapa uang jajanku nambah",sad
9911,"bismillah, kasihan deh, aku marah banget sama orang yang kejam begini. Maaf ya, semoga kau diberi keselamatan dan diberi hidayah. Aamiin",anger
11139,"jadi nunggu blu-raynya aja sih, baru nonton setelah hype redah, ga tahu kapan bisa ke bioskop lagi tanpa rasa takut",fear
9091,"kecewa banget sama orang-orang yang tidak bertindak sesuai dengan norma sosial dan tidak menunjukkan rasa peduli pada orang lain, apalagi ketika seseorang sedang mengalami kesulitan, tidak adil dan tidak manusiawi",anger
7687,"eh aku ngeklaksonin deh gaes, enaknya bgt deh",joy
6031,"gunakan syukur ketika kamu dicintai, dan gunakan sabar ketika kamu dibenci. jangan ada sesal, jangan ada sebal.",neutral
12392,"jadi aku bingung, kenapa mereka suka ngomongin tentang shipping tapi mereka sendiri yang paling nggak suka, huh",love
6090,"yuna jangan lewat tl dong, w jdi sedih lagi",sad
6238,"gue ga ngestan sn, tapi ikut sedih denise out dari grup semoga sukses terus ke depannya buat denise",sad
7350,"golek bubur isuk2 enak banget, tapi mager men banget, adem wkwkwk",joy
7830,terima kasih buat member2 yang suporta aku,joy
760,bener-bener kalau lagi emosi ga ada yang bisa kontrol. tapi ujungnya selalu ada yang ngalah duluan buat bilang maaf .,anger
6254,yah kecewa dak do stiker nyo lagi,sad
1906,ayo mam dlu ntar reonnya marah &gt;:(,fear
3818,"kapan coba gua bisa kaya temen gua yg berani deketin cowo yg dia suka duluan? pengen banget deket sama crush, setidaknya jadi temen deket aja deh",love
6269,karna gue sedih karna hyunho gue harus bikin au fluffy. yook little blessing markitabuat,sad
4300,"seperti biasa ya, pagi2 mules",neutral
5569,jinjin rocky gabisa minum gpp itu gabaik kok emang enak cola tapi jangan sering ya kk aku dah gak sering kalo dulu langganan,neutral
7941,"senyap banget tuh disekitar aku, rasanya sedih gaes",sad
10785,"bgt! sepi banget, serem juga sih",fear
4164,berita hari ini diawali dengan politikus korupsi,neutral
11223,"cintanya engkau akan merendahkan kemungkinan cinta yang dekat, jadi engkau akan dilanda ldrisasi cinta",love
5971,kalo sedih kenapa?,neutral
3579,"suer thanxxxx bangetttt buah hadiahnya gaes, sayang kalian semua emuahhhh",love
2832,"aku arep golek bubur isuk2 enak ketoke, cuma mager men arep metu. adem wkwkw",joy
5449,tangannya di gips aja masih semangat main.,neutral
3472,"ponakan aku kalo berdoa pasti ""ya allah minta mobil oh"" apa-apa mobil apalagi mobil oleng suka banget",love
6327,akun baru sepi amat :(,sad
137,selama perintah suami tidak melanggar syariat. hormat tapi nggak tolol. makanya islam buat org yg mau berfikir..,anger
7043,ganggu banget dan bikin risih.. pingin resign jadinya :( padahal aku suka pekerjaan ini,sad
4892,ya sprti biasa.kerja kerja dan kerja..,neutral
2180,"nah kalo gini terus terang sama2 enak ya mas, asal minta bonus'nya ngak gede2",joy
10320,"hujan gilaa, bgtu bgtu ngejat, aku khawatir banget",fear
7730,"semangat ya, hari ini juga, aku happy bgt",joy
3177,uaa naf thank youu!! wowkwow tentu saja pastinya dong,joy
4854,"semoga lancar lancar saja,lanjut pekerjaan yg kemarin.",neutral
4637,ngulang dr 1-3 tapi kamu tryhard yg chamber 1 aja.. 2-3 nya santai tapi harus clear aja yg penting,neutral
5115,balas dendam terbaik adalah menjadikan dirimu lebih baik. - ali bin abi thalib,neutral
11883,"kalo udah jatuh cinta, cewek-nya selalu suka ngelantur tulus banget. jadi pas putus, emang susah move on-nya, tapi tetep cinta banget",love
7648,"ga nyesel beli kayak gini, enak banget",joy
4261,"kalah menang dalam sebuah match hal yang biasa, tapi emyu ini lawak bangeet bisa bisanya kalah sama klub beda divisi, adu pinalti, full skuad",neutral
1331,mau positip takut cewenya jealous kah?? masalahnya gw bukan jennie,fear
10209,"aku takut sama anaknya, dia jago banget gombal 11 12 sama ayem. bangeeet",fear
10674,"mau kaya gini pas ulang tahun, tapi takut malah dijadikan bahan bullyan, apalagi klo gue udah jadi orang yang gak punya temen",fear
7002,req dm telat banget :(( kalo mau nanya ke wa ato ga rep ama tag aku ya soalnya suka telat kalo dm,sad
9550,"gemes deh kalau lagi marah, ga mau kalah",anger
6941,senyum tak selalu berarti seseorang bahagia. kadang seseorang tersenyum hanya karena tak ingin menjelaskan kenapa hatinya t,sad
8017,aku mau nangis .. aku ga nyangka dapet hasil segini karena memang uas kemarin aku takut ga sesuai harapan dan bikin orangtua kecewa,sad
6241,"-kelemahan seorang lelaki yg apabila suami yg gak bisa sabar dengan kondisi perempuan. jika mandul, nikah lagi cari yg lain. jika di pukul atau di diskriminasi, diam tutup aib. jika nafsu muncul, penuhi. jangan sampai berkata tidak. sedih banget jadi perempuan-",sad
9521,"siapa ya yang ngeracunin syaraf ini, bikin emosi berantakan",anger
12581,"x kan nk tgk saja, x2 masalah ya",neutral
6881,matimatian berusaha sayang sm diri sndiri malah d buat benci sm diri sndiri lg cm krn perkataan orang.,sad
10342,"akhirnya aku jadi nggak pusing lagi, karena aku dapet dana dari kantor yang bisa ngilangin pusingku",fear
4530,apa kabar presiden yaa,neutral
10314,"gw jadi bingung deh, orderan gw ga diterima, kan ga ada harapan lagi, gw ga mau kacang ijoo, gw mau tausaa",fear
4673,"disini baru mulai tatap muka, eh udh ada kabar kasusnya naik lagi",neutral
6996,"udah ngebias dr jaman sma, mulai suka sama band, soloist, sampe sekarang aktor. baru sadar itu abisin duit banget ya. udah kaya mungkin aku skrg kalo ga terperosok dr dulu",sad
1252,"ngezoom banget gambarnya, kaget",fear
11470,"aku suka sendiri, aku suka ngomong jujur, aku suka yang tulus. kalo kamu juga suka seperti itu, silakan aja, aku tunggu ya",love
3374,sayanggggg bangetttttttt,love
2814,cerah sepertinya,joy
4719,tenang saja itu cuma foto tanganku aja,neutral
6544,"seneng akhirnya jenjang karir yg dimau abangku udah kecapai, tapi sedih juga harus jauh jauhan lagi. nanti kalo nelfon pasti sombong deh, : menejer ni menejer, jangan macem macem emang rada tai si, tapi gapapa uang jajanku nambah (bismillah)",sad
10040,"oooohhh ngeri, anaknya galak gitu",fear
4858,sabar yah orang kecil kyk kita mah dah biasa ditinggal,neutral
7901,semangat dong aeril. jangan menyerah ya. kita bisa!,joy
11229,"aku suka banget main di rumah, jadi muka bersih, ga harus pake makeup",love
8580,"kecewa banget, ga mau sad, move on deh",sad
8427,siapa yang mengubah hatiku siapa yang membuat kita satu selalu menyatu beban kecewa namun takkan berakhir,sad
1077,"iyaa ,, sebagai lulusan fh malunya luar biasa dan sangat tidak tau diri, menyedihkn",anger
10176,"duren itu lucu, ngga enak langsung makan tapi enak olahan, aku takut baunya ga enak",fear
4363,jangan sekali-sekali memasuki wilayah apapun sembarang termasuk yang belum tahu sekalipun. karena kita tidak tahu ada apa saja didalamnya,neutral
770,"dulu marah marah, skrg diem aja terus marahnya ke yg dipercaya",anger
10357,"ngeri banget rasanya kalau ayah pergi tanpa kabar, aku khawatir",fear
8865,"dulu kena ghosting, gue pelor banget, sekarang kena ghosting lagi, gue ga bisa move on, ga tau kenapa, mungkin kena karma",sad
249,"slogan tu dah boleh buang, ganti dengan ""semua polis adalah bangsat""",anger
9766,"waduh manusia beneran ribet banget nih. Terus kenapa? Ga suka? Iri? Dengki? Ya ribet banget, beneran. Ada orang asing bikin konten karena lagi pramusim di indo terus dikomenin nyari engagement? Terus harus ngapain? Ga posting kegiatan pramusim mereka? Manusia beneran ribet anjir.",anger
7239,"ya Allah, terimah kasih buat jimin yang pagi2 kabar bener2",joy
3419,"dari ke 5 varian, aku suka yang jasmine sih. wanginya ga nusuk terus kecium & tahan lama, kaya apa ya wanginya.. mirip teh melati gitu. kalo yang lavender itu soft banget wanginya.",love
10273,"idih ngeri, takut banget kalau di space ga bisa keluar",fear
10015,"emang ngebayangin cicilan bulanan gini, aku bingung ga bisa ga beli barangnya",fear
4976,"aslinya sih mbak dita ya nyesek, apalagi sampai dibaca mbak dita, dia jawabannya profesional, ya kali mau marah-marah dan ngemis-ngemis ""..jangan out dong, nanti kan kita sedih.. blah blah blah.."" kan ga etis.. kita yang sebagai lockey harusnya yang bisa jaga perasaan.",neutral
4544,"hah iyakah masya allah, ya udh klau emng sibuk bgt gpp fokus dlu aja, wajib balik pas hari h yah ayang ditunggu kabar bahagianya",neutral
5565,nih 3 semangat banget anjirr,neutral
7939,"aku sedih, teman-temanku yang seangkatan denganku baru saja masuk SMA dan langsung belajar kurikulum 2013, padahal aku anak warnet yang pintar berkomputer, tapi aku tidak bisa menunjukkan kemampuan itu karena teman-temanku yang lain sudah jauh lebih pintar.",sad
716,lo benci jamet sih sebenernya bukan pesepeda motor,anger
12165,bukti lagi bahwa proses untuk warga kecil sangat lambat. sedangkan pundi-pundi uang terus digenjot setiap bulannya. juga lagi dan lagi birokrasi yang super menjelimet. kenapa pejabat suka banget bikin pusing diri sendiri ya? padahal otak saja gapunya,love
2048,"nikmati, bisa senang-senang bareng teman tapi tetap produktif,",joy
5997,"jangan larut dalam kesedihan, ingat lah bahwa tuhan mengirimkan sedih dan bahagia kepada kita dalam satu paket. ..",neutral
6600,"ya siapa yang ga sedih anjerr, mo ngomongnya juga gimana. nanti perasaan orang yang tersinggung",sad
7245,"ayo kita mulai berbagi kesenangan, saya siap, tante juga siap, vcs juga siap, semuanya siap, weekend ini kita jalan-jalan di pantai, kapan-kapan kita ke rumah sakit, jangan lupa bawa obat, obat untuk apa ya?",joy
4178,cintailah seorang wanita saja. dua wanita terlalu banyak,neutral
4809,mbesuk yen kowe uwis ora krungu kabarku ngapuranen aku wis tau ngarepke kowe,neutral
10916,"aku krg berani ngomong sama ibuku, takut ga diajak jalan-jalan",fear
11947,gue jatuh cinta sama orang yang bilang gue 'cece' gue suka banget,love
7140,"kekekeke, patrick ga enak banget, ngakak banget ya",joy
7190,"kombo luc-raiden emang enak, bisa dijangkau juga",joy
1460,"coraline dulu pas kecil takut banget jir, mana nyebutnya dulu kartun mata kancing :(",fear
5989,"jika tidak dapat menggembirakan kedua ibu bapamu, jangan menjadikan hati mereka sedih kerana sikapmu selamat pagi semua",neutral
9860,"apa kabar orang-orang yang korupsi 2,1 miliar cuma dalam 1 tahun 4 bulan? itu sama saja dengan makan ayam dari mulut hingga ke tulang. siapa yang mau makan ayamnya? siapa yang mau makan tulangnya? siapa yang mau makan mulutnya? siapa yang mau makan dagingnya? siapa yang mau makan kaki dan sayapnya? siapa yang mau makan kepala dan leher ayamnya? siapa yang mau makan kulit ayamnya? siapa yang mau",anger
10948,"kaget bgt gini, aku ngerasa bgt gaes",fear
2000,bangun bangun dapet kabar temenku positif takut jadinya,fear
8175,"malu banget sama orang tu, pengen banget jadi lebih santai kayak mereka, tapi gak bisa deh, sedih banget",sad
404,aku benci isi kepala ku isi hatiku dan semua,anger
384,"dia siap kata kalau alter perkataan kena sign tepi tu. hello, aku ke yang kena sign? tanya la front hang apesal aku lak yang diragukan. nasib x kena carut aku dahlah ak marah betul kalau org spoil mood ak pepagi",anger
11901,"ya udah, enggak apa. aku sama sahabatku di sekolah pernah suka sama cowok yang sama. kita ngga usah terlalu serius, ingat banget waktu cowok lagi main sepak bola di lapangan sekolah, siapa yang liat duluan, nanti kasih tau terus kita nonton bareng",love
11953,"aku suka banget buku ini, mau beli gitu. modelnya cantik, ilustrasinya juga keren banget",love
10344,"biasa aja, cuma kadang-kadang agak takut kecemburuan keluarga",fear
1633,ipk 3.3 itu udah bagus ga sih?? takut banget mau kasih tau bokap kalo ipk segitu,fear
12038,"aku suka sama kamu kan, jadi jangan bilang pacaran kita salah, cinta kita beda",love
4784,"baiik, fiel sendiri apa kabar??",neutral
11914,"suka banget sama edan, ganteng banget gak bisa dianggapkan",love
6970,selamat pagi.. sakit apa kak ? saya juga kurang enak badan nih,sad
3925,aku suka loh ama kamu kpn bisa ketemu sayang,love
4158,"haus, udah biasa nahan laper soalnya",neutral
7449,kebayang gini kalo aku juga bisa wangi enak aja,joy
8415,"ayo sih, aku udah ga bisa menahan rasa sedih lagi, aku butuh kehadiranmu",sad
2193,semangat semangat haha hihi,joy
11328,"aku suka semua, tapi favorit banget sama kamu",love
10016,"emang gue takut banget, gue ga pernah ngelakuin hal-hal yang beresiko kehilangan kekasih.",fear
1015,tai banget weh ini udh r9 mbak mas baru ngomong gini skrg napa kaga dr dulu2 sebelom event? pc suka disold out in tapi tau2 sedekah r1-r9 komplit ke influencer monmaap kalo jujur2an prioritas fans adalah pcnya bukan produknya ya gimana ya,anger
5124,"cewek cuek sama cowok terkadang cowoknya itu malah marah & ngambek sama cewek, tapi cowok cuek sama cewek, si cewek tetap sabar tuh",neutral
7418,"selamat jalan om ketum, kita cinta kamu",joy
7409,"semoga yang menderita kanker cepet sembuh, semangat ya!",joy
8989,"ga tega liat tae post foto seokjin yang di ledekin, i get it tae kenapa itu sedih banget buat kamu:(",sad
2871,semangat pagi dan tetap indah kan hari nya,joy
9,pengen pergi jauh terus teriak sambil nangis sekencang kencangnya nanti balik kalo gue udah lupa segalanya wkwj kn tolol mustahil banget,anger
10136,"ga percaya banget nih, gini kalo diitungnya anak yang positif itu banyak banget. panik sih rasanya, takut bgt",fear
1838,agak ngeri tp tetep semangat gurls!,fear
4804,aku hanya manusia biasa yang tak sempurna adn kadang salah..,neutral
255,"frik ambis gajelas, males gua, merasa bodoh gabisa nyimbangin asu, kesannya jelek mulu gua padahal rata rata udah oke",anger
7026,"gila ya, suka banget ke trigger banget anjir sama yg abusive sama hewan huhu, hatinya mati apa gimana sih.. t__t",sad
5713,kadang tetangga sih suka reseg eh si a aja dah nikah masa kamu belum ih kesel banget pdhl kan nikah bukan lomba btw aku jual spotify premium 3 bulan cuma 35k dan masi banyak app premium lainnya yuk buruan order,neutral
3324,sopaa!! cuz akuu suka banget jurusan tari di sana aku sering ngikutin daily school nya anak sopaa dan itu asik asik bangett mereka juga suka ada event!!,love
7714,"salam pagi, selamat beraktifitas, semangat",joy
1581,takut ah ntar dijual,fear
11148,"oh god, aku takut komen aku dianggap viral, nambah like ama komen jadi banyak banget, kagak enak deh",fear
924,bisa bisanya ada orang yang ga suka liat orang lain bahagia,anger
2779,"aa makasii, lu juga semangat yaa",joy
10700,"jangan bingung bgt nanti pancing, gampang banget pake tambang timba tapi jangan dalam-dalam ya, kalau ga nyampe pasti kena pukul",fear
7891,"beneran, aku suka ngerjain orang yang pake kamar mandi jorok. pas kamar kosan aku, kalo ada yang pake kamar mandi jorok, aku pasti ngerjain. kalau pas aku ngekos di sana, aku nemu piring yang kotor, padahal di sana ada tempat cuci piring. aku suka ngerjain orang yang pake kamar mandi jorok. pas kamar kosan aku, kalo ada yang pake kamar mandi jorok, aku pasti n",joy
6132,mau nomor buat verif sedih akun ke log terus,sad
5320,"join bn la. dapat makan mewah. tak cheapskate. baru semangat buat kerja. tengok semua muka ada senyum. yang muda cheapskate sangat. muka memaseng tegang. tengok bn memaseng pay attention bila ada yg melawak. kalau tgk meja muda, memaseng tunduk je pandang lauk sendiri",neutral
7312,"pagi hari semangat dong, mari kita berubah dengan tindakan bukan hanya omong kosong",joy
7102,"hebat deh, semangat yuk walaupun badan lagi ngos-ngosan",joy
6042,"karena skrg udah jelas, fokusku skrg ke mereka aja. ot6. msh sedih tp gpp, skrg eonni"" butuh lockey juga.",neutral
3775,"8/10. filmnya baru mulai 2 menit gue udah suka banget sama dialognya seohyun. makin ditonton ternyata beneran bagus. ngasih tau bdsm, consent relationships & sexual harassment. jujur gw ga expect akan semenarik ini dan ngira paling gw bakal bosen di 30 menit pertama",love
4835,ke jurang saja,neutral
4964,"menurut penelitian, wanita berusia relatif lebih panjang, karena lebih expresif mengutarakan emosi.",neutral
10971,"debt colector ke rumah, nanya nama aku sendiri ga kenal, takut ga jadi bayar",fear
539,suka marah,anger
7483,"jangan takut gagal ya, kalo kita gagal itu berarti kita belajar sesuatu baru",joy
2745,aaaa semangat harinya juga kak azutt,joy
3719,jujurly selain suka kopi nya yang ginger ale lemon espresso gue suka banget sama logo dan basic color nya si flash coffee,love
6819,"guye ak lagi sedih bgt, kucing aku satu meninggal",sad
9337,"kek gampang nih, jadi vip di grup chat, tapi nyatanya kek jelek banget, baperan gitu",anger
4468,tahu fantasi? campuran telurnya aq biasa pake putih telur aja soalnya,neutral
667,"dulu pernah install tiktok gr2 pandemic, iseng di rumah nganggur mo ngapain, tp begitu lht komen2ny gw kyk kebawa ikutan ""downgrade"", gw miskin, gw mgkn bego, tapi ga sehina itu, ngehujat org pakai komentar2 yg kl lo baca, 'heh, serius ini org indo yg komen'?",anger
7575,"semangat jadi mama muda ya, aku doain baby kalian selalu sehat",joy
11211,lagu child itu bikin aku jatuh cinta,love
8549,"liat episode pertama drama baru prison play book, aku mewek banget deh karena emosinya yang sangat kuat",sad
5063,"tengil, suka marah-marah, songong, tapi itu semua jarang sebenarnya. dia orangnya suka galau, sering sibuk sama kegiatan osisnya. kadang juga manja kayak anak kecil, tapi lucu kok. kadang nurut kadang ngeles 1001 alasan dulu untuk beberapa hal, contohnya kalau disuruh makan",neutral
11023,"ihh kaget banget, tapi seneng juga kembali lagi, ya ampun",fear
10975,"agak kaget, ada yang aneh nih",fear
1353,gue jadi takut kalo liat akun besideperth,fear
7114,"silky drink blue citrusnya enak bgt, aku happy banget",joy
12314,"aku suka banget kamu, tapi aku lebih suka dia.",love
8662,"kadang-kadang, meski banyak orang di sekitar kita, kita merasa sendiri. karena kita ingin dia yang kita cinta ada di sisi kita, kita sangat mencintai dia",sad
2703,"enak, kebab bbq",joy
3330,"dibuat sama gdh, emang udah jaminan mutu ya. suka banget sih sama gaya berceritanya, banyak kasih liat reaksi orang-orang. pokoknya tiap toon sungkem sama nenek-nenek, dada gue langsung sesek ada di netflix, last day to watch 28 feb besok! jadi buruan deh ditonton.",love
8053,"aku sedih, kok bisa gitu aja",sad
11829,"happy birthday, terima kasih sudah menjadi kekasihku. Aku akan terus mendukungmu dan selalu berada di sampingmu saat sedih maupun bahagia. Semoga selalu sehat dan bahagia. Jangan lupa istirahat dan makan yang banyak ya. Aku sayang banget sama kamu",love
9588,siapa yang ga suka dinikulin lewat sosmed? gua bawa kabar bodoan (fresh from the oven) seseorang yang memang pantas dikatain bego. ga sanggup lagi gua anjir.,anger
3584,"hal paling males dimuka bumi adalah beresin lemari trus bingung baju mana yang masih dipake mana yang engga, mau dikasihin ke orang suka ngerasa sayang nanti juga dipake lagi. ujung-ujungnya numpuk dilemari padahal yang dipake ya itu-itu aja",love
11893,"aku suka banget, sayang banget sama dia",love
5645,"dulu gue pernah diajarin buat cari tau apa yang gue ""suka"" dan ""bisa"". ini exercise yang cukup unik, karena ini logical banget. ketika kita mau nge ""flow"", ya kita musti start untuk bergerak aja dari hal2 yang keliatan. nanti kepercayaan diri akan terbangun sendirinya.",neutral
3376,"mak ku ngga suka kalo ak merusak sesuatu , mak ku terkadang lebih sayang ma nct pleasee waktu album universe aja dia nanya nnya mulu kenapa album nya di buang buang",love
1256,hahaa sama. gue di unfoll 10 org hari ini . kaget banget,fear
6190,"nahan tangis gk enak bgt anjirr, ini lagi di sklh",sad
11704,"suka banget live performnya, aku suka banget deh",love
9442,"ini dia pukimaknya cebong, dia yang bodohin, tapi dia masih bilang orang yang bodoh, kepala hotaknya kayak cebong",anger
5348,kenapa komennya pada takut sih??,neutral
11003,"kasihan, kangen sama quin yang sakit. nih aku mau diperiksa penyebabnya. ayo, aku takut juga kalau sepi",fear
11476,anjeng anjeng ceweknya suka banget sama episode ini. suaranya campur aduk. kalau punya adik seperti dia ga perlu pacaran kan,love
11125,"aslinya aku takut banget, karena ada beberapa anak yang positif kopit jumat kemarin. iya sih aku panik",fear
4175,luar biasa,neutral
4910,"ia..namun kita juga tau dua label itu bukan sekedar permainan politik saja. namun ad fakta2 yg kit harus sadari ""rasa"" politik saat ini arahnya kmn.",neutral
1852,jiahaha ..biasanya yg curhat cewek.. dimedsos lagi. kasihan istrinya yg menanggung malu dikampung,fear
6316,"bahkan dalam fisik terluka dan bathin yang sakit, ia masih bisa berkata 'aku masih sayang kamu'. tapi engkau malah memilih untuk pergi. apa hendak dikata sesal tiada arti jika sudah di akhir.",sad
12418,"cinta banget, sayang banget, ga bisa dipisahkan",love
2105,kaka juga iya wangi enak aja,joy
133,bloon. mana ada yg mau kalah. mang bego anjing kntl,anger
5029,"bener ya ilmu padi, semakin berisi semakin merunduk. makin kesini, makin dewasa, makin tau banyak hal, sekalinya emosi yang dulunya diluapin sekarang pilih buat diem. ngga suka sama orang, diem. kesel, diem. diem mulu idup gue",neutral
928,udah semangat on soalnya ada ayang yang nyemangatin. sialan lu idang,anger
823,"wkwkwk emang lo punya agama, benci banget sm yg berbau islam gitu",anger
7576,"semangat semuanya, kita akan bertemu lagi, dan menunjukkan bahwa kita satu tim yang bersemangat",joy
11632,"aku suka banget sama serum ini, teksturnya enak, ngga lengket, & ngga bikin kulit kering. Packagingnya juga mewah, dan pake gampang. Cuma ambil pipetnya lalu oleskan ke wajah aja deh.",love
1531,jujur takut digetok mami beli hoodie lagi,fear
1214,jangan lupa minum ya abis makan. takut keselek,fear
504,semua kadrun benci ahok. itu sdh lumrah.,anger
10188,"nggak nyampe panik, tapi bingung juga gaes",fear
6530,sedih betul,sad
3072,"fess ada yg suka minuman non coffee apa aja dan pake susu almond? biasanya minumannya apa dan beli dimana? kmrn aku beli latte sbux pake susu almond, suka banget, tapi mau nyari yg non coffee",joy
10150,"gila sih, udah mulai berat kepala ini, kepanikan mulu",fear
9576,"gemes deh gw kan make dn puasa gelar, kenapa pada bilang semangat puasa. bikin sakit hati aj",anger
9086,"gemes deh udah ga ada harapan sama dia, udah jadi baper gitu",anger
8647,"sedih banget, gua punya kucing yang selalu dilepas dari kecil, tapi mereka emang ga suka main terlalu jauh dari rumah, gue selalu inget mereka.",sad
6619,"fess ini es krim enak bangett tpi kok skrg susah ya carinya, sender sedih ni",sad
9273,"ga kerasa-erasa nih, jay paling jahil banget, cek jay",anger
3709,tolong ini temennya siapa cinta drama pake banget,love
12080,"anak kecilnya aku kalo berdoa selalu minta mobil, gemes deh",love
4849,"ketika kamu berharap yang terbaik tapi kamu hanya mendapat yg biasa, bersyukurlah kamu bukan yg terburuk.",neutral
4748,"kaga, biasa aja. banyak yg lebih tua dr gw manggil gw ade, selow aja. klopun orang lain bilang punya adek ya berarti saudara kandung yg lebih muda dr dia. mau umur berapa kek.",neutral
4268,"selamat pagi first people. mhn maaf atas ketidaknyamanannya. kami cek modem dan area normal ya. mohon bypass menggunakan kabel lan dari modem ke device kemudian akses situs detik(dot)com dan youtube(dot)com. bila sudah, mohon konfirmasi kembali ya. tks ^sita",neutral
11714,"aku suka banget, kebenaran hanya menurut selera kalian saja.",love
11794,"seru aja nonton asmr, aku suka banget bgt",love
12448,"jadi aku suka banget sama tema ini, konsepnya nih",love
8905,"baca cerita yg makin kesini makin sedih, ga tahan hiks, aku curhat ke seseorang, nangis parah, hahaha",sad
4186,"memelihara kota saja gak mampu, apa lagi membangun kota.",neutral
10406,"bismillah ya Allah, semoga hari ini kita bisa lewatin hari dengan baik, dan semoga kita selalu diberikan rahmat dan keselamatan",fear
5301,ada nih kak isvaya ( ) nderr! kalo masih ragu boleh cek dulu profiles nya di flipbook atau langsung aja dm ke charie yaa,neutral
2923,coba sampai ep 12 banyak bucin tolol wkwk,joy
6588,gw yakin kedepannya lockey sedih kalo liat gambar ini,sad
1810,"gabisa banget nyetel takut, i feel gonna cry",fear
3486,enak banget buat aku yang suka klepon trus cinta mati sama eskrim,love
7419,"go go go, aku siap buat apa aja!",joy
3141,wkwkwk santai aja ayok mutualan sini,joy
10019,"klo aku jidat yg sering tak tempelin dikaca ketika kondisi nungguin.. walhasil kacanya berembun,,njuk panik nyariin tisu.. gosipan di kaca, panik banget",fear
9347,"kok kaget tuh, sok aja kok",anger
1324,"eh ada lagi deng hehe, bikin kaget aja",fear
4312,obat stroke lumpuh sebelah kanan adalah bio nerve. pesan di wa 0878-7763-8496,neutral
7494,"nih kebetulan aku ngopi +pisgor pagi, enak banget deh",joy
8702,sad menunggu kelanjutan secret number setelah hengkangnya denise,sad
9872,"udah ga tega nih, mereka jadi terlalu bodoh",anger
8691,"sih bingung, sedih tapi masih pagi",sad
11972,"suka banget klo cinta, kadang suka ngejarin sampe telat",love
10048,"ngga bisa jadi gue, ga bisa ke sana, ga kuat banget",fear
9580,"ngapain sih kerjaan kayak gitu, ngerasa duitnya dari langit aja?",anger
10578,"ga sabar nih, 10 februari udah deket banget, rasanya campur aduk, ada kebahagiaan dan kecemasan juga",fear
5541,"2022 aku tau berat banget kedepannya. jujur jalanku buntu aku cuma mau ikut alurnya aja. tapi aku percaya sedih itu kaya bahagia, semuanya sementara. habis sedih pasti nanti bahagia kok, begitupun sebaliknya. semuanya bersifat sementara gapapa kok ya kan hatinya seluas samudra",neutral
11428,"aku suka banget webinar ini, karena membahas toxic relationship, mending ikutan ya bestie yang masih galau karena masalah percintaan",love
6172,iya juga¦ gak ada dia dunia tl sepi,sad
1540,"gue kalo pms sakit bel tp gamau minum obat takut ketergantungan:(, uda nyoba dikompres pake air anget gaa tadii?",fear
9409,"gemes deh orang itu memaksakan kehendaknya, ga mau paham sama keinginan orang lain",anger
2681,yuuta t_____t semangat di sendai,joy
12452,"gue jatuh cinta sama lo, ga bisa dihentikan. gue suka banget sama keceriaan dan kegembiraan lo, tapi juga suka banget sama kepedulian dan perhatian lo. gue pengen ngomongin sama lo, tapi gue ga bisa ngomongin. gue pengen menemui lo, tapi gue ga bisa menemui lo. gue pengen kembali ke masa lalu, tapi gue ga bisa kembali ke masa lalu. gue pengen mengerti diri lo, tapi g",love
11185,"aku suka banget, lagunya enak2",love
6313,"mau genre apapun, kalo ceritanya bikin sedih aku pasti nangis. ini tadi aku nangisin zombie di all of us are dead :)",sad
1191,ngeri amat wkwk,fear
5293,jangan tegang tegang kak,neutral
1542,"ketularan kaget, pengawasan gak beres.",fear
11493,"beberapa minggu ini, kita suka ngobrolin yang serius. dia bisa ngekspresikan dirinya yang sebenarnya, kalo.. dia cengeng banget, perasa banget, sipaling gampang sedih, sipaling gampang kefikiran kalo ada apa sama dirinya, itu cuma sama gua.",love
11516,"aku suka kpop, wibu, dan anak-anak, aku sayang mereka sekali",love
7056,"komenannya ga jauh dari kata 'normal', sakit hati gua bacanya.",sad
2539,senang banget pagi pagi dapat yang manis manis ue ue,joy
953,"gue baik banget apa ya sampe orang suka minjem duit, minta jawaban maksa",anger
7241,"libur mu selalu happy, gaes",joy
6731,"yg joonyong sedih bgtt ""cibee kajaa""",sad
4846,solusi gemuk sehat ya mr pro pesan pin bb d3ab1394 wa 089523185997,neutral
6801,bukan lockey tapi sedih banget denger berita denise btw kok bisa kontrakny beda² per orang,sad
8010,ngeliat fanart thomaya aku jadi nyesel mikirin yoimiya,sad
4330,temen rl ak kalo lihat ini anggap saja gak lihat ya!!,neutral
8924,"dia tak ada artinya buatku, tapi janji manis dan harapan palsunya masih saya simpan",sad
5334,"udah ah kamunya, ada2 aja hehe.. lanjut yah tante, hadiah utamanya blm nih, pengen rasain mulut tante hmmhh..iya-iya,tapi jgn disini yah..di kamar tante aja yuk..malu nih di dpn niko hehe..oke deh.. setuju jaka. mereka kemudian bangkit dan menuju kamar anisa",neutral
7330,"hehehe akhirnya bisa berani, gak malu lagi",joy
9348,"yaaah yang ngomongin hoax siapa bos? hoax itu aturan hukumnya. disini ngobrolin tentang kegiatan buzzerp yang jelas berbeda pandangan politik, jadi jangan bilang yang mengecam pemerintah itu hanya menyebarkan hoax. mending jelasin ya",anger
4729,sarapan bubur ngga pake kacang dan tentu saja diaduk,neutral
11486,"aku udah tau kpop sejak 2016 tapi baru suka sekarang, mereka lagi hiatus tapi aku tetap mencintai mereka, aku selalu ingin tahu, jadi aku kepoin mereka, makin aku kepoin makin aku mencintai mereka, aku sangat mencintai kpop",love
6541,gatauu lg sedih kalo liat foto2 cogan,sad
11174,bener-bener suka sama mukaku yg sehat banget padahal lagi haid,love
5305,"dikit2 kaget dikit2 kaget, kaget koq cuma sedikit",neutral
5161,tumben ga marah-marah nih,neutral
7860,"baru bangun dan kabar baik datang, seneng bgt",joy
2156,"pagii semangat ya kamu hari ini, have a good day",joy
1062,"jangan cuma beraninya nge dm doank buktikan dengan ngajak kita ngeroom..jd bisa di buktikan semuanya,tidak semata bualan,atau halu saja..",anger
10808,"aku takut gitu, klo nulis",fear
1167,kok suaranya aneh dan bikin merinding ya,fear
11414,"aku jatuh cinta sama treasure. dia suka enjoy di atas panggung, sering senyum, ketawa, dan paling suka jeongwoo. aku suka banget sama treasure",love
3636,"hello! disini ada isla sama ona yang provide gxg relationship. mereka suka banget pda! karena anaknya juga bucin abis dan seneng pamer kelucuan pacarnya, segalanya deh tentang pacarnya. isla ataupun ona juga orangnya bisa match your energy, convobuild, ”",love
7651,"semoga hari kamu menyenangkan gita, semangat buat streaming nanti (2Œ’_2Œ’;)",joy
5588,"lebih mending kecanduan si jadi enak ngabisin obatnya, ya gak sih?",neutral
11130,"kaget banget, anginnya kayak mau putus, takut gaes",fear
7192,yeay jiminiee. aku dapet kabar baik! senengggggggggggg -pagi,joy
4491,nonton 1episod saja belum selesai..,neutral
7266,"thanks, semangat juga buat hari ini!",joy
11332,"gila kan mereka nikmatin banget waktu mereka di amerika, ngelakuin yang mereka suka, kerja sambil liburan banget ya vibesnya",love
4980,spill cara biar ayang ga marah ges,neutral
8335,"akhirnya setelah 1 tahun udah bisa kembali ke panggung, tapi tetep aja ga bisa kaya dulu. kayaknya karena stress jadi ngga bisa enjoy lagi, ngga enjoy sama sekali, emang gimana ya, gemes deh",sad
12536,"jadi ingat waktu ayah menikah, dia juga bilang hal yang sama. dia bilang, sebelum ada lelaki lain yang mencintai ibu, ada seseorang yang mencintai dia terlebih dahulu. itu adalah ayah. jika memang istriku membuatku kesal, tahan kesabaran, jangan pukulnya.",neutral
11769,"aku cinta banget sama kue dan hadiahnya, apalagi meme squidward. ga sabar nungguin",love
4946,"consent juga, haha. aku pikir consent akan muncul setelah ada trust. hanya trust saja belum tentu diiringi consent. tapi kalo consent, biasanya udah trust dulu. udah, sesimpel itu aja wkwk.",neutral
2782,"coba denger yang good riddance, give me novacaine sama stay the night. itu juga enak",joy
717,bangsat!,anger
10011,"ngeri deh, aku lihatnya modelnya rambo semua, jadi aku takut kalau-kalau dia jadi saudara",fear
2502,"semangat buat hari ini ya!! u deserve to be happy. anw, jgn lupa sarapan adolf",joy
4360,iyaa bener bingits! nanti siang ku pesan,neutral
4171,hallo.. jas mau penghasilan tambahan dari hp saja. minat bisa jpri,neutral
8082,"jadi nggak bisa akses hp, sedih banget deh",sad
12296,"wkwk hihi, kamu keren bgt ganteng, aku suka kamu bgt, mau ngapain sama aku hari ini? mau ngapain sama aku? aku mau ngapain sama kamu? aku mau ngapain sama kamu?",love
395,"inilah contoh orang2 yg belum siap bersosial media ya gini nih udah close minded, racist, bodoh attitude gak ada",anger
7186,"semangat belajar nih @diyann, jangan lupa nih jaga kesehatan yaa",joy
12375,"kalo crispy jadi salah satu favoritku, sayang banget",love
4492,"tbh, gak sedikit kok yang begini. ada case gini kek udah biasa aja gitu haha. maaf maaf",neutral
1365,"lagi pusing, tapi kalo dapet dana kaget 100$ ilang ni pusingnya",fear
12000,"aku suka sama anak-anak yang manja, karena aku suka sama mereka yang suka manjain anak-anak yang manja, mereka pas banget buat aku manja-manjaan",love
8787,"ya udah gpp sih, dia baik kok, tapi emang aku sering nyesel karena selalu lebih memikirkan pcnya daripada aku",sad
5917,ya allah smoga bapaknya lekas sembuh yaa i hope there is a good news for them! buat temennya snder jangan menyerah sama hidup kalo nyerah nanti orang tua kamu sedih. masih banyak hal indah yg menanti jd terus hidup yaa kita sama2 berjuang! semangaat,neutral
4968,"cwox yng klo ad ap2 d selesein br2,,yng klo lagi berantem bisa ngredam ego,,klo marah bnget cumn diem,,yng punya love languange physical touch nd acts of service kyak aq..",neutral
2914,"terimakasih allah, terimakasih abah. skrg ni abah tak pernah pun salahkan mimi dah kalau porch sepah sbb kucing dan monyet, tak marah mimi kalau tak masak sbb abah akan tolong masak perubahan ni sejak kitaorg kena ujian covid raya lepas, abah masak nasi lemak hybrid nasi ayam",joy
10518,"nggak sih bisa yakin, rasanya ada yang aneh",fear
5644,"aku tau ini pasti terdengar tidak nyaman. tapi ya gimana kalo sop nya memang gitu. tapi aku kalo dipanggil ibu suka kaget dan ekspresinya kelihatan gitu, jadi dipanggilnya mba. gpp, gpp. kamu harus terbiasa.",neutral
3766,"suka dan sayang doi, lucu banget soalnya",love
3440,"dengan kotak kecil dan hati merah kecil di dalamnya, aku juga ingin menyampaikan penuh suka, terima kasih, atas pertemanan indahmu tanpa pamrih. cc:",love
7357,"suka banget kalo ada yang jorok di kamar mandi, apalagi kalo orang lain yang pake kamar mandi itu jorok. kemarin pas ngekos suka nemu piring kotor, padahal di sana ada tempat cuci piring.",joy
6806,jadi gak mood buka twitter bawaannya jadi sedih,sad
9879,"kejengkelan banget, mau simpan data tapi terus gagal, gemes, panik",anger
2143,day 1 terlalu semangat terus datengnya kepagian dan belom ada orang,joy
5104,level ketika pms lu bukan nahan marah lagi atau bt tapi nahan y,neutral
5073,"buat para pembenci, paling pak presiden jokowi cuma tersenyum dan tetap berprasangka baik kpd pembencinya. ngk terlintas rasa dendam sedikitpun, ikhlas dan beliau super sabar, ingat nabi muhammad saw saat dibenci oleh yahudi hindun? begitulah islam yg rahmatan lil alamin",neutral
1571,"kamu minum kopi 2 gelas, itu ngga sehat tau. kasian perut kamu mata gue mlotot kaget dong, apaan dah nih sksd?! pas gue noleh, anjir cakep bat heran",fear
4079,yah gimana sih yang yaudah susul aku dulu kita sarapan bubur di tempat biasa,neutral
1122,ora editan kui ancene wes kene lg sedih malah dsenggol,anger
2786,semangat puasanya dap!!,joy
2967,"terinspirasi dari kekuatan doa, yuk zuhur ini kita saling mendoakan. saya titip ke teman2 doakan tuk kesembuhan ibu dan kelancaran prog dakwah aja . temen temen mau titip apa? komen aja di bawah yg malu komen, cukup like aja ntar di doakan yg baik baik",joy
2504,"happy birthday tamaa, semoga bahagia selalu yaa (2´`)*",joy
5988,sampe jam sgini rumah msie sepi blom ada yg bangun,neutral
11657,"bgtu ya, liat buku yang udah di coret-coret itu bikin seneng banget, pengen belajar lagi",love
8867,"ga ada temen sama sekali, udah kedinginan banget",sad
11000,"aku cemas abis, kapan aja bisa berhenti",fear
7164,yaaai rumah kita sepi. mari kita party sama-sama wakwakk,joy
11540,"aku suka banget keknya bawa dy buat dibanding in, habis itu jadi dy nya yang di drag",love
728,"halah bacot mulu nih si tua tolol, jawab dlu org panteis tuh harus kek gimana, pengertian panteis yg ga nyontek gugel tuh gimana, kok jauh banget ampe ke ui/ugm. ini kita lagi bahas apaan sih? kok makin ngalor ngidul gegara kamu. jgn baper gegara cewe viktor, malu ama tytyd",anger
7587,"syukur banget bisa balik lagi, semoga selalu diberikan kesehatan dan keberuntungan selalu ada",joy
7543,"ya, aku juga semangat! udah makan belum?",joy
412,"oematmu tolol sih, gabisa bedain mana bunglon mana asli. kebanyakan halu ngentod ama bidadari transparan ya gini jadinya, otack tydak dipakai ya gesya",anger
11338,"baca buku yg udh dipenuhin dengan catatan ilmu, bikin aku semangat belajar lagi",love
9708,"kalo marah ya biarin aja, ga usah mikirin",anger
5745,"aku waktu sekolah ga suka nebeng ke temen cowo, bahkan ga pernah kayanya, soalnya ga nyaman aja gitu. kalo gada kendaraan mending pake kendaraan umum, atau nelpon orng rumah minta jemput.",neutral
7668,"film thailand emang gue suka, bukan cuma ini aja, ada banyak film thailand yang bikin gue kebagiaan",joy
825,bukan pick me tapi dijamin emosi,anger
3267,"kak ann, thankyouu karna kamu udah bikin au sebagus ini. aku nangiss bgt, bukan nangis yang sedih tp nangis yang kekk?? bahagia dan terharu baca cerita kamu, ditambah lagi ada beberapa poin yang relate sama hidupku jadi tiap baca partnya kaya aku liat diri sendiri juga didalamnya",joy
3974,haloo nadhie huhu aku suka banget tulisan kamu buat lee chan huhu diksi kamu cantik banget tulisan kamu selalu megah huhu boleh gak temenan sama kamuu,love
8808,"ya allah farr turut berduka, tiap kali lo ngepost selalu mbatin ni kcg fara lucuk bgtkn, skrg udah pergi, meng nya udah tenang disanaa.. jgn sedih2 yaa, nnti meng nya ikut sedih",sad
8306,"eh ternyata aku jadi sedih, udah mau nyari kembarannya tapi malah jadi semakin sedih",sad
417,azab jualan ayat lha bego,anger
11261,"jujur deh, selain minuman kopi yang unik, aku suka juga sama logo dan warna dasar kopi flash",love
9817,"coba deh bayangkan, kalo orang itu punya pikiran selingkuh/main belakang kek, heh anjg pacar lu matian jaga lu, ngurus hidup lu yg gak seberapa bagus, ngerawat lu, tpi masih mikir buat selingkuh?? sumpah sampah banget",anger
6748,ekspektasi berbanding lurus dengan rasa kecewa.,sad
8967,entah kenapa aku ngerasa sedih sepanjang malam,sad
11088,"ya mas, aku ngeri banget, takut salah beli obat",fear
12153,"love jasmine, wanginya ga nusuk dan tahan lama, kaya teh melati. lavender soft banget, love it",love
2082,semangat mbak,joy
8945,"sayang banget kucing gua, mereka udah jadi bagian keluarga gua, tapi ya selalu dihukum karna udah jadi besar.",sad
10738,"gini yah, badan gue kurang enak, mulut gue panas, tulang linu, ga enak banget, kena cvd gini yah, gue ngeri",fear
3373,"gw lala yaa plis iyaa nov no 1. suka banget gw, tinggal tunggu outfitnya",love
5726,kalo emang suka banget sama bandnya pilih konser sih,neutral
4107,beragama tetapi menganggap mencuri menjadi biasa dengan dalih lele nya kabur lalu saya ambil saja daripada mati di jalan. miris,neutral
10636,"jengkel gaes nak hasut orang tak vaksin, orang vaksin takut nak cerita side effect kat dia, ngeri ya",fear
4380,normal la tu aku kena reject,neutral
7723,"klo bener bener gini, seneng sih, kalo gak bener, gini gini aja",joy
1066,"yang sedang saya alami. kemaren saya ada hubungan sama seseorang. 3th aku sama dia. kita udah sama sama dewasa. saya berusaha (finansial). tpi dia malah santai kyk gk mikir gimana caranya. saya sabar, telaten sama dia. tpi dia seenaknya saja.",anger
3913,"pas tw wanita yg dia suka itu adlh fans eunhyuk,kyuhyun lngsng gk prcya lg sm cinta pd pndangan pertama",love
5536,kegagalan pasti ada tetap semangat jangan putus asa elangga,neutral
8002,"aku jadi kecewa, kenapa ya",sad
5387,iyoo daa kawannyo pon banyak nan malu daa caliak ke norak-annya,neutral
5732,"gua suka kpop krn ada dita nya, kenapa lu mau bilang gua overproud? ya emang iya, suka suka gua, gua gak ganggu kesukaan lu, jadi mari saling respect satu sama lain",neutral
11690,"keren banget packaging sleeping mask ini, enak banget dipakai, teksturnya nyaman, wanginya harum dan bikin kulit terhidrasi pas bangun tidur. suka banget",love
2738,"almond,coklat,stoberry,banana,matcha,sea salt,hazelnut,cashew,chocomalt,marie biscuits. lebih suka yang hazelnut,cashew,matcha enak pokoknya",joy
5052,"itu kalau marah sama orang ngga bisa lama- lama, abis bangun tidur juga marahnya hilang.^^",neutral
4000,"mau bikin list aktor dan aktris china kesukaan dah, soalnya aku orangnya suka lupaan namanya mereka haha :')",love
9760,"gosip guru gue itu aneh, suka ngomong nggak jelas, harus kudu ngintipin gerak bibirnya",anger
2427,iya emg enak,joy
11938,"aku, sayang banget kamu, aku rindu banget sama kamu, kamu adalah cintaku, aku harap kamu juga sayang sama aku, aku harap kamu juga merindukan aku",love
6833,"sedih euy, sedekade yang lalu fans emyu berani nyindir semua rival rivalnya. fans emyu sekarang cuma berani nyindir arsenal doang, karna tau diri.",sad
10123,"nggak percaya, kok ayamnya selalu nyebrang padahal gue udah nunggu dulu sampe agak jauh",fear
1687,"ya begitu lah hidup di cluster coronces, tiap hari panik selalu ada yg positif",fear
851,liatliat! tweet! jangan kaget! jangan anggep alay! namanya juga bot! jangan nyesel udah baca! ntar gue kasih panserpis kok! botbot,anger
11738,"jatohnya jatuh jatuh cinta sama lagu ini, berasa lagi di hutan sambil lari larian di bukit bukit indah gitu",love
6303,"tiap denger lagu kukira kau rumah jadi sedih banget, soalnya punya arti yg beda skrg. liat cuplikan filmnya di fyp juga sedih.",sad
9087,"gemes deh si tolol lupa bawa alat mandi, apalagi pagi-pagi ga ada air panas di kamar mandi",anger
5878,"sudah makan belum bang, janganlah marah atau sedih karena kalah..",neutral
8527,"ayahku nih, aku udah nungguin kabar dari kamu, tapi ga ada kabar",sad
2839,kulit ayam enak banget sih ga ada duanya,joy
11279,"aku suka banget sama micchi riko. mereka keren bgt di film kiekoi, apalagi pas satu scene sama sama, gemes deh",love
4611,"gimana klo beautiful goodbye jadi lagu debut chen gara"" dia tau klo fansnya tau dia udah nikah, bahkan udh punya anak, dia bakal ditinggalin sma fans"" fake, jadi dia say goodbye sma kita lewat lagunya, gimana klo dia cuma pgn hidup normal aja kya org"" biasa? shit idk aku kangen rindu berat ama dia",neutral
9540,marah bgt! keriput! (bisa diabaikan),anger
9207,"eh kok kena marah gitu ya, kok nggak bisa diatur?",anger
11008,"eh, kenapa ini aku baru aja twt dan tiba-tiba kaget? gak abis pikir",fear
9823,"emang gitu ya? gwinam masih hidup, kenapa namra bisa merasakan perasaan gwinam tapi gwinam ga bisa merasakan perasaan namra? gemes deh, gemes banget",anger
2489,"ditungguu, semangat tinn",joy
11922,"aku udah tau EXO sejak tahun 2016 tapi aku gak suka kpop eh kini aku suka kpop dan mereka lagi hiatus, tapi gue tetep cinta karena aku selalu ingin tau, jadi gue kepoin mereka dan makin gue cinta dan syg banget EXO, saranghajaa",love
6905,"dia baik , dia tanggung jawab , dia perhatian , dia pengganti sosok papah,dia mengerti aku , orang tuanya sayang anggap aku seperti anaknya , dia tidak membiarkan ak sedih , selalu khawatir kalo aku kenapa napa.. and now , i lost him forever",sad
7390,"bangun pagi udh ada kabar baik, seneng banget",joy
11443,"aww, aku suka banget lihat foto-foto masa kecilmu, ya ampun, aku ternyata ga bisa berhenti nonton",love
2849,"thank you buat ga nya dom jogja semoga taehyun, member tubatu lainnya, dan moa bahagia selalu,happy taehyun day,_21_,",joy
6665,sedih foto sopinya diapus,sad
5881,kayaknya masih sepi ya apa lanjutin snowdrop dulu..,neutral
10262,"gua lagi gelisah nih, tadi ada yang bilang sekolahku banyak yang positif, tapi overall masih ok kok",fear
4452,menghayal menunggu tiba masanya dimana penyakit covid setara dengan masuk angin biasa dan diobati cukup dengan minum antagin atau kerokan. sambil menunggu masa itu tiba tetap jaga kesehatan dan jaga diri ya. masker vaksin serta taat prokes masih jadi solusi terbaik.,neutral
9949,"ga tahan deh, cowo2 gitu selalu ada alasan buat menolak, pasti udah sering gaes",anger
7421,"ya jangan banyak pikiran dulu kak, semangat ya kak, imun kita harus tetap baik kok, banyak minum vitamin biar tetep fit kak, tunggu kabar baiknya ya kak",joy
9827,gemes deh ga abis pikir,anger
6484,lgi berada di fase pengen nangis tpi gk tau kenapa.. bawaanya sedih aja pdhal gk ada yg menyedihkan..,sad
2479,sarapan dulu biar semangat,joy
6617,sedih bgt waktu salaman sama kucing,sad
10457,"kaya ndoro nda ngerti keknya, geli bgt liat ndoro sampeyan sampe kebanjiran pas masih bingung sampeyan mau sampeyan",fear
11151,"liat seulgi dance step back, aku khawatir dia kesandung ke depan, gini dia jadi lebih hati-hati, liat taeyon pindah ke tengah, dijamin dia ga kesandung, dia elegan banget",fear
11251,"ya jadiin aku dengerin lagu ini terus, aku suka banget deh lagunya",love
2141,tapi itu langitnya cerah,joy
11310,"sayang, jangan sedih ya, lagu untukmu akan segera datang, sayangku",love
5188,gw benci selalu merasa bersalah tapi lo pantes ngerasain rasa ini skrg chel,neutral
12225,"aku suka banget dengan bau ketek khas jantan, bikin gairah, bikin muncrat",love
11548,"aku suka banget sama senyumnya mutsuki, yuki senyumnya hangat tapi mutsuki senyumnya black prince banget. aku suka banget hubungan mutsuki sama hajime. tapi yuki sama kyo justru sering baku hantam. mutsuki hajime justru berteman",love
2744,"semangat terus yaa kakkpastiin udah sesuai s&k yg berlakuu, good luck ^va",joy
7253,"sebelumnya, yang benci itu belum pernah jadi orang sukses. Puji di luar negeri, cemooh di negeri sendiri. Pak Anies cinta rakyat, cinta warga, utamakan kemakmuran, kedamaian, kedaulatan. Aku suka gaya pak Anies.",joy
3506,kenapa ya gue nggak suka banget sama sesuatu yang lambat,love
1679,"jangan lupa ngingetin ayang buat makan dan minum, takut keselek ayangnya.",fear
4249,apa kabar kawan2,neutral
3147,". seneng banget pagi-pagi dapat kabar bagus begini, syukurlah jiminnya army sudah sembuh. sehat selalu jimin.",joy
8130,"gw jadi terlalu kepo, seharusnya gw gak tahu jadi tahu tapi mau gimana lagi pas tahu rasanya benci banget sama dia tapi di satu sisi gw kasian harus gimana juga gw jadi ini hanya rasa kasian saja",sad
10486,"gak percaya ini orang gue yg sebelah, gue ngeri bgt",fear
7004,"dulu tiap ada yang kasih berkas talak suka heran kenapa harus pisah padahal masih muda bahkan ada yg sudah beranak, tapi keadaan mental istri atau suami ya mereka sendiri yg tau dan pasti itu sudah yg terbaik buat kedua pihak",sad
580,lebih baik gua marah dari pada benci! kalo udah benci ga bakal mau kenal lagi,anger
9662,"emang kamu cuma parasit aja? udah ga kerja tapi jadi tambahan beban, tolol banget sih",anger
4070,"semoga anak2 di jauhin dr orang2 yang jahat sama mereka, semoga di cb kali ini bisa sukses besar dan makin bnyk orang yang kenal mereka dan sayang mereka semua suka sedih kalo ada yang hate mereka apalagi kmrn kaya oci yang anak baik kaya dia aja msh ada orang yang jahat, ily",love
3343,mimpi nemu collect book yang pas banget aku suka tapi pas bangun lupa bentukannya,love
7404,"renjana beuh, baca novelnya jadi ga sabar nunggu cetaknya keluar. Buku ini berhubungan dengan reinkarnasi, tapi bahasanya ga berat, simple banget. Akhirnya ga kecewa baca novel ini, mantap deh!",joy
3672,"aku tau jadi dari video jaesix yang react shoot me. tapi awal mulai suka day6, niatnya mau biasin yonk. taunya malah suka sama jae akhirnya, gatau kenapa. suka jae ya karena dia jae he saved my life, soalnya tahun"" itu aku stress banget sm urusan rl. his stream saved my life.",love
559,kaya gimana yaa lo tuh baik emang aslinya baik tapi selalu baik ketika keadaan ga baik baik ajah itu susah dan lo di tuntun bgtu kesempurnaan yang harus dilakuin saat lo jd idol bs bikin lo stress depresi yaa kaya gtu lah tpi giliran emosi lu udh bs sedikit demi sedikit di,anger
5237,bappenas mengakui pada saat melakukan kunjungan kerja ke proyek kereta cepat jakarta-bandung ditemukan tukang las yang merupakan tka china.,neutral
7805,"jadi malu bgt sama temen-temen yang lihatin aku gemes gemes, tapi seru bgt wkwkwkwk",joy
11041,"eits, ga usah panik, ngeri aja gitu",fear
512,marah beneran ya allah,anger
1081,makin hari makin tai palat haha. awal2 saja tu lai jgn tah mun nda beduit nda ko bguna tu bangsatt haha,anger
1664,"pak tolong lah ringan kn beban sya jdi orang tua yg takut anak nya di vaksin, anak sya 9 tahun pak umur nya. dada nya sering sakit pak.. setelah vaksin satu! terkadang saya mau nekad aja utk bunuh diri karena terlalu tertekan mengenai vaksin ni pak. tolong sya pak!!",fear
9204,"udah ga sabar menunggu nih janji, udah kapan aja bisa beres",anger
1931,gue klo di mall suka ga enak sama yg baru nge pel. dan ga ada jalan lain. akhirnya jalan jungkit2 sama bilang maaf ya mas ?mbak,fear
12180,"send, happy valentine's day! nih aku kasih card buat kamu, jangan lupa di-DM aku kalau kamu suka deh, aku suka sama kamu juga",love
1150,"ntu ada kecoak, jijel takut",fear
2838,ohh yaa? enak dongg,joy
5949,"antigen di stasiun, 35k, was wes wos 5 menit (kalo sepi)",neutral
8308,"entah kenapa hari ini pasar sepi, rasanya sedih",sad
8932,"gak tahu kenapa tapi aku merasa sedih aja gitu, aku terima kerja dari orang lain tapi yang aku inginkan dia doang",sad
12331,"aku rindu sama ibu, aku selalu doainnya agar selalu baik-baik aja",love
5177,dulu saat gus dur dijatuhkan bukan tdk sedikit yg mencintai dia. tapi dia pergi dari istana dgn kondisi serendah mgk agar yg mencintai dia tdk marah pada yg menjatuhkannya.,neutral
11867,"aku suka banget sama cilor, padahal gue gak pernah kenal sama dia",love
830,"ruhut kader terbaik dlm hal menjilat..bego di pelihara, ga punya urat malu",anger
8311,"sampe pagi ini aku masih nempel suara denise cover day6 ini di kepala, aku kagum sama dia dan sedih karena dia salah satu orang yang membuat aku tertarik ke kpop karena suaranya yang bagus.",sad
4752,nahkan..baru ini sepanjang sejarah satpol pp geser pesawat. sop nggak punya masih nurut saja perintah.,neutral
12294,"kagum deh sama muka aku sekarang, padahal aku lagi haid",love
12245,"hehehe aku suka banget pamerin pacar aku dan aku juga provide untuk ga abis pikir, so no worries yaa aku avai mulai tanggal 15 nihh dan kalau mau bisa langsung hubungi aku yaa! see you calon pacar",love
635,"dah dekat 2 tahun jadi kerajaan, baru nak cakap tak setuju. kata tak setuju dari awal. so patutnya tak payah la terlibat terus. bodoh.",anger
4465,"udah biasa banget ending dari sebuah kesabaran itu air mata. maksudnya, orang yang kebanyakan sabar, ujung2nya pasti nangis.",neutral
6799,tiba2 sedih terus nangis,sad
7987,rasanya sedih bgt ngemis sm org yg gak mau ngerti,sad
7079,this user sdg tidak.baik.baik saja sdg stress,sad
6966,ngk semangat idup,sad
4142,"kalau kata lulusan ilpidipi yg nyangkut di luar negeri bilangnya gak perlulah balik ke indonesia untuk mengabdi, bisa dari mana saja.",neutral
7027,"rindu sekali dengan ipe, rindu tempat saya menangis, orang yang saya jadikan alasan untuk suka dg buah naga. (foto ini diambil ketika kt memperjuangkan ugm, dan melepas penat belajar ke pasar kangen yogyakarta)",sad
9183,"jangan gitu ya bro, jangan poligami dulu kalo mau, tunggu istri pertama meninggal dulu dan nikahin nene-nene yang udah tua dan miskin buat diurus. Gak enak dong, kalo gitu.",anger
876,"ah itumah katanya palsu maskernya, mengecewakan",anger
4869,"kalo udh malem harusnya tidur saja fin, gue nulis apa sih gk jelas wkwkwk",neutral
5315,"/ina ga perlu terbeban harus menang ya, orang blnya juga panik semua di sini, jadi tenang ja",neutral
5222,sp tau bangun kaget,neutral
4,dih lu yg nyebelin bego,anger
3051,"ya itu binghe emangnya syp lagi kk aku gatau siapa"" ya buat km, sp lg coba mutualku kalo mau kasih temen juga gk mungkin, mrk lbh suka dikasi boba daripada gambaran ku wkwk",joy
5691,haii guys maaf ya dadakan aku minta maaf banget sama kalian kalo aku punya salah selama ini maaf banget kalo aku suka bandel ga nurut nakal dan lain sebagainya sebenarnya aku nulis ini cuma gabut ya guys,neutral
3124,"hahaha sama, lagi baca ulang volvoreta gak tau kenapa kakak tuh suka banget ngulang baca volvoreta, habis aku revisi haha tidak ada lagi part ekehm nya, jadi amann",joy
10852,"ngeri deh kalau ga bisa beli banyak banget, aku khawatir ga cukup",fear
2491,selalu menjadi piala dalam keluarga walau kadang harus jatuh kebawah untuk sementara tetap semangat mafa..,joy
3854,terus kaya kalau seokjini lagi ganteng banget yg edann ganteng pisan tuh suka kagetz,love
4777,tolong terimalah cintaku ku tak bisa hidup tanpamu lebih baik ku mati saja bila harus hidup tanpamu,neutral
9907,"gak beli motor gak beli rumah, kenapa harus dipermainkan salesnya, ini kaya gak senang ngehe",anger
7509,semangat mencari nafkah buat bayi l nya ya kak. aku doain dari sini semoga selalu diberikan kesehatan yang luar biasa,joy
6457,sedih bestie habis mandi ga disuruh pakai baju sama,sad
6293,"aihh banyak yg bilang gitu, tapi banyak yg kecewa juga setelah nyubit pipi akuu, pipi aku ga ada isinyaa",sad
1148,"anak cewe sendirii, takut kenapa napaa kali. sy pun tak tahu",fear
11453,"suka banget sama lagu ini, lagunya sedih tapi tetap bikin happy, dan bahkan liriknya jadi kenangan sama anime kesukaan",love
574,"aku bukan bermaksud nak biadab tapi ko faham tak bila dalam ramai2 adik beradik dlm rumah ni, parent ko asyik sebut nama ko je, cari barang tk jumpa pun marah ko sorang je faham tk? rasa mcm aku sorang jeke anak knp smua org x blh tngok i bhgia",anger
3769,"alina , kalo ada cowo yg suka sama km tp km ga suka dia. tlg ditolak halus aja jgn diphp in aplg dibuat nyaman trs ditinggalin",love
11928,"aku suka banget sama mimo dan bayu, mereka berani adu bacot tapi softie, keren abis",love
4146,yaa gimana baik nya saja lah,neutral
853,"anjing kaget, typing lo minta di tabok apa gimana?",anger
10174,"jengjeng jengjeng, ngeri banget ini",fear
10966,"eh iya, tapi sebenarnya aku gak ngeri. cuma malah jadi serem, kenapa ya hujan selalu datang.",fear
5919,disini sepi banget,neutral
9358,"siapa lu, adek gue kok cuma anak kecil aja, gue juga bisa ngajak2 aja, gue juga nggak bohong, gue juga bisa berbuat apa-apa aja",anger
6614,enaknya nino kita apa in ya mak bisa bisa nya bikin anak mamak sedih.. nanti klo sedih ga bisa live igeh lagi..,sad
6002,"sepi banget,",neutral
9163,"jadi gimana ya ya Allah, mau marah tapi nggak bisa ya",anger
10893,"oke bener, aku gak mau kaget lagi kalau terus disok-sokin",fear
4495,tedia hari ni 3 saja katapat 14 3/6,neutral
8173,"kau terlihat meyakinkan namun menyakitkan, suatu saat kau akan ingat aku, entah sebagai orang bodoh yang berhasil kau tipu, atau sebagai orang baik yang kau sia sia kan.",sad
6655,"pantes yh waktu hari kamis wajah ell tuh kek lemas trs matanya berkaca kaca w kira lagi sedih, tp w kalau sakit suka gitu juga sih, nangis pengen sembuh hiks",sad
12039,"aku suka banget sama serum ini karena teksturnya yang ringan & mudah diserap, ga lengket, packagingnya bagus, & pemakaiannya gampang banget, tinggal ambil pipetnya lalu teteskan dan oleskan ke kulit wajah secara merata.",love
2368,"pagi bang, sarapan bubur ayam enak nih bang",joy
4780,rommy dibui selama satu tahun dan denda rp100 jutaa,neutral
7992,"eh udah mandi, nanti les, gak bisa malam minggu juga",sad
2950,"apapun asal gak makan harapan palsu dan ketidakpastian, makji btw, disini ujan deres. makan seger2 asyik kyknya",joy
5625,bahagia bukan berarti segalanya sempurna. bahagia adalah ketika kamu memutuskan tuk melihat segala sesuatu secara sempurna.,neutral
6971,recovery 60% tapi tetep ga enak,sad
8716,"udah tau bikin sedih, tapi tetep dibaca terus",sad
10647,"gak bisa ngekomen sih takut salah kata, apa yang harus kulakukan?",fear
1841,belum ge mulai .. kepala udah nyut-nyutan gini ngeri meledak aja sih,fear
5986,saturday gini tl gua sepi,neutral
537,temen-temen gue aji mumpung semua bangsat,anger
2806,semangat yang mau interview,joy
5801,"ppp! aku baru banget opress app prem nih masih sepi, jadi prosesnya bisa cepet, start mulai 500p. lagi ngadain event juga yg mau intip pl rep yuk",neutral
5596,"ada 5 cara belajarmelihat, mendengar, mengamalkan, tdk cepat merasa puas & terus mengulanginya lagi.",neutral
7206,yeay pagi2 dapet kabar gembira dari ayang,joy
7343,yeay akhirnya jimim sembuh tuh bahagianya,joy
7560,"aku nggak heran kalau mama cantik banget, kalo liat foto-foto mama waktu muda, aku suka nangis. mama cantik, temennya juga cantik-cantik. jadi seneng banget kalau denger cerita mama pas masih muda",joy
8096,"jadi inget sama cowok di pekanbaru, aku masih ingat banget sama semua hal sama dia. meski kita ga pernah jadian, aku bilang dia sayang. sekarang sih aku punya yg lebih baik. tapi kalo aku punya anak perempuan nanti, aku bs bilang ke dia: jangan suka terus, kalau ga di officialin, hati kamu bisa di ambil.",sad
11367,"awalnya gua nyoba balas story junior di akun senpai gua, dan ternyata dia senang banget sama balasan gua, dan sekarang gua jadi suka sama dia juga ya",love
784,"saya boong drmana? saya kan udh ngaku saya pemuja fall guys dr kemaren? saya bukan panteis. kamu lupa? dasar tua bangka najis. udah mabok agama, banci, gabisa ngacenk, pikun pula. jelasin deh letak boong saya dimana, palingan ntar ngatain saya cewe bego lagi, so disgusting",anger
1409,aww malu banget suer,fear
10729,"jadi nggak nyaman ngeliatnya, ngeri sih",fear
154,"gatau,gue benci banget",anger
7806,"karena sudah berkeluarga dengan kamu, aku tidak akan pernah berhenti bersemangat ya brud",joy
3009,ternyata abang masih inget dirikyuu jadi pengen malu akyuu,joy
1686,aku yg takut,fear
11093,"gakut banget duren kalo langsung dimakan, tapi kalo diolah jadi es duren kalo di cium bau durennya langsung terasa",fear
4014,"aslii suka banget dulu pas masih sd-smp naik becaknya kakek trus penumpangnya aku ama nenek mau kepasar, atau ga kita muter alun2, astaga kangen",love
7455,"jangan hias wajah dengan sedihmu, karena tak pernah tahu seseorang bahagia melihat senyummu",joy
3863,"hai sender! selamat pagii. ini ada tristan yang bisa dirent seminggu. a soft-dominant type, kalem, tapi seruu dan lucuu, sangat sangat penyayangg dan perhatian. dia suka kasih pukis dan manjain bayiin pacarnyaa, cocok sama sender yg suka dimanja-manja",love
2733,",, aaww kamu jugaa yaakk semangat dan sehat teruss lop u tuu",joy
1895,pengen pisang kopi klotok tapi takut copid,fear
5442,sesiapa yang membuat ibu dan bapaknya gembira (memberi keridhoan) maka sesungguhnya ia mendapat ridho allah s.w.t. (hadis riwayat bukhari) perjuangan penerapan syariah ..,neutral
569,"gue ngetwit lumayan emosi, ampe bikin thread berantakan gini",anger
6709,sedih bgt.,sad
5854,"semua hanya soal waktu. hitam atau putih, baik atau buruk, kalah atau menang, sedih maupun bahagia semua akan berlalu begitu saja.",neutral
1816,ngeri bgt sih,fear
10257,"aku khawatir banget jadi ghaib yah, kalo ga ada aku kaya gini",fear
8319,"huuuhhhhhh aku sedih banget, ternyata aku gak bisa kerja sebaik kamu, jaga kesehatan ya",sad
3394,betul banget. yang suka perzombian harus banget nonton kingdom sih,love
3327,gw suka banget akumo no ko,love
12576,"menurut madzhab syafi'i, dalam menjaga kehati-hatian, kalau terkena anjing harus dibasuh 7 kali, satu diantaranya dengan debu. alasannya jelas, karena anjing biasa menjilatakan tubuhnya, jadi dikhawatirkan terkena liurnya. nah kalo babi, ga ada ayat atau hadits tntg itu.",neutral
6102,"iyhh, jadi sepi bngett huhuu",sad
2975,"dont. kalo panik, ntar stres, makin kebawa ke badan. percayain aja ke dokter ama susternya. yg penting lo disiplin ngobat, makan, minum, istirahat /pukpuk stay strong brooo",joy
980,"nah. selingkuh tuh penyakit. ga ada kata khilap. lo selingkuh kan dalam keadaan sadar. udh salah masih aja bela diri. please, jgn suka jajan diluar atau sex sembarangan, lo sakit yg kena orang rumah lo anjg mbak2nya kuat2 banget ya allah semoga selalu sehat mbak",anger
10492,nyesel banget ga percaya diri,fear
190,"rasa macam terlalu bodoh untuk law ni, nk ambil course lain lagi la bodo keje grab je la",anger
9331,gemes banget rasanya tapi ga tau siapa yang harus marahin,anger
5088,"buat para pembenci, paling pak presiden cuma tersenyum dan tetap berprasangka baik kpd pembencinya. ngk terlintas rasa dendam sedikitpun, ikhlas dan beliau super sabar, ingat nabi muhammad saw saat dibenci oleh yahudi hindun? begitulah islam yg rahmatan lil alamin",neutral
699,"gua bangun-bangun jam 6:45, panik bat anjir. udah siap-siap mau ngga mandi kesekolah, eh ternyata hari ini libur gegara guru ada yang meninggal. bangsat emang. udah panik bat anjir",anger
12295,"anna pasti suka, aku mau beli sate buatnya",love
606,noo waayy abang aku no no pacaran dulu nanti mama marah,anger
301,"serius gue kangen banget wkwkw sampe nangis kadang kepikiran. tapi sekarang gue lg benci banget sama tuh agensi. sadar ga si kalo lu diem aja nih idol lu yang kena imbasnya. percuma diem  buat redain masalah, pastinya di sepanjang karir jake nih masalah bakal di ungkit",anger
3420,"saya, nder. dari dulu suka banget dengerin coldiac.",love
12351,meskipun aku sering terlambat tapi aku selalu berusaha keras buat kamu,love
1060,"dulu untuk jadi ustadz di pesantren, ya harus sudah mumpuni dalam bidangnya. bukan siapa saja boleh gak kayak sekarang banyak sesat!!",anger
10757,"kagak nyangka jeongwoo bisa marah gitu, aku ngerasa ketakutan",fear
3444,"lucu banget kuenya bentuk chikin hidup amen makasih banyak lis, kamu juga ya sukses terus karirnya. waduh dikasih salonpas tau aja aku suka encok kalau dance huft. makasih banyak lisa",love
1069,kan arteria dahlan cuman wakil rakyat toh.. lah terus rakyat yg punya hak di abaikan begitu saja .. kalau begitu tidak usah menjadi wakil rakyat biar rakyat sendiri yg bertindak dan menindak lanjuti setiap kejahatan dan setiap ada kasus2 ampe kesel bacanya,anger
10716,"wow, akhirnya aku alergi obat ini ya, ga nyaman banget deh, bingung harus gimana",fear
2205,semangat good luck,joy
9435,"pengen banget jalan-jalan ke mana-mana, hahahahaha nangis teriak di mana-mana, kalo kelar bawa pulang ya",anger
7339,"happy weekend mba noni, enjoy ya",joy
8208,"pagi pagi nih berita sedih banget, ga enak",sad
7679,semangat aja ya! kita bisa,joy
11312,"aku suka banget lagu little things, gitar gitu aja tapi suka banget",love
4642,"09.15 simpang air putih : antrian kendaran normal dikeempat kaki simpang, situasi arus lalulintas lancar",neutral
7683,"wedang jahe w enak banget, rasanya bikin happy deh",joy
9007,"kau mungkin benci dgn dia, tapi aku cinta dgn dia",anger
7996,"kalo tae post foto yg diledekin seokjin, aku get it kenapa kamu sedih banget :(",sad
11259,"gua sih paling doyoung, kalo liat foto doyoung, gak bisa dihentikan lho, meskipun foto doyoung udah lama",love
5600,ah kalok dilihat si gak enak,neutral
9151,"ga mau tag aku nih, kalo emosi aku jd tagin kau",anger
7022,"aku belum jadi sekolah ilmu komunikasi politik aja udah banyak bgt yg ga suka ih, hinaa banget aku kayanya",sad
4893,hyper itu masalah bawaan diri dia karena manusia itu ada yg nafsunya hyper ada yg biasa aja sedang menggauli istri dgn penuh kasih sayang itu perlakuan kewajiban semua suami jadi gak masuk pertanyaannya hyper sama menggauli dengan kasih sayang itu gak masuk,neutral
225,biarin marah banget aing kali ini,anger
3354,fav banget jelas payphone sisanya semua lagu mereka gua suka,love
5895,[+] enak banget kalo gerimis gini alun2 sepi jadi bisa dikit2 buka masker [-] gerimis,neutral
10677,"udah capek aja beli obat, gak usah ngalahin lagi",fear
8754,"mimpi yang asyik terus dihancurin sama salah satu host, akhirnya kalah di giveaway. terus bangun2 sadar, hati gede banget karna mimpi",sad
3436,"aku langsung gagal fokus pas liat swatch nya di bibir kamu so, i want to try it too. warnanya aku suka banget. ikutt yukk",love
1693,jaga2 takut die terjun lg tu huhu,fear
6893,"aku terlalu sayang kamu, juga terlalu bodoh untuk memahami; semua hanya permainanmu.",sad
1045,"brisik banget, ga suka.",anger
3446,"iya enak banget, pas lagi mijitin sambil crita2 dan walaupun ibuk gua agak nyebelin *kadang, asik banget klo diajak deeptalk berasa seumuran..biasanya ibuk suka gini ""ehh iya tau.. ""..""trus.. trus gimana tuh.. ""..""masak sih.. tadinya bla.. bla.. ""..""saran ibuk si.. """,love
8050,"pagi2 udh dibikin sedih aja sama denise, diem aja sih",sad
9146,"gemes banget, siapa yang mau kalah? ini orang berandalan",anger
12575,apa aku coba lagi ngetest napas seperti biasa? hehehe,neutral
10927,"oooohhhh udah dibilangin aku ga registrasi, aku khawatir kualat, aku gak mau gitu, aku udah stop di situ aja",fear
11296,"aku sayang banget kamu, meski suka marah tapi aku tetep sayang kamu",love
4735,"fh aku open nih no fee no target, kalau mau nanti dm saja",neutral
4496,kalo segini katanya gak worth it lg apa kabar hp gue wkwk gpp,neutral
1218,gua ngeri ke lock,fear
6015,"jika kamu cinta dia, biarkan dia menjadi dirinya sendiri, maka kamu tidak akan kecewa ketika mereka tidak seperti yang kamu inginkan.",neutral
9719,"ga percaya lu tolol gini, ga mau bacanya",anger
3987,"tinggalin bbg komentar penyemangat/penenang buat member entah di komenan fancam, pm, ig mereka masing2, twt, dll. kita gabisa bikin haters suka sm member, tp kita bisa naikin rasa sayang kita ke member! let's be busy loving each other like this ive-dive!!",love
4911,emang biasa aja sih makan steak tapi kan itu sesuatu yang mahal buat kami yang berpenghasilan umr,neutral
9492,"aku hampir jatuh cinta sama seto, eh ternyata dia gak jadi cowok yang aku harapkan",anger
4493,"hey ka rbfmsulbar :) mau request lagunya queen_jacks yang 5 menit saja dong :d puterin ya ;) makasih ^,~",neutral
6944,cewek itu ga mau ngecewain cowoknya karena dia tau kalo dikecewain orang yang disayang itu rasanya ga enak dan sakit banget.,sad
5699,"betuul, aku suka di tl tapi pengen di dm juga cuman monoton banget kalau di dm makanya aku suka ghosting",neutral
8352,"aku sedih, padahal aku nggak salah apa-apa",sad
12259,"aku suka banget sama lagunya, langit biru selalu cantik di sana ..",love
956,gue gak sanggup banget sama gacie. tumbalin aja ke zombie secara suka rela nanti.,anger
11983,"jadi nih, ada pepatah lama yang bilang, tak ada persahabatan antara laki-laki dan perempuan, dimana salah satunya tidak suka atau jatuh cinta pada teman/sahabatnya. Meskipun cinta itu masih cinta, tapi itu bentuk cinta yang berbeda. Apalagi sebelum pacaran, teman biasa saja kan? Jadi, ya...",love
11426,"inget author yang ngedrama dulu, eh gue ikutin banget hahah. karena karya nya sih sebenernya makanya gue suka",love
2869,pagi cerah ini diawali dengan snwu manis-manis,joy
11969,"jadi kecuman abang angkat, makin sayang",love
4433,"ko pusing dari dichat biasa aja, ujung2nya ""kapan ya ketemu jodoh gue"" ya iyaa si lu 30thun tahun inii ya allah semoga gue dijauhkan dari sikap mba-mba ngerengek2 soal jodoh, desperate pengen nikah dan ngebettss minta dinikahin",neutral
4973,"kukira kau rumah itu yg bipolarnya cewe. gak tau juga tingkat berapa. cewe itu depresinya lebih tinggi, makanya lebih susah ngontrol emosi",neutral
2961,alhamdulillah gak malu,joy
2200,salam..semoga di pagi yg cerah ini kita semua selalu di beri kesehatan,joy
98,anjinglah brengsek bangsat,anger
12411,"kai, kamu adalah orang yang berbagi cerita terbaik. Terus bagikan cerita-ceritamu ya. Saya dari Malaysia. Saya berharap bisa naik kereta api Indonesia suatu hari nanti.",love
2557,"wkwk benerr daripada bilang semangat, ajak liburan yuk",joy
11375,"cinta itu suka sama, suka sama suka, suka sama suka sama",love
8445,"ya gitu ya, nggak ada yang tau kalau aku udah nggak buka ig, emang pendek bgt sih",sad
12115,"hore akhirnya punya parfum enak yang baru, kalo nggak karena orang baik ini mungkin ga bakal punya, wangiannya enak banget plis",love
4199,"hargailah orang yg mencintaimu, karena saat ia telah pergi darimu hanya sesal saja yg tersisa",neutral
9637,"aku kagum sama emak yang cantik dan berani jadi buzzer, tapi aku kesel karena kena perhatian berlebihan, aku ga bisa tampil cantik dan berani seperti emak",anger
5539,gua dah nyusun jadwal+dosen enak jdi pas di buka tinggal pilih kelas yg dah gua catet,neutral
1648,"eh sumpah gw panik, udh upload foto ltmpt tp lupa udh gw save blm tp udh di unggah sm udh di crop",fear
12183,"agatha chelsea cantik bgt, aku suka banget liatnya",love
9888,"ya udah lah, jangan ditanya lagi kenapa aku begini, sebenarnya aku sendiri ga ngerti",anger
11383,"jatuh cinta sama dia, aku suka banget sama dia",love
6197,sedih bangett dia dapetnya kacang garuda,sad
6295,"tak masuk skuad barcelona untuk liga europa, dani alves kecewa berat “ bolanet “ arenanews",sad
4499,duit gue ilang 50k di kotak yang biasa gue simpen duit,neutral
1154,tadi pagi kelock yank.. dahlah meskipun udah unlock tetep takut banget jadinya move sekarang aja,fear
2255,semoga quarter life crisis segera berlalu yaa~ semangat besteh~~,joy
9874,"dulu ada temen sekolah yg suka ngerasa punya kekuasaan, sok kaya banget, berantem dan ngerasa punya kekuasaan, eh ternyata dia miskin, temen kuliahnya orang kaya, minta keringanan biaya sampe 3 semester",anger
3170,alhamdulillah luar biasa allahuakbar,joy
7400,"sabtu sek, mari kita berprestasi, uang kenakalan cair ya",joy
10248,"aneh-anehnya bulan ini, ngeri deh gitu",fear
7158,"jadi enak banget deh, asal kita bisa dapet bonus'nya banyak2",joy
12282,"aku suka banget sama kamu, ya wkwk",love
3108,"baru banget beres baca, dibawahnya ada bonchap dong gg bisa ngeclaim lagi l bagus banget au nyaa, aku suka dan jarang banget nemu au seokjin thanks",joy
4548,yanng begini biasa laki mokondo,neutral
11915,"aku suka banget, kebayang aja nonton 3 spiderman sekaligus, keren banget",love
5423,aku bahagia karena satu hal karena aku bermimpi. aku suka sekali bermimpi dan selalu berusaha untuk mewujudkan nya. -hara (kara),neutral
2049,"akhirnya syuting lagii, semangat ayank",joy
11835,"aku sayang dia banget, ga sabar pengen kencan",love
9208,"nih, kalo drama acah kaya gini, udah banyak aja yg negatif. malah makin bikin penonton kecewa. malah, mereka nggak pernah jadi nama lain. acah, ini yang namanya bodoh.",anger
8815,"sedih bgt, nangis aja gitu",sad
12343,"aku cinta kalo bisa duduk sama minum kopi dingin di tempat ngantuk. gemes deh ngantuk tapi kena banget kopi dingin. aku suka kopi kenangan, gemes deh kalau ngantuk tapi kena banget kopi dingin.",love
262,"kenapa sih gw malah download valorant lagi, tolol",anger
11561,"kalo kalian penasaran gimana bau rokok, bisa coba deh. Bukan enak, tapi juga ga enak. Tapi kalau kalian suka banget sama bau rokok, bisa jadi jadi kaya aku. Kalian bisa coba-coba dulu, kepo, dan lanjut ketagihan.",love
4061,"apakah ini pertanda cintaa? getarannya sangat terasa kawan:) hanya melihat senyumnya saja, sudah bisa menaikkan zat glukosa yang ada di tubuhku",love
5534,enak aja pingsan. aku kan anak sehat tubuh kuat,neutral
6616,lagu sedih di campur perasaan beuhh makinn,sad
8120,"sayangnya, aku selalu kecewa dengan diriku sendiri. aku sad dan frustrasi. aku merasa tidak berdaya. tapi aku harus berubah. aku harus berusaha keras.",sad
8155,"klo bisa dong mutualan, akun baru aku lagi sepi banget, jadi sedih bgt",sad
1802,takut nak amik spm tapi nak habes cepat,fear
4736,"46. hi, pasti lagi nyari jasa un-sus un-lock ya? bisa ke yap | unlock all case 5k / acc | unlock umur 7k / acc | unsus biasa 10k / acc payment dilakukan di akhir a¼ close uns permanen semi perm",neutral
12586,"Selamat pagi, kami telah cek modem dan area normal. Mohon bypass dengan kabel LAN dari modem ke device, akses situs detik(dot)com dan youtube(dot)com. Bila sudah, mohon konfirmasi kembali ya. Terima kasih.",neutral
2385,full cream cashew enak bgt!! marie oke lah. pengen nyoba matcha,joy
6694,"kok gw sedih ya? gw nyesel, knp gw ngga kenal bw nya pas dulu² aja sih, pas pertama mereka buat series, yg katanya tuh masih adem ayem aja rasanya, knp gw harus ngrasain di moment sekarang sih, yg isinya tuh cuma war³ terosssss, jujur aja gw emng masih awam banget kenal bw-",sad
5759,"makanya cewek2 pada seneng sama dia, kalau suga ada yg isengin pasti cewek2 di kelasnya langsung pada maju semua. dia juga sama anak cowoknya klop banget, kalau jamkos suka main futsal di lapangan. pokonya dia kesayangan semuanya deh, soalnya anaknya sama siapa aja cocok",neutral
1959,"sering, dan sampe hari ini pun masih suka kaya gitu. gak tau suka takut aja gitu, apalagi klo malem beuh kadang deg degan banget. mana blm bahagiain ortu makin makin dah ketakutan",fear
2976,alhamdulillah enggak jd malu tuk kesekian kalinya,joy
8680,"nyesel banget nih, sedih, kenapa ya",sad
1843,takut blunder lagi ya.jane nik bek kanan e ra dolop bisa lebih baik lagi,fear
1734,aku takut nanti malem,fear
2911,"alhamdulilah ya allah jimin sembuh,semoga ini yang terakhir juga,asli aku benci dapet notif ""hello this is bighit music""",joy
11411,"suka banget sama sunny, emang dia penyanyi yang kece abis, bahkan di snsd sendiri dia partnya sedikit, tapi di sini suaranya bagus banget, sukaa",love
8338,"aku lagi dengerin ost snowdrop, judulnya friend sama wishes, sedih banget, 7 harian sooho ga si",sad
1986,"ngga tau kenapa dr kecil aku takut banget sm laut. lebih suka bukit , gunung sebenernya suka banget tp kan dingin, aku gak kuat dingin. takut pingsan kl kedinginan.",fear
9561,"sender tolol, jadi emosi pagi-pagi aja",anger
6546,sedih bgt denise leave,sad
7098,"anak-anaknya seneng banget lihat draw yang aku kasih, langsung kaget aja",joy
2811,bahagia bgt,joy
659,"kalo pasangannya tau, bakal marah nggak ya?",anger
9986,"ngeri gini dengerin kasus kehilangan hp, jangan sampai kita kehilangan hpnya",fear
2511,enak atuh,joy
11589,aku suka banget sama a qiao! dia imut lucu menggemaskan dan kuat. Terima kasih ga-nya!,love
4282,"sangat mengejutkan ya bun, merangkap jd apa saja",neutral
9339,"gemes deh, dua twt sekaligus, udah mumpung gak ada orang di rumah, mampir aja",anger
11464,"jatuh cinta sama aura mark di sini, merindingnya ga pernah berhenti",love
8800,ga nyangka kalo bisa kalah terus,sad
6287,sedih bacanya.. tapi gak apa.. terima kasih ya denise,sad
11774,"aku suka banget kalian, padahal ngobrol tinggal ngobrol kenapa harus bisik2 segala kan q suka jadinya",love
1930,"ada yang bisa hack ig ga? tolongin banget , hati gua udah ga enak dari seminggu yang lalu",fear
7125,"semangat hari ini, semoga kita semua mendapatkan berkah dari Allah SWT",joy
197,"si bodoh, minta monthly salary gak ngitung dulu kalo diannual ternyata sama aja sana sama sini pas di approved bingung kelabakan",anger
7777,"kalo ngabisin kemarin ga usah bingung, pagi ini bisa langsung dimakan",joy
2931,bubar bubar ini anaknya pada senewen lihat draw yang gue kasih langsung kaget kwwkw,joy
8004,"sedih gini aja, ga ada yang ngomong sama aku",sad
2327,alhamdulillah.. yang jatuh jatuh tempo bulan ini udah di bayar.. tinggal yang receh-receh nya.. semangat!! pagii..,joy
4389,biasa nya kalian mgespace ya ?,neutral
8958,"ya udah, saling cintai saling suka, saling sayang saling cinta, saling berdua saling berpisah, saling cinta saling kecewa",sad
4218,baru saja mengirim foto depok,neutral
11447,"akhirnya rinduku juga berakhir, yeyy aku bisa jadi bocah aktif lagi, gue suka banget sama temen-temen gue.",love
202,"anjr kesal bgt sm yg suka curi"", semangat ashh smoga lancar jd bisa di td punya si pencuri mana judulny dari yg keren jdi cuman bridge, tree, fragment",anger
3510,"the crown!! aku suka banget walaupun beberapa episode aku skip karena ""ya allah gak kelar kelar u kek penthouse"" but i finally *sigh* finished it. aku lg nonton anne with an e!!",love
4931,apa kabar??,neutral
5535,",, terima kementerian bumn pak mentri bumn erick thohir yo dukung gerakan energi tani (et) untuk produk tani mandiri semangat terus pak,",neutral
9925,"jangan percaya orang yang berpihak pada rezim bong, cerdas sedikit saja jangan banyak-banyak, sebagian besar tetaplah bodoh",anger
5791,"sabarlah wahai diriku, sesungguhnya allah bersama orang-orang yang sabar itulah yang selalu aku katakan dalam hati untuk menenangkan diri.. ketika hatiku terluka.",neutral
10969,"emang baju tidur aja dibikin jadi topik, jadi bingung nih. gak usah sih baju tidur yang paling bener beli daster midi aja ya",fear
1707,walau tegang [real],fear
5172,"atas nama ham ,guru dilarang marah pd muridnya , polisi dilarang membunuh penjahat, suami dilarang tegas pd istrinya , ortu dilarang ngekang anaknya, kebanykan yg dinilai dilihat cuma tindakan nya bukan penyebab nya, bisa jadi korban itu yg salah yg memancing kekerasan itu,",neutral
5249,ya kali baru kaget sekarang,neutral
11666,"aku pengen bilang suka sama kamu, tapi gengsi banget ya",love
6528,"sejak membaca kalimatku ter-share, sungguh perasaan takut yang menghantui di saat keluar malam hari lewati jalanan sepi sunyi dapat memudar. saya membawa ponselku, memotret, nge-tweet lagi di area terang lampu, sesudahnya dapat pulang, berharap selalu aman tak apess.",sad
12408,"aku suka banget sama kk flo, yuk kita beli sama dia, gue suka sama dia, dia bagus",love
5855,sepi banget dah,neutral
8164,"aku harap kalian semua baik-baik saja, walaupun seperti ini saja seperti yang kalian katakan. oh iya jaga-jaga dan jaga kesehatan karena kasus di sana sudah mulai meningkat. itu sangat memprihatinkan. aku baik-baik saja kok, sedikit stres dan sedih tapi tidak apa-apa aku kuat hihi :3",sad
854,malu anjing line gw ugh jijik dan kesal,anger
4737,semalam saja pi sunway pyramid saja sggh kedai sony tanya ps5. takdak stok katanya. pastu lalu kedai game sebelah sony tu..,neutral
12289,"kadang aku suka iri sama mukanya dia, kecil banget, dan matanya juga belo, pengen punya muka kayak gtuuuu",love
10352,"wkwk aku ga bisa nulti flicker ruby, bingung harus pencet mana dulu, akhirnya malah flicker ke depan, bingung gimana cara yang benar, malu banget iya",fear
698,dia pasti ngerasa bersalah banget sama sone dasar agensi bangsat,anger
11344,"film ini jadi favorit gw, seohyun emang bagus banget jadi bintangnya, dialognya bikin kita jadi berpikir. Film ini mengajari kita tentang BDSM, hubungan dengan persetujuan, dan pengabaian. Saya berharap semua orang bisa menonton film ini, karena itu akan menjadi pengalaman yang sangat menyenangkan.",love
11191,"keren banget sih nonton One Spring Night, aku jadi suka sama Junghaein, dia emang romantis banget sama pasangannya",love
3696,"diingetin google photos, udah lama banget engga ke lulu bsd ya ternyata. pdahal seru banget makanan2nya si yg dulu gasuka olive+humus, jd suka banget",love
1636,"warga sudah jadi korban, mas. dengan teror dan intimidasi terus menerus, secara psikologi pasti sudah ada warga yang mengalami trauma. belum lagi waktu yang harusnya bisa mereka gunakan untuk kegiatan produktif, harus dihabiskan untuk menjaga tanah lingkungan mereka..",fear
7280,"santai aja, ga usah emosi, sabar ya. biarkan mereka menilai seperti apa. kita cukup memilih mana yang lebih cocok ya wkwk",joy
7554,"akhirnya bisa ngedate sama bestie, happy happy gaes",joy
11649,"hai sender, aku suka kamu wkwk hari ini aku bisa request ava dan aku juga bisa memberikan NSFW, mau imagine atau dirty talk frontal atau non frontal? Tinggal pilih aja, aku juga tipikal pacaran yang suka bawel",love
3581,"haha kamuu gemes banget puol, kamu suka dijadiin temen aja kah?",love
1291,moots gue pada ghaib yah takut deh,fear
6585,"enggak kok,emang sedih kalo bener ener ngerasain diposisi pram or niskalanya",sad
1853,"pernah dijelasin, emg ngeri sih vi, tapii kepo bgt haha",fear
5232,untung bukan kereta api nya yg kaget..,neutral
3763,suka banget..,love
3304,"happy born day dek jisung sehat selalu dan bahagia ya dek *double happy ultah adek+molo ya meskipun sedih krn gk bsa hype sibuk nguli eitss semangat, besok libur __",joy
1495,kaget ..anu anu jgn tanya saya,fear
11935,"aku benci banget sama keadaan ini, aku suka banget sama kamu",love
11637,"suka banget sama doi, cinta banget doi",love
7994,"liat portofolio ijo kaya ada kesenangan, tapi liat dompet kosong, jadi sedih",sad
1998,karunya teuing ihh semaleman khawatirr gada kabar,fear
663,"iyaa bestie tp saya ky orang bego kalo online, ini krn banyak yg positif soalnya:(",anger
3748,martabak telor/tahu. ini turunan dr bokap si wkwkw gw suka banget tahu,love
4413,"diberi keistimewaan malah memalukan, apa kabar komisaris ahok? cc",neutral
5530,awali harimu dengan mendoakan seluruh keluargamu dan hidupmu agar bisa melalui hari ini dengan bahagia.,neutral
5575,"menghimpun potensi menjayakan indonesia selamat menjalankan rakernas i rpi. salam sehat, tetap semangat! yanuardi syukur presiden perkumpulan rumah produktif indonesia,",neutral
8901,"naksal min. biarin pcnya dibanyakin deh, biar ga kena hal yang sama lagi. kontraknya dengan dreamies aja setahun? kan seharusnya di banyakinin selama setahun ini. biar kita2 kebagian semua. rasanya sedih ga dapet photocardnya",sad
7526,"telur ceplok dengan margarin yang masih mentahnya ditambah nasi, enak banget",joy
9474,"iya sih, udah lama gak jadi tolol, tapi gue suka bingung",anger
5864,"guyss, aku minta tolong banget bantu ramein saldo dipinned yaa? masih sepi bgt entriesnya , ini ga community pertama kalau hasilnya bagus, semoga kedepannya aku bisa bawain kalian saldo"" lain dengan nominal lebih besar, tolong banget join yaa",neutral
10867,jadi takut kalo di slack chatnya semua capslock,fear
6776,gemini emang seburuk itu kah? jadi sedih.,sad
12221,"joss joss, aku udah jatuh cinta sama croffle, jangan di pitnah sama waffles.",love
1306,"gue lagi nangisin cowo fiksi, tiba-tiba abang gue dateng ""dah sholat belum lu?"" gue antara takut di marahin karna belum sholat dan malu karna nangis buat mata gue sembab",fear
7392,"semangat yuk, siap-siap ujian snmptn",joy
10429,"gimana nggak, malu banget nih kalo nder",fear
11494,"sayang banget sama kamu, tapi aku takut kalo ngejar kamu ga dapet pengganti, ngejar kamu itu ga mungkin, aku cinta kamu cuma satu, aku ga bisa hidup tanpa kamu, aku mau jadi kamu, aku mau kamu jadi aku, aku mau kamu jadi bagian dari hidupku, aku mau kamu jadi bagian dari diriku, aku mau kamu jadi bagian dari diriku, aku mau kamu jadi bagian dari diriku, aku mau kamu jadi bagian dari diriku, aku mau kamu jadi bagian dari dir",love
5592,"bunga matahari biar cerah, trims",neutral
10230,"jadi aku gak mau ngepos foto lagi, baper banget kalo gue lihat jeleknya",fear
9721,"sebenarnya aku ga suka orang yang serba suka, malas ngomong, malas jalan-jalan, malas ngapain, tapi karena aku jadi dipaksa, jadi harus serba suka, serba ceria, serba baik, serba asik, serba lucu, serba apapun yang dipaksa, aku ga suka juga, sebenarnya.",anger
1663,"ml! cara ulti flicker ruby tu gimana ya? aku ulti malah flicker ke depan karna bingung pencet mana dulu hasilnya ketarik ngga, malu banget iya",fear
5450,bmkg memprakirakan bahwa hujan ringan berpotensi terjadi di sejumlah kota besar di indonesia.,neutral
12513,"gak ada masalah, dia udah bilang sorry jadi kalo gue posisinya kayak sender gue biasa aja sih",neutral
12538,kadang-kadang tak mengapa untuk tidak baik-baik saja,neutral
3627,bagus kan? aku suka banget banget,love
2693,"aku adalah anak pemalas selalu riang serta mageran, karena aku rajin drakoran tak pernah tidur dan overtingking la la lalaa~~",joy
11252,"dijamin mutu, aku suka banget sama gaya berceritanya. tiap episode sungkem sama nenek-nenek, dada gue langsung sesek ada di netflix, last day to watch 28 feb besok! jadi buruan deh ditonton.",love
9789,kau pikir aku kuli? gosip yang kau omongin itu adalah kau sendiri,anger
10921,"ntar pcr pcr ku marah kak, ngeri",fear
10817,"gak tahan nunggu fest, aku cemas bgt",fear
5915,"masih tingginya kasus omicron di indonesia, membuat para pelaku industri pariwisata di bali mengaku sangat khawatir dengan kondisi saat ini.meskipun pemerintah telah mencabut pembatasan wna yang ingin berkunjung ke indonesia, namun kunjungan wisatawan asing ke bali masih sepi",neutral
3157,kabar baiik yey,joy
11506,"ahh, jatuh cinta padamu, aku suka banget",love
9914,"kenapa kalian malah malu gitu, gak malu sama aku?",anger
6668,kok sedih bgt,sad
1059,weekend nya ga santai banyak hapalan huft,anger
4636,untuk angkasa sendiri ga keberatan kalau mau diajak ngobrol santai atau nanti nanti mau deep talk juga oke banget ditemenin sama angkasa aku titip carrdnya di sini yaa! nanti kalau mau date sama angkasa boleh langsung dm aku,neutral
3242,alhamdulillah pagi-pagi denger kabar baik,joy
1678,lagi mau tanyain kabar tapi takut ganggu :(,fear
6892,"terlihat meyakinkan namun menyakitkan suatu saat kau akan mengingatku, entah sebagai orang bodoh yang berhasil kau tipu,atau sebagai orang baik yang kau sia sia kan.",sad
6374,sedih karena dibilang tolol sama ayank.,sad
7574,"selamat pagi, semangat dan optimis biar bisa sukses deh ya, amin",joy
1757,lah kann pada salty ngapa dah ak baru twt kaget anjir,fear
6019,"mental terbiasa instan hrs dihilangkan. dlm semua hal, sukses butuh proses dan tentunya hrs dibarengi progress. trofi hny bonus slm proses membangun tim yg solid. kecewa dg kekalahan dan kegagalan itu wajar. tp itu adlh jln yg hrs dilalui. badai pasti berlalu.",neutral
12383,"semoga anak-anak di jauhi dari orang-orang yang jahat sama mereka, semoga di cerita kali ini bisa sukses besar dan makin banyak orang yang kenal mereka dan sayang mereka semua. Suka sedih kalo ada yang hate mereka, ayo berikan kasih sayang ke anak-anak yang baik",love
5116,bego sama cinta kadang beda tipis ya,neutral
8755,"aku nggak tau kenapa bisa ikut bahagia ketika kamu sedang bahagia, aku takut salah. Aku sudah terlalu sering menganggap semuanya bersih dari kontak batin, tapi kadang hal tersebut yang membuatku kecewa dan aku nggak mau mengulanginya. Aku bisa dipanggil care, iya bgt..",sad
7408,"selamat ulang tahun yah, semoga kalian selalu sehat dan bahagia",joy
2790,kemarin beli hibiscus berry yakult enak nder segerr,joy
863,ketularan jd tukang boonk semua mereka ..gak punya malu muka tembok china ..,anger
7858,"selamat ulangtahun ya, semoga selalu sehat dan bahagia",joy
1484,"serem krn ttg sikopet gt nder, aku nonton itu lbh eneg sm takut gegara mainnya bunuh2an, tp ttp nonton smpe abis krn penasaran",fear
7035,"bener sering bgt mikir kaya gini, terus kalo liat muka emak pas tidur langsung banjir banget. kaya ""pasti cape ya mah "". suka tiba2 nangis aja liat mamah diem2 gitu. sampe aku bilang "" selagi senyum mamah masih ada, semua masih baik baik aja"" tiap kalo aku mau nyerah",sad
7721,"jhon, aku suka sama kau, seneng banget",joy
5977,walaupun aku sedikit kecewa td malam krn bang twittis ngorok di space tp user gitar aku pengen ucapin selamat pagi bang jgn lupa ngopi . ada ga bang kopi merk suzuki?,neutral
5134,"its ok, lu bisa marah kok, manusia pantes buat marah atas perlakuan gak adil, tapi jgn sampe berpengaruh sama masa depan ya wkwk, cukup masa lalu, di masa lalu dia udh buang waktu mu jadi jgn sampe di masa depan dia buang waktu mu dengan cara yang berbeda.",neutral
206,bangsat dah ini,anger
4488,sebenarnya zus memang tak sedap pun. biasa je bagi aku. kalau kopi banyak branch ni yang paling sedap tetap cbtl.,neutral
6938,ovomaltine enak juga sih duh nyesel bgt,sad
9062,"gemes deh pagi-pagi harus sibuk, bukannya bangun lebih awal malah milih marah-marah, hdeh",anger
6910,"saya pernah resign, dan memutuskan untuk berbisnis, setelah saya resign, saya tetap bangun pagi dan pakai kemeja, trus nongkrong kerja di cafe sampai sore, agar tetap terlihat bekerja semua itu saya lakukan agar ibu dan bapak saya tidak khawatir dengan keadaan saya .. cukup menyedihkan",sad
502,"aku jengkel liat si akun yunnie azza a.k.a princes manula inj mb. cari nafkah aja masih berjuang di negara orang lain, sibuukk ngejahatin circle mb ivone di tl. dr kemarin sy liatin ss tweetnya, ngefitnah terus2an.",anger
7385,"hujan gini baca magangverse, paling seru nih, sama alurnya, bulan februari jadi latar ceritanya, makasih mas bii kiciww",joy
1028,suka heran sama tipe manusia yg ga ada angin ga ada ujan tau2 sinis bgt tiap diajak ngobrol. tp cuma ke lu doang. ke yg lain b aja. kek why? kasih tau aja napa salah w dimana,anger
3840,"sumpah, gua udh nyaman pjj.. ngapain si ptm elah.. mana jam belajarnya lebih lamaa.. jam 12 aja gua udh ga kuat apalagi jam 2.. uprak gpp deh di rmh, tpi emg gua lebih suka uprak di rmh si.. soalnya klo di sekolh kek lebih ribet dua2 nya.. gpp juga bikin video, udh kebal gua",love
10882,"gue bawa pulang lagi kucing gue karna dokternya lagi ga ada di petshopnya. gue takut kucing gue stress jd gue bawa pulang dulu, nanti kalau dokternya udah ada di tempat gue bawa lagi kesana.",fear
8110,"entah kenapa aku merasa sangat sedih, aku tidak tahu apa yang terjadi",sad
5056,"kebanyakan orang menilai ku adalah seorang ""kata bodoh"" demikian malah sebaliknya selamat pagi dunia",neutral
9762,"udah ga sabar ayank, gua udah siap ngelapari ini semua",anger
8154,"gak enak ya gua cuma bisa bales seadanya dan nggak bisa memberikan perhatian yang lebih, gua rasa bersalah",sad
10965,"kalo kau bisa nih, aku coba aja buat kepercayaan diri, aku coba aja buat semangat, aku coba aja buat optimisme",fear
2731,udah puas bgt itu mam seblak,joy
8996,"aku sendiri disini, rasanya berat banget",sad
11837,"hoi kawan, hari ini aku merasa sangat bahagia. Aku bisa membayangkan bagaimana rasanya jika kita berhubungan intim. Aku bisa merasakan kehangatanmu dan kehangatanmu bisa merasakan aku. Aku bisa merasakan bagaimana kehangatanmu bisa menyejukkan hatiku dan bagaimana kehangatanmu bisa membuatku merasa nyaman. Aku bisa merasakan bagaimana kehangatanmu bisa membuatku merasa aman dan bagaimana kehangatanmu bisa membuatku merasa bahagia. A",love
2454,"semakin didengerin suara gue makin ga enak,gitu kok pengen duet sama jungkook, yang ada nanti dia sawan",joy
7215,"bukan cuma orangtua yg memotivasi hidupku, tapi kamu buat hidup aku lebih cerah, aku bahagia banget",joy
3104,"bener banget haha sampe skrg msih suka kebayang2 sendiri, temen2 yg baru nonton aja aku jdi ikutan nonton saking gamonnya",joy
8392,"aku rasanya kagak tau arah kehidupanku, sedih banget",sad
6278,"ini kalo ga ada yang kelas, sepi dong",sad
3099,aku buncit dan pacarku malah suka banget. katanya gemesin. dia suka cubit2 perutku kalo lagi motoran,joy
6184,sedih banget,sad
10470,"aku bingung harus jawab apa sih, apalagi dijawab bapak dan ade",fear
3561,"selalu merasa kalo love me harder itu lagu yg org2 bakal suka. ibaratnya kalo jatuh cinta tuh ya pas pandangan pertama. di detik awal lagu udah dibikin . ga salah kalo hyunggu bilang pas produksi album equal, yon seolah2 nunjukkin kalo dia mau buat sesuatu yang ""amazing""",love
5892,"ini pada pindah ke fb apa? sepi amat, tumben loh ini wkwk",neutral
391,takan ada kesempatan kedua jika tahun ini kalian masih bego semua data hasil kaya saya sia sia buat cerdaskan kalian,anger
6736,"masih inget pas sn di vlive, soodam prnh kelepasan sebut soal denise dita mengiyakan. lalu suasana jadi hening dan seketika ganti topik. aku yakin kakak2nya di sn pasti sedih dg kepergian denise. mungkin di balik layar mereka tetap berhubungan baik meski sudah tdk bersama lagi",sad
5618,"dulu setiap lahan kosong bisa disulap jadi lapangan, sekarang kita memilih sewa untuk senang.",neutral
5258,"gua kaget pc gua ternyata udah 113:"") termasuk yg otw ke ina:"" maybe untuk ukuran kolektor gua termasuk paling sedikit:"" soalnya ini digabung sm pc grup lain:"" (cmn ya paling sekitar 20 pc sih dari grup lain)",neutral
9687,"gue ga mau duit gue diambil duit 2,7jt terus gue kena duit 2,7jt",anger
2695,semangat wkwk,joy
2027,"naik mobil yang disopirin bapakku, ekstrim bgt, mentang2 jalan papua sepi, kecepatannya selalu di atas 100. rasanya kek diajak mati",fear
5463,gawajib nder. apalagi maaih bisa jangkau materi dari guru semangat sekolahnya,neutral
2568,ngakaka semangat~,joy
8006,"skrg udah pusing semalem ini, denger denise keluar akwihfiaia makin nyesel",sad
64,iya juwi emosi nih gw pagi2,anger
12076,"aku suka banget sama kue dan hadiahnya, terima kasih banyak buat kamu",love
2062,"terlalu dini menjadi tulang punggung keluarga,ya sama.semangat kamu lantas berbahagia apapun kondisinya",joy
5276,"isin ora kisen. artinya kalau kamu malu maka perutmu tidak akan terisi. jadi, dalam melakukan suatu pekerjaan yang halal jangan malu malu karena malu akan menghambat rejekimu. sekian, terima kasih.",neutral
7208,"ayo diyan, semangat belajar dan jaga kesehatan ya",joy
8684,"emang gue sedih banget nih, bestie gue mau nikah, tapi ga enak rasanya",sad
8571,"aww out sih gak apa-apa, gua gak ngikutin kalo gua baru aja ngetahuan",sad
6331,kuota aku abis hm sedih,sad
4859,"emang kagak biasa nih pelet, sakti amat dah",neutral
12185,"cix makin suka banget, cix makin bikin aku gemes",love
4887,biasa terjadi di ekon ekon tidak berpolowers,neutral
9268,"ga abis pikir, aku baru tau, jadi ga tahu cara kerjanya, tapi santai aja ya, jangan terlalu gampang goblok orang goblok",anger
878,"yg fungsinya ngawasin roda pemerintahan aja baru kaget belakangan. pdhal rakyat udh pd tereak2 kapan hari. dahlah.., semakin miris dan makin acakadut aja negeri ini.",anger
8529,"bingung kenapa aku dilupakan, rasanya sedih banget",sad
7916,"kalo mimpi tentang dia, aku baper aja deh",sad
6863,mana struknya udah dibuang lagi.. bego banget gueh,sad
7892,"jimin covid negatif, seneng banget rasanya",joy
6439,mana sepi lagi,sad
7869,"aku suka dengan layanan idexpress, kurirnya cepet banget",joy
1016,"tak jamin kasih rumah perumnas ku satu ,jika loe bukan grombolannya mereka ?? sdh kelihatan pki pkinya di nkri nusantara siapa sih ?? ya yg suka teriak teriak pki .?? ditanya pki nya ,eehh ga ada ,diajak laporin ke polisi ya ga ada ,tapi jualan bakar bendera baru. ??",anger
9467,"nggak tega kalo kreditan beli barang, udah bayar juga belum jadi, lama-lama nanti malah gak bisa bayar cicilan lagi. gemes deh",anger
11990,"suka banget sama style artnya, jadi aku jatuh cinta sama dia",love
7629,"jangan pernah putus asa, pacar kita harus kuat. kuat dan semangat dong^^ so be strong and fighting pacar injun",joy
11534,"aku suka banget sama foto ultah minhyun, cantik banget gaes",love
995,"alasan utama nya adalah karna sangat"" melokaal (dari yg dia cover lagu cinta luar biasa, trs kalo ngomong indo tuh udah kek orang indo. bener"" yang kek ni orang beneran orang korea gaasih?! terus juga warna kulit nya yang aku suka. beda aja gtu dia sama temen""nya yg lain)..",anger
10173,"ah, panik, panik, semoga Allah selalu menjagaku ya, semoga selalu diberi keamanan",fear
4297,"begadang boleh saja kalo ada artinya, hyung",neutral
161,ya allah marah betul tengok video ni,anger
5675,"arlian melanjutkan ""soalnya arlian emang suka bikin kue banyak gitu dan kadang di bagiin ke temen. sayangnya lupa nanya alamat kakak waktu itu jadi gak sempat anterin kesana."" atentsinya kembali berfokus pada sang lawan bicara ketika kak laura bercerita mengenai akhir pekannya.",neutral
6873,terlihat meyakinkan namun menyakitkan suatu sat kau akan mengingat ku entah sbg org bodoh yg berhasil engkau tipu atau sbg org baik yg kau sia2kan,sad
9692,"gemes deh kalah main ehh, ajaib sih, m.u yang udah kalah",anger
7989,"kacang kedele emang buat topping bubur aja, ga bisa dijadikan pendapat",sad
3843,"aku lbh suka pake exfo serum sih, tp jujurly somethinc bikin jatuh cinta bgt sih memang",love
10805,"kagum nih kekuatan dendam orang yang sakit hati, mampu bikin kacau sepanjang malam",fear
11653,"aku udah biasa di giniin, tp yaudahlah. makanya aku kemana mana suka sendiri dan malah kena sindir jg, ya aku to the point aja. langsung bilang, lah biasanya gtkan gk pernah ngajak? kalo sekarang udh nggak, udh pada dewasa.",love
1021,"sch! ini caranya gimana yaa biar temen temen ekstrakurikuler ndak pake kelas sender buat jadi ruang pertemuan. udah ditegur sama wali kelas sender masih bebel banget, mana kalo pake tuh suka gak ijin, terus kelasnya dikotorin lagi, sama kipas gak dimatiin lagi. sebel liatnya",anger
3073,"banyak2 baca dan latihan ngerjain soal, tapi gue dulu suka kimia karena ibuknya baik, sabar dan enak banget ngajarnya, guru favorit guee pas sma wkwkk",joy
7555,"coba deh nih ikan tenggiri segar dari ikan kapal selamnya, gaes, enak banget, pasti!",joy
3943,"aku suka begadang, aku suka kopi, aku suka malam. tapi kesukaan terbesarku itu kamu",love
1585,malu buat bilang haha agak takut jug,fear
10147,"ga usah terlalu terbuka aja ya, ingatlah rasa sakit yang kita alami",fear
3152,"alhamdulillah yallah pagia"" dapat kabar baik rest well jimin",joy
8226,"sayangnya kanra masih belum puas, dia tetap sakit",sad
12206,"[fakta melody] aku tau dia suka menanam pohon, jadi aku ambil jurusan pertanian, biar bisa menanam benih cinta ke dia",love
775,tolol aja yg ngeseriusin,anger
10748,"ngakak denger hp bunyi teh, tapi beneran ga mau dihubungi sekarang",fear
9670,"orang tuh sering ngeyel. suka menghukum diri sendiri, terlalu sensitif, dan suka menyalahkan orang lain. jadi emosi",anger
7099,"congrats ya nder, semangat terus",joy
5486,turun bb 8kg (testi wmp) solusi diet enak tanpa repot hanya rutin minum wmp juice aj order bbm wa 089654598758,neutral
6235,"ternyata w belum jodoh juga sama kampus ini, sedih sih tapi gak sesedih pas w gagal kemaren. akhirnya w cepet cepet move on sambil nyari kampus negeri yg masih buka pendaftaran",sad
9555,"mari tahun 2024 semua bangsa ini memilih Partai Keadilan Sejahtera, agar negara Indonesia bisa seperti Suriah, Irak, Yaman, Iran, Afghanistan, karena sebagai bangsa Indonesia sudah bosan kan..?? Jika damai saja. Karena bahagia jika lagi bercinta sebelah kita bom meledak, trus ada yang menjual anak gadis kita bisa beli..? Idiot",anger
7041,pernah nolak orang yg padahal gua suka banget ama dia alhasil gw gamon ampe 11 tahun berlalu,sad
2612,ayoo semangat pagi inii,joy
7513,semangat mencari nafkah buat baby l ya kak. semoga selalu diberikan kesehatan luar biasa buat baby l,joy
11016,"aku bingung nih, apakah aku harus report atau tidak?",fear
10233,"gue bingung pas ada cewek pelanggan yang nyuruh gue nongkrong di cafe. Dia kayaknya si anak dokter, cantik dan bening. Suaranya juga lembut. Aku bingung, apakah dia seperti kakak Yessica?",fear
8433,"dengar kabar ya? ga ikut ujian? aku ngga tahan nih, jadi sedih",sad
10253,"rupanya komunitasnya beneran gila, aku panik banget",fear
10555,"aku gak takut sama dia, cuma aku khawatir jika dia marah, aku gak tega lihat orang lain terluka karena dia",fear
8792,"aku nggak tahu kenapa aku susah nangis, kadang aku nonton film sedih juga tetap aja ga keluar air mata. Apa aku takut sistem air mataku udah ga berfungsi lagi?",sad
10627,"4 bln yang lalu, gw kaget bgt klo om gw dateng. gw takut ngasih kabar kematian",fear
5393,akan menyelesaikan masalah kita dan kita tidak perlu takut lagi kepada dos kelapan. fasa klinikal dos kesembilan akan mengesahkan bahawa antibodi akan stabil selepas dos kesepuluh. dos kesebelas akan menjamin bahawa mutasi baru tidak akan terhasil dan tiada sebab untuk kita,neutral
11080,"ya udah, aku kaget, ada benjolan di atas selangkangan sebelah kanan, terus aku ngobat sendiri, tapi aku ga ngakalin, aku cuma berpikir, kira-kira kenapa ya, aku ga ngakalin, aku cuma ngobatin, tapi kira-kira kenapa ya?",fear
8838,"sayang banget jisoo belum memberi lirik keku, aku sedih bgt gaes",sad
3890,"aku tiap menetap di fandom tuh pasti ada ganti2 kesukaan pas di awal2. urutannya shokudaikiri ; hasebe ; azuki ; buzen dan yg first love itu kek sebenernya masih suka yg biasa aja sih, belom yg bucin bgt kek aku ke buzen :""d",love
3556,rindu ama doi :),love
11394,"suka bgt sama cara ngomong William, pinter tapi ga arogan",love
1528,alesan takut kena congorna soalnya ada guru yg menantunya kena tp masih ngajar,fear
1267,takut &gt; ngantuk ?,fear
7734,"happy happy joy joy, semangat ayangg",joy
1899,umi pagi2 jangan marah-marah ya,fear
4658,ada saja kelakuan bocil,neutral
3005,"aku pernah ni begini, lebih ke malu sih wkwk karna masak bareng temen tapi seruuu",joy
2734,"huee ngakak that ah wkwk, mayan lah suntikan semangat sebelum perform",joy
189,mu tolol,anger
9998,"bingung, panik, gak ada ide, ga ada energi, teriak-teriak, gugup banget",fear
9167,"aku mau ngebosenin orang, tp aku sendiri lagi ga semangat, aduh kenapa aku bodoh banget sih. halo teman, tetap semangat ya, aku cinta padamu.",anger
2747,alhamdulillah jimin udh sembuh. bru bngun tidur udh disambut kabar bahagia tuh seneng bgt. sehat selalu ya ganteng ku,joy
2047,senang bermain salju,joy
7849,iya nih malu tapi seneng banget,joy
2558,"selamat pgi jga pak suryo, salam sehat penuh semangat,,",joy
9274,"cewek2 gitu perlu di ajarin attitude belanja deh, ajaib banget",anger
8666,"gak sadar dia udah keluar dari grup, sedih banget",sad
11096,ngakak gaikah ini yg dilakukan,fear
6396,inituh yg ad member dari indo nya gak sihh sedih bgt,sad
12309,"gw suka banget ariana grendong, lucu dan gemes deh kl di gabungin",love
3385,"sender, ternyata kamu mutualku aku baru sadar. suka banget sama karyamu nder, aku sering save in hehe",love
4555,"syiap deh, kalau kya nanya. langsung ke intinya saja",neutral
1184,"dikepung, dikejar2, ditangkapi, ditakut-takut i.",fear
6420,sedih bgt serebu aja kaga ada,sad
5051,cinta adalah aksi bukan emosi,neutral
5311,sini bestie hi kak! lagi cari app prem? pengen cepet juga? ada nih! lengkap + fast respon + testi on pinned yaa yuk langsung dm! t jual netflix murah spotify wetv kaget nikah all of us are dead,neutral
2433,semangat ka bitt! semoga sempronya lancar,joy
6949,"pagi buta sarapan nasi+chiki boncabe, hmm perut mulai agak ga enak..",sad
10583,"oh no, hari ini banyak banget lagi yaa, aku khawatir",fear
769,bangsat dikira gue hidup cuma apa2 buat suami apa?? gila ya,anger
1685,"ih temen kosku abis ikut ke venue gt kan acara prodinyaa, eh balik ke kos dia meriang nular ke satu kosan. skrg ak jg pilek meriang buhu jd takut",fear
8322,"sayang banget deh, aku harap bisa merubah nasib ini.. tapi bagaimana bisa aku melakukannya? aku tak punya kekuatan apa-apa untuk mengubah takdir ini",sad
11111,"euy ada lagi deng, bikin kaget aja",fear
11363,"aku suka banget sama kamu, kamu lucu banget, ga sabar mau ketemu",love
11636,"alina, kalo ada cowo yang suka sama kamu tapi kamu ga suka dia, tolong ditolak halus aja jangan dibuat nyaman terus ditinggalin",love
5578,"ini penilaian objektif ya nder, menurutku dari pemikiran yg km ungkapkan di menfess ini bahkan menunjukkan km belum cukup matang dan dewasa nder, yg diliat jgn imajinasi masa depanmu yg bahagia, pikirinnya kira2 nanti resiko cerainya seberapa besar ya? u will think twice",neutral
4426,"dunia sudah hampir perang dunia hidup kok masih halu parah, mbak..mbak.. mending urusin keluarga.. harta yang paling berharga adalah keluarga.. mbok dah biarkan saja orang mau cari bahagianya sendiri. gosah diganggu2..",neutral
466,"pagi pagi udah emosi baca au kesel, gak blh ada yg bikin bian kecewa atau sedih ih",anger
6265,iya aku liat ini di berita sedih banget bapak e nangis,sad
5734,"yang tak suka kesukaan masing-masing,",neutral
11284,"ceweknya baca buku ini nangis, lalu jadi pengen baca buku yang lainnya. aku suka banget dengan gaya bahasanya, padat dan berat, tapi tetap menyenangkan",love
11964,"gue suka banget sama rambut, tapi jujur gue lagi struggle nih gue bikin rambut",love
5191,km semisal tak antem batu gt marah gk?,neutral
5390,aslii tu orgnya aja hampir mau mukul tp kayanya mikir mikir krn itu anak orang takut jadi dia yg salah,neutral
860,"udah gue tebak, dari kemarin gue khawatir mereka bakal turun ya bener aja turun. terus ini gue jual produknya gimana anjirrrrr masa itu liplipan gue pake, bangun tidur gue pake yg mocha, nanti siang gue pake dahlia, sore gue pake sweet, malem mau tidur gue pake romantic",anger
7270,"makasih, semangat juga ya, kita bisa bersama-sama melakukannya",joy
